polymorphic_index,alignment_index,HXB2_index,nonsynonymous,escape,nucleotide,TF,consensus,epitope,f_at_0,f_at_14,f_at_28,f_at_70,f_at_183
0,92,5133,0,False,G,T,T,nan,0.0,0.0,0.0,0.043478,0.0
0,92,5133,0,False,T,T,T,nan,1.0,1.0,1.0,0.95652,1.0
1,97,5138,0,False,A,A,G,nan,1.0,1.0,1.0,0.95652,1.0
1,97,5138,1,False,T,A,G,nan,0.0,0.0,0.0,0.043478,0.0
2,116,5157,1,False,G,T,T,nan,0.0,0.0,0.0,0.043478,0.0
2,116,5157,0,False,T,T,T,nan,1.0,1.0,1.0,0.95652,1.0
3,195,5236,0,False,A,A,A,nan,1.0,1.0,0.9,1.0,1.0
3,195,5236,1,False,G,A,A,nan,0.0,0.0,0.1,0.0,0.0
4,251,5292,0,False,A,A,A,nan,1.0,1.0,1.0,0.95652,1.0
4,251,5292,0,False,G,A,A,nan,0.0,0.0,0.0,0.043478,0.0
5,268,5309,1,False,A,G,G,nan,0.0,0.0,0.0,0.043478,0.27273
5,268,5309,0,False,G,G,G,nan,1.0,1.0,1.0,0.95652,0.72727
6,294,5335,1,False,A,G,G,nan,0.0,0.0,0.0,0.0,0.090909
6,294,5335,0,False,G,G,G,nan,1.0,1.0,1.0,1.0,0.90909
7,336,5377,1,False,A,G,G,nan,0.0,0.0,0.1,0.0,0.0
7,336,5377,0,False,G,G,G,nan,1.0,1.0,0.9,1.0,1.0
8,396,5437,1,False,G,T,T,nan,0.0,0.027027,0.0,0.0,0.0
8,396,5437,0,False,T,T,T,nan,1.0,0.97297,1.0,1.0,1.0
9,419,5460,0,False,C,C,T,nan,1.0,1.0,1.0,0.95652,1.0
9,419,5460,0,False,T,C,T,nan,0.0,0.0,0.0,0.043478,0.0
10,473,5514,0,False,A,G,G,nan,0.0,0.0,0.1,0.0,0.0
10,473,5514,0,False,G,G,G,nan,1.0,1.0,0.9,1.0,1.0
11,517,5558,0,False,G,G,G,nan,1.0,0.97297,1.0,1.0,1.0
11,517,5558,1,False,T,G,G,nan,0.0,0.027027,0.0,0.0,0.0
12,587,5628,0,False,G,G,G,nan,1.0,1.0,0.9,1.0,1.0
12,587,5628,1,False,T,G,G,nan,0.0,0.0,0.1,0.0,0.0
13,608,5649,1,False,A,G,G,nan,0.0,0.0,0.0,0.043478,0.0
13,608,5649,0,False,G,G,G,nan,1.0,1.0,1.0,0.95652,1.0
14,673,5714,0,False,C,C,T,nan,1.0,1.0,1.0,1.0,0.90909
14,673,5714,0,False,T,C,T,nan,0.0,0.0,0.0,0.0,0.090909
15,712,5753,0,False,A,A,A,nan,1.0,1.0,1.0,1.0,0.45455
15,712,5753,0,False,G,A,A,nan,0.0,0.0,0.0,0.0,0.54545
16,752,5793,0,False,C,C,T,nan,1.0,1.0,1.0,0.86957,0.72727
16,752,5793,1,False,T,C,T,nan,0.0,0.0,0.0,0.13043,0.27273
17,755,5796,0,False,C,C,C,nan,1.0,1.0,1.0,0.95652,1.0
17,755,5796,1,False,T,C,C,nan,0.0,0.0,0.0,0.043478,0.0
18,768,5809,1,False,A,G,T,nan,0.0,0.0,0.0,0.0,0.18182
18,768,5809,0,False,G,G,T,nan,1.0,1.0,1.0,1.0,0.81818
19,778,5819,0,False,A,G,G,nan,0.0,0.0,0.0,0.043478,0.0
19,778,5819,0,False,G,G,G,nan,1.0,1.0,1.0,0.95652,1.0
20,780,5821,0,False,A,A,A,nan,1.0,1.0,1.0,0.95652,1.0
20,780,5821,1,False,G,A,A,nan,0.0,0.0,0.0,0.043478,0.0
21,784,5825,0,False,C,C,C,nan,1.0,1.0,1.0,0.91304,1.0
21,784,5825,0,False,T,C,C,nan,0.0,0.0,0.0,0.086957,0.0
22,797,5838,0,False,C,C,C,nan,1.0,1.0,1.0,0.91304,1.0
22,797,5838,2,False,T,C,C,nan,0.0,0.0,0.0,0.086957,0.0
23,874,5915,0,False,A,A,C,NCYCKMCSY,1.0,1.0,1.0,0.95652,0.0
23,874,5915,1,True,C,A,C,NCYCKMCSY,0.0,0.0,0.0,0.043478,1.0
24,875,5916,1,True,G,T,A,NCYCKMCSY,0.0,0.32432,0.7,1.0,1.0
24,875,5916,0,False,T,T,A,NCYCKMCSY,1.0,0.67568,0.3,0.0,0.0
25,876,5917,0,False,G,G,C,NCYCKMCSY,1.0,0.59459,0.3,0.0,0.0
25,876,5917,1,True,T,G,C,NCYCKMCSY,0.0,0.40541,0.7,1.0,1.0
26,903,5944,0,False,C,C,T,nan,1.0,1.0,1.0,0.82609,1.0
26,903,5944,0,False,T,C,T,nan,0.0,0.0,0.0,0.17391,0.0
27,956,5997,2,False,A,G,G,nan,0.0,0.0,0.0,0.043478,0.0
27,956,5997,0,False,G,G,G,nan,1.0,1.0,1.0,0.95652,1.0
28,960,6001,0,False,C,C,C,nan,1.0,1.0,1.0,1.0,0.90909
28,960,6001,1,False,T,C,C,nan,0.0,0.0,0.0,0.0,0.090909
29,1085,6107,0,False,C,C,C,nan,1.0,1.0,1.0,1.0,0.90909
29,1085,6107,0,False,T,C,C,nan,0.0,0.0,0.0,0.0,0.090909
30,1134,6156,1,False,A,G,A,nan,0.0,0.0,0.0,0.0,0.090909
30,1134,6156,0,False,G,G,A,nan,1.0,1.0,1.0,1.0,0.90909
31,1201,6223,0,False,C,T,C,nan,0.0,0.0,0.0,0.043478,0.0
31,1201,6223,0,False,T,T,C,nan,1.0,1.0,1.0,0.95652,1.0
32,1215,6237,2,False,A,G,G,nan,0.0,0.0,0.0,0.43478,0.0
32,1215,6237,0,False,G,G,G,nan,1.0,1.0,1.0,0.56522,1.0
33,1216,6238,0,False,A,A,G,nan,1.0,1.0,1.0,0.65217,0.0
33,1216,6238,1,False,G,A,G,nan,0.0,0.0,0.0,0.34783,1.0
34,1221,6239d,0,False,C,C,C,nan,1.0,1.0,0.9,1.0,1.0
34,1221,6239d,2,False,T,C,C,nan,0.0,0.0,0.1,0.0,0.0
35,1222,6239e,1,False,A,G,T,nan,0.0,0.0,0.0,0.043478,0.0
35,1222,6239e,0,False,G,G,T,nan,1.0,1.0,1.0,0.95652,1.0
36,1234,6247,1,False,C,T,A,nan,0.0,0.0,0.0,0.086957,0.0
36,1234,6247,0,False,T,T,A,nan,1.0,1.0,1.0,0.91304,1.0
37,1236,6249,0,False,C,C,C,nan,1.0,1.0,1.0,0.95652,1.0
37,1236,6249,2,False,T,C,C,nan,0.0,0.0,0.0,0.043478,0.0
38,1292,6305,2,False,A,G,T,nan,0.0,0.0,0.0,0.0,0.090909
38,1292,6305,0,False,G,G,T,nan,1.0,1.0,1.0,1.0,0.90909
39,1296,6309,0,False,A,A,A,nan,1.0,1.0,1.0,0.95652,1.0
39,1296,6309,2,False,C,A,A,nan,0.0,0.0,0.0,0.043478,0.0
40,1298,6311,1,False,G,T,T,nan,0.0,0.0,0.0,0.043478,0.0
40,1298,6311,0,False,T,T,T,nan,1.0,1.0,1.0,0.95652,1.0
41,1334,6347,0,False,A,G,G,nan,0.0,0.027027,0.0,0.0,0.0
41,1334,6347,0,False,G,G,G,nan,1.0,0.97297,1.0,1.0,1.0
42,1440,6453,0,False,A,A,A,nan,1.0,1.0,1.0,1.0,0.81818
42,1440,6453,1,False,G,A,A,nan,0.0,0.0,0.0,0.0,0.18182
43,1500,6513,0,False,A,A,A,nan,1.0,1.0,1.0,0.95652,1.0
43,1500,6513,1,False,G,A,A,nan,0.0,0.0,0.0,0.043478,0.0
44,1502,6515,0,False,A,A,A,nan,1.0,0.97297,1.0,1.0,1.0
44,1502,6515,0,False,G,A,A,nan,0.0,0.027027,0.0,0.0,0.0
45,1603,6616,0,False,G,G,G,nan,1.0,0.97297,1.0,1.0,1.0
45,1603,6616,1,False,T,G,G,nan,0.0,0.027027,0.0,0.0,0.0
46,1625,6638,0,False,C,T,T,nan,0.0,0.0,0.0,0.043478,0.0
46,1625,6638,0,False,T,T,T,nan,1.0,1.0,1.0,0.95652,1.0
47,1627,6640,1,False,A,C,A,nan,0.0,0.027027,0.0,0.0,0.0
47,1627,6640,0,False,C,C,A,nan,1.0,0.97297,1.0,1.0,1.0
48,1650,6663,0,False,A,A,A,nan,1.0,0.97297,1.0,1.0,1.0
48,1650,6663,1,False,G,A,A,nan,0.0,0.027027,0.0,0.0,0.0
49,1735,6748,1,False,C,T,T,nan,0.0,0.0,0.0,0.043478,0.0
49,1735,6748,0,False,T,T,T,nan,1.0,1.0,1.0,0.95652,1.0
50,1807,6805,1,False,G,T,T,nan,0.0,0.0,0.0,0.0,0.090909
50,1807,6805,0,False,T,T,T,nan,1.0,1.0,1.0,1.0,0.90909
51,1860,6858,1,True,-,C,C,SFDPIPIHY,0.0,0.027027,0.0,0.0,0.0
51,1860,6858,0,False,C,C,C,SFDPIPIHY,1.0,0.97297,1.0,1.0,1.0
52,1861,6859,1,True,-,C,C,SFDPIPIHY,0.0,0.027027,0.0,0.0,0.0
52,1861,6859,0,False,C,C,C,SFDPIPIHY,1.0,0.97297,1.0,1.0,1.0
53,1862,6860,1,True,-,A,A,SFDPIPIHY,0.0,0.027027,0.0,0.0,0.0
53,1862,6860,0,False,A,A,A,SFDPIPIHY,1.0,0.97297,1.0,1.0,1.0
54,1863,6861,1,True,-,A,A,SFDPIPIHY,0.0,0.027027,0.0,0.0,0.0
54,1863,6861,0,False,A,A,A,SFDPIPIHY,1.0,0.97297,1.0,1.0,1.0
55,1864,6862,1,True,-,T,T,SFDPIPIHY,0.0,0.027027,0.0,0.0,0.0
55,1864,6862,0,False,T,T,T,SFDPIPIHY,1.0,0.97297,1.0,1.0,1.0
56,1865,6863,1,True,-,T,T,SFDPIPIHY,0.0,0.027027,0.0,0.0,0.0
56,1865,6863,0,False,T,T,T,SFDPIPIHY,1.0,0.97297,1.0,1.0,1.0
57,1936,6934,1,False,A,G,G,nan,0.0,0.0,0.0,0.043478,0.0
57,1936,6934,0,False,G,G,G,nan,1.0,1.0,1.0,0.95652,1.0
58,1976,6974,0,False,A,A,A,nan,1.0,1.0,1.0,1.0,0.72727
58,1976,6974,0,False,G,A,A,nan,0.0,0.0,0.0,0.0,0.27273
59,2006,7004,0,False,A,A,G,nan,1.0,0.97297,1.0,0.95652,1.0
59,2006,7004,0,False,C,A,G,nan,0.0,0.027027,0.0,0.043478,0.0
60,2165,7163,0,False,A,A,A,nan,1.0,1.0,1.0,1.0,0.90909
60,2165,7163,0,False,G,A,A,nan,0.0,0.0,0.0,0.0,0.090909
61,2177,7175,0,False,C,C,C,nan,1.0,1.0,1.0,0.95652,1.0
61,2177,7175,0,False,T,C,C,nan,0.0,0.0,0.0,0.043478,0.0
62,2244,7239,0,False,A,A,A,nan,1.0,1.0,1.0,1.0,0.36364
62,2244,7239,1,False,G,A,A,nan,0.0,0.0,0.0,0.0,0.63636
63,2250,7245,0,False,A,A,A,nan,1.0,1.0,1.0,1.0,0.90909
63,2250,7245,1,False,G,A,A,nan,0.0,0.0,0.0,0.0,0.090909
64,2319,7314,1,False,C,T,T,nan,0.0,0.0,0.0,0.043478,0.0
64,2319,7314,0,False,T,T,T,nan,1.0,1.0,1.0,0.95652,1.0
65,2347,7342,1,False,A,C,C,nan,0.0,0.0,0.0,0.043478,0.0
65,2347,7342,0,False,C,C,C,nan,1.0,1.0,1.0,0.95652,1.0
66,2367,7362,1,False,A,G,G,nan,0.0,0.0,0.0,0.043478,0.0
66,2367,7362,0,False,G,G,G,nan,1.0,1.0,1.0,0.95652,1.0
67,2370,7365,1,False,A,G,G,nan,0.0,0.0,0.1,0.0,0.0
67,2370,7365,0,False,G,G,G,nan,1.0,1.0,0.9,1.0,1.0
68,2392,7387,0,False,A,A,C,nan,1.0,1.0,1.0,0.91304,1.0
68,2392,7387,1,False,G,A,C,nan,0.0,0.0,0.0,0.086957,0.0
69,2408,7403,0,False,C,T,T,nan,0.0,0.0,0.0,0.0,0.090909
69,2408,7403,0,False,T,T,T,nan,1.0,1.0,1.0,1.0,0.90909
70,2415,7410,0,False,A,A,A,nan,1.0,0.97297,1.0,1.0,1.0
70,2415,7410,1,False,T,A,A,nan,0.0,0.027027,0.0,0.0,0.0
71,2416,7411,0,False,A,A,A,nan,1.0,0.97297,1.0,1.0,1.0
71,2416,7411,1,False,G,A,A,nan,0.0,0.027027,0.0,0.0,0.0
72,2417,7412,1,False,G,T,A,nan,0.0,0.027027,0.0,0.0,0.0
72,2417,7412,0,False,T,T,A,nan,1.0,0.97297,1.0,1.0,1.0
73,2418,7413,0,False,A,A,A,nan,1.0,0.97297,1.0,1.0,1.0
73,2418,7413,1,False,C,A,A,nan,0.0,0.027027,0.0,0.0,0.0
74,2419,7414,1,False,C,G,T,nan,0.0,0.027027,0.0,0.0,0.0
74,2419,7414,0,False,G,G,T,nan,1.0,0.97297,1.0,1.0,1.0
75,2420,7415,0,False,C,T,A,nan,0.0,0.027027,0.0,0.0,0.0
75,2420,7415,0,False,T,T,A,nan,1.0,0.97297,1.0,1.0,1.0
76,2422,7417,0,False,C,C,T,nan,1.0,0.97297,1.0,1.0,1.0
76,2422,7417,1,False,G,C,T,nan,0.0,0.027027,0.0,0.0,0.0
77,2423,7418,0,False,A,A,-,nan,1.0,0.97297,1.0,1.0,1.0
77,2423,7418,0,False,G,A,-,nan,0.0,0.027027,0.0,0.0,0.0
78,2424,7419,1,False,-,T,-,nan,0.0,0.027027,0.0,0.0,0.0
78,2424,7419,0,False,T,T,-,nan,1.0,0.97297,1.0,1.0,1.0
79,2425,7420,1,False,-,A,-,nan,0.0,0.027027,0.0,0.0,0.0
79,2425,7420,0,False,A,A,-,nan,1.0,0.97297,1.0,1.0,1.0
80,2426,7421,1,False,-,C,-,nan,0.0,0.027027,0.0,0.0,0.0
80,2426,7421,0,False,C,C,-,nan,1.0,0.97297,1.0,1.0,1.0
81,2427,7422,1,False,-,T,-,nan,0.0,0.027027,0.0,0.0,0.0
81,2427,7422,0,False,T,T,-,nan,1.0,0.97297,1.0,1.0,1.0
82,2428,7423,1,False,-,G,-,nan,0.0,0.027027,0.0,0.0,0.0
82,2428,7423,0,False,G,G,-,nan,1.0,0.97297,1.0,1.0,1.0
83,2429,7424,1,False,-,G,-,nan,0.0,0.027027,0.0,0.0,0.0
83,2429,7424,0,False,G,G,-,nan,1.0,0.97297,1.0,1.0,1.0
84,2436,7431,1,False,-,C,-,nan,0.0,0.027027,0.0,0.0,0.0
84,2436,7431,0,False,C,C,-,nan,1.0,0.97297,1.0,1.0,1.0
85,2437,7432,1,False,-,C,-,nan,0.0,0.027027,0.0,0.0,0.0
85,2437,7432,0,False,C,C,-,nan,1.0,0.97297,1.0,1.0,1.0
86,2438,7433,1,False,-,C,-,nan,0.0,0.027027,0.0,0.0,0.0
86,2438,7433,0,False,C,C,-,nan,1.0,0.97297,1.0,1.0,1.0
87,2439,7434,1,False,-,A,-,nan,0.0,0.027027,0.0,0.0,0.0
87,2439,7434,0,False,A,A,-,nan,1.0,0.97297,1.0,1.0,1.0
88,2440,7435,1,False,-,G,-,nan,0.0,0.027027,0.0,0.0,0.0
88,2440,7435,0,False,G,G,-,nan,1.0,0.97297,1.0,1.0,1.0
89,2441,7436,1,False,-,G,-,nan,0.0,0.027027,0.0,0.0,0.0
89,2441,7436,0,False,G,G,-,nan,1.0,0.97297,1.0,1.0,1.0
90,2442,7437,1,False,G,T,-,nan,0.0,0.0,0.0,0.0,0.27273
90,2442,7437,0,False,T,T,-,nan,1.0,1.0,1.0,1.0,0.72727
91,2448,7443,1,False,A,G,A,nan,0.0,0.0,0.0,0.043478,0.0
91,2448,7443,0,False,G,G,A,nan,1.0,1.0,1.0,0.95652,1.0
92,2478,7473,1,False,C,T,C,nan,0.0,0.0,0.0,0.0,0.090909
92,2478,7473,0,False,T,T,C,nan,1.0,1.0,1.0,1.0,0.90909
93,2553,7548,1,False,-,A,A,nan,0.0,0.027027,0.0,0.0,0.0
93,2553,7548,0,False,A,A,A,nan,1.0,0.97297,1.0,1.0,1.0
94,2554,7549,1,False,-,A,A,nan,0.0,0.027027,0.0,0.0,0.0
94,2554,7549,0,False,A,A,A,nan,1.0,0.97297,1.0,1.0,1.0
95,2555,7550,1,False,-,C,C,nan,0.0,0.027027,0.0,0.0,0.0
95,2555,7550,0,False,C,C,C,nan,1.0,0.91892,1.0,1.0,1.0
95,2555,7550,0,False,T,C,C,nan,0.0,0.054054,0.0,0.0,0.0
96,2556,7551,1,False,-,A,A,nan,0.0,0.027027,0.0,0.0,0.0
96,2556,7551,0,False,A,A,A,nan,1.0,0.97297,1.0,1.0,1.0
97,2557,7552,1,False,-,T,T,nan,0.0,0.027027,0.0,0.0,0.0
97,2557,7552,0,False,T,T,T,nan,1.0,0.97297,1.0,1.0,1.0
98,2558,7553,1,False,-,A,A,nan,0.0,0.027027,0.0,0.0,0.0
98,2558,7553,0,False,A,A,A,nan,1.0,0.97297,1.0,1.0,1.0
99,2559,7554,1,False,-,A,A,nan,0.0,0.027027,0.0,0.0,0.0
99,2559,7554,0,False,A,A,A,nan,1.0,0.97297,1.0,1.0,1.0
100,2560,7555,1,False,-,C,C,nan,0.0,0.027027,0.0,0.0,0.0
100,2560,7555,0,False,C,C,C,nan,1.0,0.97297,1.0,1.0,1.0
101,2561,7556,1,False,-,A,A,nan,0.0,0.027027,0.0,0.0,0.0
101,2561,7556,0,False,A,A,A,nan,1.0,0.97297,1.0,1.0,1.0
102,2562,7557,1,False,-,T,T,nan,0.0,0.027027,0.0,0.0,0.0
102,2562,7557,0,False,T,T,T,nan,1.0,0.97297,1.0,1.0,1.0
103,2563,7558,1,False,-,G,G,nan,0.0,0.027027,0.0,0.0,0.0
103,2563,7558,0,False,G,G,G,nan,1.0,0.97297,1.0,1.0,1.0
104,2564,7559,1,False,-,T,T,nan,0.0,0.027027,0.0,0.0,0.0
104,2564,7559,0,False,T,T,T,nan,1.0,0.97297,1.0,1.0,1.0
105,2565,7560,1,False,-,A,A,nan,0.0,0.027027,0.0,0.0,0.0
105,2565,7560,0,False,A,A,A,nan,1.0,0.97297,1.0,1.0,1.0
106,2566,7561,1,False,-,A,A,nan,0.0,0.027027,0.0,0.0,0.0
106,2566,7561,0,False,A,A,A,nan,1.0,0.97297,1.0,1.0,1.0
107,2567,7562,1,False,-,A,A,nan,0.0,0.027027,0.0,0.0,0.0
107,2567,7562,0,False,A,A,A,nan,1.0,0.97297,1.0,1.0,1.0
108,2568,7563,1,False,-,T,T,nan,0.0,0.027027,0.0,0.0,0.0
108,2568,7563,0,False,T,T,T,nan,1.0,0.97297,1.0,1.0,1.0
109,2569,7564,1,False,-,C,C,nan,0.0,0.027027,0.0,0.0,0.0
109,2569,7564,1,False,A,C,C,nan,0.0,0.0,0.1,0.0,0.0
109,2569,7564,0,False,C,C,C,nan,1.0,0.97297,0.9,1.0,1.0
110,2570,7565,1,False,-,A,A,nan,0.0,0.027027,0.0,0.0,0.0
110,2570,7565,0,False,A,A,A,nan,1.0,0.97297,1.0,1.0,1.0
111,2571,7566,1,False,-,A,A,nan,0.0,0.027027,0.0,0.0,0.0
111,2571,7566,0,False,A,A,A,nan,1.0,0.97297,1.0,1.0,1.0
112,2572,7567,1,False,-,A,A,nan,0.0,0.027027,0.0,0.0,0.0
112,2572,7567,0,False,A,A,A,nan,1.0,0.97297,1.0,1.0,1.0
113,2573,7568,1,False,-,C,T,nan,0.0,0.027027,0.0,0.0,0.0
113,2573,7568,0,False,C,C,T,nan,1.0,0.97297,1.0,1.0,1.0
114,2574,7569,1,False,-,A,A,nan,0.0,0.027027,0.0,0.0,0.0
114,2574,7569,0,False,A,A,A,nan,1.0,0.97297,1.0,1.0,1.0
115,2575,7570,1,False,-,T,T,nan,0.0,0.027027,0.0,0.0,0.0
115,2575,7570,0,False,T,T,T,nan,1.0,0.97297,1.0,1.0,1.0
116,2576,7571,1,False,-,C,C,nan,0.0,0.027027,0.0,0.0,0.0
116,2576,7571,0,False,C,C,C,nan,1.0,0.97297,1.0,1.0,1.0
117,2577,7572,1,False,-,A,A,nan,0.0,0.027027,0.0,0.0,0.0
117,2577,7572,0,False,A,A,A,nan,1.0,0.97297,1.0,1.0,1.0
118,2578,7573,1,False,-,C,C,nan,0.0,0.027027,0.0,0.0,0.0
118,2578,7573,0,False,C,C,C,nan,1.0,0.97297,1.0,1.0,1.0
119,2579,7574,1,False,-,A,A,nan,0.0,0.027027,0.0,0.0,0.0
119,2579,7574,0,False,A,A,A,nan,1.0,0.97297,1.0,1.0,1.0
120,2580,7575,1,False,-,G,G,nan,0.0,0.027027,0.0,0.0,0.0
120,2580,7575,0,False,G,G,G,nan,1.0,0.97297,1.0,1.0,1.0
121,2581,7576,1,False,-,G,G,nan,0.0,0.027027,0.0,0.0,0.0
121,2581,7576,0,False,G,G,G,nan,1.0,0.97297,1.0,1.0,1.0
122,2582,7577,1,False,-,A,A,nan,0.0,0.027027,0.0,0.0,0.0
122,2582,7577,0,False,A,A,A,nan,1.0,0.97297,1.0,1.0,1.0
123,2583,7578,1,False,-,C,C,nan,0.0,0.027027,0.0,0.0,0.0
123,2583,7578,0,False,C,C,C,nan,1.0,0.97297,1.0,1.0,1.0
124,2584,7579,1,False,-,T,T,nan,0.0,0.027027,0.0,0.0,0.0
124,2584,7579,0,False,T,T,T,nan,1.0,0.97297,1.0,1.0,1.0
125,2585,7580,1,False,-,A,A,nan,0.0,0.027027,0.0,0.0,0.0
125,2585,7580,0,False,A,A,A,nan,1.0,0.97297,1.0,1.0,1.0
126,2586,7581,1,False,-,C,C,nan,0.0,0.027027,0.0,0.0,0.0
126,2586,7581,0,False,C,C,C,nan,1.0,0.97297,1.0,1.0,1.0
127,2587,7582,1,False,-,T,T,nan,0.0,0.027027,0.0,0.0,0.0
127,2587,7582,0,False,T,T,T,nan,1.0,0.97297,1.0,1.0,1.0
128,2588,7583,1,False,-,A,A,nan,0.0,0.027027,0.0,0.0,0.0
128,2588,7583,0,False,A,A,A,nan,1.0,0.97297,1.0,1.0,1.0
129,2589,7584,1,False,-,T,T,nan,0.0,0.027027,0.0,0.0,0.0
129,2589,7584,0,False,T,T,T,nan,1.0,0.97297,1.0,1.0,1.0
130,2590,7585,1,False,-,T,T,nan,0.0,0.027027,0.0,0.0,0.0
130,2590,7585,0,False,T,T,T,nan,1.0,0.97297,1.0,1.0,1.0
131,2591,7586,1,False,-,G,G,nan,0.0,0.027027,0.0,0.0,0.0
131,2591,7586,0,False,G,G,G,nan,1.0,0.97297,1.0,1.0,1.0
132,2592,7587,1,False,-,G,A,nan,0.0,0.027027,0.0,0.0,0.0
132,2592,7587,0,False,G,G,A,nan,1.0,0.97297,1.0,1.0,1.0
133,2593,7588,1,False,-,T,C,nan,0.0,0.027027,0.0,0.0,0.0
133,2593,7588,0,False,T,T,C,nan,1.0,0.97297,1.0,1.0,1.0
134,2594,7589,1,False,-,A,A,nan,0.0,0.027027,0.0,0.0,0.0
134,2594,7589,0,False,A,A,A,nan,1.0,0.97297,1.0,1.0,1.0
135,2595,7590,1,False,-,C,C,nan,0.0,0.027027,0.0,0.0,0.0
135,2595,7590,0,False,C,C,C,nan,1.0,0.97297,1.0,1.0,1.0
136,2596,7591,1,False,-,G,G,nan,0.0,0.027027,0.0,0.0,0.0
136,2596,7591,0,False,G,G,G,nan,1.0,0.97297,1.0,1.0,1.0
137,2597,7592,1,False,-,T,T,nan,0.0,0.027027,0.0,0.0,0.0
137,2597,7592,0,False,T,T,T,nan,1.0,0.97297,1.0,1.0,1.0
138,2598,7593,1,False,-,G,G,nan,0.0,0.027027,0.0,0.0,0.0
138,2598,7593,0,False,G,G,G,nan,1.0,0.97297,1.0,1.0,1.0
139,2599,7594,1,False,-,A,A,nan,0.0,0.027027,0.0,0.0,0.0
139,2599,7594,0,False,A,A,A,nan,1.0,0.97297,1.0,1.0,1.0
140,2600,7595,1,False,-,T,T,nan,0.0,0.027027,0.0,0.0,0.0
140,2600,7595,0,False,T,T,T,nan,1.0,0.97297,1.0,1.0,1.0
141,2601,7596,1,False,-,G,G,nan,0.0,0.027027,0.0,0.0,0.0
141,2601,7596,0,False,G,G,G,nan,1.0,0.97297,1.0,1.0,1.0
142,2602,7597,1,False,-,G,G,nan,0.0,0.027027,0.0,0.0,0.0
142,2602,7597,0,False,G,G,G,nan,1.0,0.97297,1.0,1.0,1.0
143,2603,7598,1,False,-,A,A,nan,0.0,0.027027,0.0,0.0,0.0
143,2603,7598,0,False,A,A,A,nan,1.0,0.97297,1.0,1.0,1.0
144,2604,7599,1,False,-,G,G,nan,0.0,0.027027,0.0,0.0,0.0
144,2604,7599,0,False,G,G,G,nan,1.0,0.97297,1.0,1.0,1.0
145,2605,7600,1,False,-,G,G,nan,0.0,0.027027,0.0,0.0,0.0
145,2605,7600,0,False,G,G,G,nan,1.0,0.97297,1.0,1.0,1.0
146,2606,7601,1,False,-,T,A,nan,0.0,0.027027,0.0,0.0,0.0
146,2606,7601,0,False,T,T,A,nan,1.0,0.97297,1.0,1.0,1.0
147,2607,7602,1,False,-,A,A,nan,0.0,0.027027,0.0,0.0,0.0
147,2607,7602,0,False,A,A,A,nan,1.0,0.97297,1.0,1.0,1.0
148,2608,7603,1,False,-,T,A,nan,0.0,0.027027,0.0,0.0,0.0
148,2608,7603,0,False,T,T,A,nan,1.0,0.97297,1.0,1.0,1.0
149,2609,7604,1,False,-,C,A,nan,0.0,0.027027,0.0,0.0,0.0
149,2609,7604,0,False,C,C,A,nan,1.0,0.97297,1.0,1.0,1.0
150,2610,7605,1,False,-,A,A,nan,0.0,0.027027,0.0,0.0,0.0
150,2610,7605,0,False,A,A,A,nan,1.0,0.97297,1.0,1.0,1.0
151,2611,7606,1,False,-,C,A,nan,0.0,0.027027,0.0,0.0,0.0
151,2611,7606,0,False,C,C,A,nan,1.0,0.97297,1.0,1.0,1.0
152,2612,7607,1,False,-,A,A,nan,0.0,0.027027,0.0,0.0,0.0
152,2612,7607,0,False,A,A,A,nan,1.0,0.97297,1.0,1.0,1.0
153,2613,7608,1,False,-,A,A,nan,0.0,0.027027,0.0,0.0,0.0
153,2613,7608,0,False,A,A,A,nan,1.0,0.97297,1.0,1.0,1.0
154,2614,7609,1,False,-,A,A,nan,0.0,0.027027,0.0,0.0,0.0
154,2614,7609,0,False,A,A,A,nan,1.0,0.97297,1.0,1.0,1.0
155,2615,7610,1,False,-,T,T,nan,0.0,0.027027,0.0,0.0,0.0
155,2615,7610,0,False,T,T,T,nan,1.0,0.97297,1.0,1.0,1.0
156,2616,7611,1,False,-,A,A,nan,0.0,0.027027,0.0,0.0,0.0
156,2616,7611,0,False,A,A,A,nan,1.0,0.97297,1.0,1.0,1.0
157,2617,7612,1,False,-,A,A,nan,0.0,0.027027,0.0,0.0,0.0
157,2617,7612,0,False,A,A,A,nan,1.0,0.97297,1.0,1.0,1.0
158,2618,7613,1,False,-,C,T,nan,0.0,0.027027,0.0,0.0,0.0
158,2618,7613,0,False,C,C,T,nan,1.0,0.97297,1.0,1.0,1.0
159,2619,7614,1,False,-,A,G,nan,0.0,0.027027,0.0,0.0,0.0
159,2619,7614,0,False,A,A,G,nan,1.0,0.97297,1.0,1.0,1.0
160,2620,7615,1,False,-,A,A,nan,0.0,0.027027,0.0,0.0,0.0
160,2620,7615,0,False,A,A,A,nan,1.0,0.97297,1.0,1.0,1.0
161,2621,7616,1,False,-,C,C,nan,0.0,0.027027,0.0,0.0,0.0
161,2621,7616,0,False,C,C,C,nan,1.0,0.97297,1.0,1.0,1.0
162,2622,7617,1,False,-,A,A,nan,0.0,0.027027,0.0,0.0,0.0
162,2622,7617,0,False,A,A,A,nan,1.0,0.97297,1.0,1.0,1.0
163,2623,7618,1,False,-,C,C,nan,0.0,0.027027,0.0,0.0,0.0
163,2623,7618,0,False,C,C,C,nan,1.0,0.97297,1.0,1.0,1.0
164,2624,7619,1,False,-,A,A,nan,0.0,0.027027,0.0,0.0,0.0
164,2624,7619,0,False,A,A,A,nan,1.0,0.97297,1.0,1.0,1.0
165,2625,7620,1,False,-,G,G,nan,0.0,0.027027,0.0,0.0,0.0
165,2625,7620,0,False,G,G,G,nan,1.0,0.97297,1.0,1.0,1.0
166,2626,7621,1,False,-,A,A,nan,0.0,0.027027,0.0,0.0,0.0
166,2626,7621,0,False,A,A,A,nan,1.0,0.97297,1.0,1.0,1.0
167,2627,7622,1,False,-,G,G,nan,0.0,0.027027,0.0,0.0,0.0
167,2627,7622,0,False,G,G,G,nan,1.0,0.97297,1.0,1.0,1.0
168,2628,7623,1,False,-,A,A,nan,0.0,0.027027,0.0,0.0,0.0
168,2628,7623,0,False,A,A,A,nan,1.0,0.97297,1.0,1.0,1.0
169,2629,7624,1,False,-,C,T,nan,0.0,0.027027,0.0,0.0,0.0
169,2629,7624,0,False,C,C,T,nan,1.0,0.97297,1.0,1.0,1.0
170,2630,7625,1,False,-,A,A,nan,0.0,0.027027,0.0,0.0,0.0
170,2630,7625,0,False,A,A,A,nan,1.0,0.97297,1.0,1.0,1.0
171,2631,7626,1,False,-,T,T,nan,0.0,0.027027,0.0,0.0,0.0
171,2631,7626,0,False,T,T,T,nan,1.0,0.97297,1.0,1.0,1.0
172,2632,7627,1,False,-,T,T,nan,0.0,0.027027,0.0,0.0,0.0
172,2632,7627,0,False,T,T,T,nan,1.0,0.97297,1.0,1.0,1.0
173,2633,7628,1,False,-,C,C,nan,0.0,0.027027,0.0,0.0,0.0
173,2633,7628,0,False,C,C,C,nan,1.0,0.97297,1.0,0.91304,1.0
173,2633,7628,0,False,T,C,C,nan,0.0,0.0,0.0,0.086957,0.0
174,2634,7629,1,False,-,A,A,nan,0.0,0.027027,0.0,0.0,0.0
174,2634,7629,0,False,A,A,A,nan,1.0,0.97297,1.0,1.0,1.0
175,2635,7630,1,False,-,G,G,nan,0.0,0.027027,0.0,0.0,0.0
175,2635,7630,0,False,G,G,G,nan,1.0,0.97297,1.0,1.0,1.0
176,2636,7631,1,False,-,A,A,nan,0.0,0.027027,0.0,0.0,0.0
176,2636,7631,0,False,A,A,A,nan,1.0,0.97297,1.0,1.0,1.0
177,2637,7632,1,False,-,C,C,nan,0.0,0.027027,0.0,0.0,0.0
177,2637,7632,0,False,C,C,C,nan,1.0,0.97297,1.0,1.0,1.0
178,2638,7633,1,False,-,C,C,nan,0.0,0.027027,0.0,0.0,0.0
178,2638,7633,0,False,C,C,C,nan,1.0,0.97297,1.0,1.0,1.0
179,2639,7634,1,False,-,T,T,nan,0.0,0.027027,0.0,0.0,0.0
179,2639,7634,0,False,T,T,T,nan,1.0,0.97297,1.0,1.0,1.0
180,2640,7635,1,False,-,G,G,nan,0.0,0.027027,0.0,0.0,0.0
180,2640,7635,0,False,G,G,G,nan,1.0,0.97297,1.0,1.0,1.0
181,2641,7636,1,False,-,G,G,nan,0.0,0.027027,0.0,0.0,0.0
181,2641,7636,0,False,G,G,G,nan,1.0,0.97297,1.0,1.0,1.0
182,2642,7637,1,False,-,A,A,nan,0.0,0.027027,0.0,0.0,0.0
182,2642,7637,0,False,A,A,A,nan,1.0,0.97297,1.0,1.0,1.0
183,2643,7638,1,False,-,G,G,nan,0.0,0.027027,0.0,0.0,0.0
183,2643,7638,0,False,G,G,G,nan,1.0,0.97297,1.0,1.0,1.0
184,2644,7639,1,False,-,G,G,nan,0.0,0.027027,0.0,0.0,0.0
184,2644,7639,0,False,G,G,G,nan,1.0,0.97297,1.0,1.0,1.0
185,2645,7640,1,False,-,A,A,nan,0.0,0.027027,0.0,0.0,0.0
185,2645,7640,0,False,A,A,A,nan,1.0,0.97297,1.0,1.0,1.0
186,2646,7641,1,False,-,G,G,nan,0.0,0.027027,0.0,0.0,0.0
186,2646,7641,0,False,G,G,G,nan,1.0,0.97297,1.0,1.0,1.0
187,2647,7642,1,False,-,G,G,nan,0.0,0.027027,0.0,0.0,0.0
187,2647,7642,0,False,G,G,G,nan,1.0,0.97297,1.0,1.0,1.0
188,2648,7643,1,False,-,A,A,nan,0.0,0.027027,0.0,0.0,0.0
188,2648,7643,0,False,A,A,A,nan,1.0,0.97297,1.0,1.0,1.0
189,2649,7644,1,False,-,G,G,nan,0.0,0.027027,0.0,0.0,0.0
189,2649,7644,0,False,G,G,G,nan,1.0,0.97297,1.0,1.0,1.0
190,2650,7645,1,False,-,A,A,nan,0.0,0.027027,0.0,0.043478,0.0
190,2650,7645,0,False,A,A,A,nan,1.0,0.97297,1.0,0.95652,1.0
191,2651,7646,1,False,-,T,T,nan,0.0,0.027027,0.0,0.043478,0.0
191,2651,7646,0,False,T,T,T,nan,1.0,0.97297,1.0,0.95652,1.0
192,2652,7647,1,False,-,A,A,nan,0.0,0.027027,0.0,0.0,0.0
192,2652,7647,0,False,A,A,A,nan,1.0,0.97297,1.0,1.0,1.0
193,2653,7648,1,False,-,T,T,nan,0.0,0.027027,0.0,0.0,0.0
193,2653,7648,0,False,T,T,T,nan,1.0,0.97297,1.0,1.0,1.0
194,2654,7649,1,False,-,G,G,nan,0.0,0.027027,0.0,0.0,0.0
194,2654,7649,0,False,G,G,G,nan,1.0,0.97297,1.0,1.0,1.0
195,2655,7650,1,False,-,A,A,nan,0.0,0.027027,0.0,0.0,0.0
195,2655,7650,0,False,A,A,A,nan,1.0,0.97297,1.0,1.0,1.0
196,2656,7651,1,False,-,G,G,nan,0.0,0.027027,0.0,0.0,0.0
196,2656,7651,0,False,G,G,G,nan,1.0,0.97297,1.0,1.0,1.0
197,2657,7652,1,False,-,G,G,nan,0.0,0.027027,0.0,0.0,0.0
197,2657,7652,0,False,G,G,G,nan,1.0,0.97297,1.0,1.0,1.0
198,2658,7653,1,False,-,G,G,nan,0.0,0.027027,0.0,0.0,0.0
198,2658,7653,0,False,G,G,G,nan,1.0,0.97297,1.0,1.0,1.0
199,2659,7654,1,False,-,A,A,nan,0.0,0.027027,0.0,0.0,0.0
199,2659,7654,0,False,A,A,A,nan,1.0,0.97297,1.0,1.0,1.0
200,2660,7655,1,False,-,C,C,nan,0.0,0.027027,0.0,0.0,0.0
200,2660,7655,0,False,C,C,C,nan,1.0,0.97297,1.0,1.0,1.0
201,2661,7656,1,False,-,A,A,nan,0.0,0.027027,0.0,0.0,0.0
201,2661,7656,0,False,A,A,A,nan,1.0,0.97297,1.0,1.0,1.0
202,2662,7657,1,False,-,A,A,nan,0.0,0.027027,0.0,0.0,0.0
202,2662,7657,0,False,A,A,A,nan,1.0,0.97297,1.0,1.0,1.0
203,2663,7658,1,False,-,T,T,nan,0.0,0.027027,0.0,0.0,0.0
203,2663,7658,0,False,T,T,T,nan,1.0,0.97297,1.0,1.0,1.0
204,2664,7659,1,False,-,T,T,nan,0.0,0.027027,0.0,0.0,0.0
204,2664,7659,0,False,T,T,T,nan,1.0,0.97297,1.0,1.0,1.0
205,2665,7660,1,False,-,G,G,nan,0.0,0.027027,0.0,0.0,0.0
205,2665,7660,0,False,G,G,G,nan,1.0,0.97297,1.0,1.0,1.0
206,2666,7661,1,False,-,G,G,nan,0.0,0.027027,0.0,0.0,0.0
206,2666,7661,0,False,G,G,G,nan,1.0,0.97297,1.0,1.0,1.0
207,2667,7662,1,False,-,A,A,nan,0.0,0.027027,0.0,0.0,0.0
207,2667,7662,0,False,A,A,A,nan,1.0,0.97297,1.0,1.0,1.0
208,2668,7663,1,False,-,G,G,nan,0.0,0.027027,0.0,0.0,0.0
208,2668,7663,0,False,G,G,G,nan,1.0,0.97297,1.0,1.0,1.0
209,2669,7664,1,False,-,A,A,nan,0.0,0.027027,0.0,0.0,0.0
209,2669,7664,0,False,A,A,A,nan,1.0,0.97297,1.0,1.0,1.0
210,2670,7665,1,False,-,A,A,nan,0.0,0.027027,0.0,0.0,0.0
210,2670,7665,0,False,A,A,A,nan,1.0,0.97297,1.0,1.0,1.0
211,2671,7666,1,False,-,G,G,nan,0.0,0.027027,0.0,0.0,0.0
211,2671,7666,0,False,G,G,G,nan,1.0,0.97297,1.0,1.0,1.0
212,2672,7667,1,False,-,C,T,nan,0.0,0.027027,0.0,0.0,0.0
212,2672,7667,0,False,C,C,T,nan,1.0,0.97297,1.0,1.0,1.0
213,2673,7668,1,False,-,G,G,nan,0.0,0.027027,0.0,0.0,0.0
213,2673,7668,0,False,G,G,G,nan,1.0,0.97297,1.0,1.0,1.0
214,2674,7669,1,False,-,A,A,nan,0.0,0.027027,0.0,0.0,0.0
214,2674,7669,0,False,A,A,A,nan,1.0,0.97297,1.0,1.0,1.0
215,2675,7670,1,False,-,A,A,nan,0.0,0.027027,0.0,0.0,0.0
215,2675,7670,0,False,A,A,A,nan,1.0,0.97297,1.0,1.0,1.0
216,2676,7671,1,False,-,T,T,nan,0.0,0.027027,0.0,0.0,0.0
216,2676,7671,0,False,T,T,T,nan,1.0,0.97297,1.0,1.0,1.0
217,2677,7672,1,False,-,T,T,nan,0.0,0.027027,0.0,0.0,0.0
217,2677,7672,0,False,T,T,T,nan,1.0,0.97297,1.0,1.0,1.0
218,2678,7673,1,False,-,A,A,nan,0.0,0.027027,0.0,0.0,0.0
218,2678,7673,0,False,A,A,A,nan,1.0,0.97297,1.0,1.0,1.0
219,2679,7674,1,False,-,T,T,nan,0.0,0.027027,0.0,0.0,0.0
219,2679,7674,0,False,T,T,T,nan,1.0,0.97297,1.0,1.0,1.0
220,2680,7675,1,False,-,A,A,nan,0.0,0.027027,0.0,0.0,0.0
220,2680,7675,0,False,A,A,A,nan,1.0,0.97297,1.0,1.0,1.0
221,2681,7676,1,False,-,T,T,nan,0.0,0.027027,0.0,0.0,0.0
221,2681,7676,0,False,T,T,T,nan,1.0,0.97297,1.0,1.0,1.0
222,2682,7677,1,False,-,A,A,nan,0.0,0.027027,0.0,0.0,0.0
222,2682,7677,0,False,A,A,A,nan,1.0,0.97297,1.0,1.0,1.0
223,2683,7678,1,False,-,A,A,nan,0.0,0.027027,0.0,0.0,0.0
223,2683,7678,0,False,A,A,A,nan,1.0,0.97297,1.0,1.0,1.0
224,2684,7679,1,False,-,A,A,nan,0.0,0.027027,0.0,0.0,0.0
224,2684,7679,0,False,A,A,A,nan,1.0,0.97297,1.0,1.0,1.0
225,2685,7680,1,False,-,T,T,nan,0.0,0.027027,0.0,0.0,0.0
225,2685,7680,0,False,T,T,T,nan,1.0,0.97297,1.0,1.0,1.0
226,2686,7681,1,False,-,A,A,nan,0.0,0.027027,0.0,0.0,0.0
226,2686,7681,0,False,A,A,A,nan,1.0,0.97297,1.0,1.0,1.0
227,2687,7682,1,False,-,T,T,nan,0.0,0.027027,0.0,0.0,0.0
227,2687,7682,0,False,T,T,T,nan,1.0,0.97297,1.0,1.0,1.0
228,2688,7683,1,False,-,A,A,nan,0.0,0.027027,0.0,0.0,0.0
228,2688,7683,0,False,A,A,A,nan,1.0,0.97297,1.0,1.0,1.0
229,2689,7684,1,False,-,A,A,nan,0.0,0.027027,0.0,0.0,0.0
229,2689,7684,0,False,A,A,A,nan,1.0,0.97297,1.0,1.0,1.0
230,2690,7685,1,False,-,A,A,nan,0.0,0.027027,0.0,0.0,0.0
230,2690,7685,0,False,A,A,A,nan,1.0,0.97297,1.0,0.95652,1.0
230,2690,7685,0,False,G,A,A,nan,0.0,0.0,0.0,0.043478,0.0
231,2691,7686,1,False,-,G,G,nan,0.0,0.027027,0.0,0.0,0.0
231,2691,7686,1,False,A,G,G,nan,0.0,0.0,0.1,0.0,0.0
231,2691,7686,0,False,G,G,G,nan,1.0,0.97297,0.9,1.0,1.0
232,2692,7687,1,False,-,T,T,nan,0.0,0.027027,0.0,0.0,0.0
232,2692,7687,0,False,T,T,T,nan,1.0,0.97297,1.0,1.0,1.0
233,2693,7688,1,False,-,G,G,nan,0.0,0.027027,0.0,0.0,0.0
233,2693,7688,0,False,G,G,G,nan,1.0,0.97297,1.0,1.0,1.0
234,2694,7689,1,False,-,G,G,nan,0.0,0.027027,0.0,0.0,0.0
234,2694,7689,0,False,G,G,G,nan,1.0,0.97297,1.0,1.0,1.0
235,2695,7690,1,False,-,T,T,nan,0.0,0.027027,0.0,0.0,0.0
235,2695,7690,0,False,T,T,T,nan,1.0,0.97297,1.0,1.0,1.0
236,2696,7691,1,False,-,A,A,nan,0.0,0.027027,0.0,0.0,0.0
236,2696,7691,0,False,A,A,A,nan,1.0,0.97297,1.0,1.0,1.0
237,2697,7692,0,False,-,G,G,nan,0.0,0.027027,0.0,0.0,0.0
237,2697,7692,0,False,G,G,G,nan,1.0,0.97297,1.0,1.0,1.0
238,2698,7693,0,False,-,A,A,nan,0.0,0.027027,0.0,0.0,0.0
238,2698,7693,0,False,A,A,A,nan,1.0,0.97297,1.0,1.0,1.0
239,2752,7747,1,False,A,G,G,nan,0.0,0.0,0.1,0.0,0.0
239,2752,7747,0,False,G,G,G,nan,1.0,1.0,0.9,1.0,1.0
240,2775,7770,0,False,G,G,G,nan,1.0,1.0,1.0,0.95652,1.0
240,2775,7770,1,False,T,G,G,nan,0.0,0.0,0.0,0.043478,0.0
241,2780,7775,0,False,C,T,T,nan,0.0,0.0,0.0,0.0,0.090909
241,2780,7775,0,False,T,T,T,nan,1.0,1.0,1.0,1.0,0.90909
242,2781,7776,0,False,A,A,G,nan,1.0,0.97297,1.0,1.0,1.0
242,2781,7776,1,False,G,A,G,nan,0.0,0.027027,0.0,0.0,0.0
243,2913,7908,0,False,C,C,C,nan,1.0,0.97297,1.0,1.0,1.0
243,2913,7908,1,False,T,C,C,nan,0.0,0.027027,0.0,0.0,0.0
244,2921,7916,0,False,C,T,T,nan,0.0,0.0,0.0,0.0,0.090909
244,2921,7916,0,False,T,T,T,nan,1.0,1.0,1.0,1.0,0.90909
245,2946,7941,0,False,A,A,A,nan,1.0,1.0,1.0,1.0,0.90909
245,2946,7941,1,False,G,A,A,nan,0.0,0.0,0.0,0.0,0.090909
246,3103,8098,0,False,A,A,A,nan,1.0,1.0,0.9,1.0,1.0
246,3103,8098,1,False,G,A,A,nan,0.0,0.0,0.1,0.0,0.0
247,3125,8120,0,False,C,T,T,nan,0.0,0.0,0.0,0.0,0.090909
247,3125,8120,0,False,T,T,T,nan,1.0,1.0,1.0,1.0,0.90909
248,3168,8163,1,False,A,G,G,nan,0.0,0.0,0.0,0.043478,0.0
248,3168,8163,0,False,G,G,G,nan,1.0,1.0,1.0,0.95652,1.0
249,3181,8176,1,False,A,C,A,nan,0.0,0.0,0.1,0.0,0.0
249,3181,8176,0,False,C,C,A,nan,1.0,1.0,0.9,1.0,1.0
250,3228,8223,1,False,-,A,A,nan,0.0,0.0,0.0,0.0,0.090909
250,3228,8223,0,False,A,A,A,nan,1.0,1.0,1.0,1.0,0.90909
251,3399,8393a,2,False,-,C,-,nan,0.0,0.0,0.0,0.043478,0.36364
251,3399,8393a,0,False,C,C,-,nan,1.0,1.0,1.0,0.95652,0.63636
252,3400,8393b,1,False,-,C,-,nan,0.0,0.0,0.0,0.043478,0.36364
252,3400,8393b,0,False,C,C,-,nan,1.0,1.0,1.0,0.95652,0.63636
253,3401,8393c,2,False,-,G,-,nan,0.0,0.0,0.0,0.043478,0.36364
253,3401,8393c,0,False,G,G,-,nan,1.0,1.0,1.0,0.95652,0.63636
254,3402,8394,0,False,A,A,C,nan,1.0,1.0,1.0,0.95652,0.63636
254,3402,8394,1,False,C,A,C,nan,0.0,0.0,0.0,0.043478,0.36364
255,3406,8398,3,False,C,G,G,nan,0.0,0.0,0.0,0.043478,0.0
255,3406,8398,0,False,G,G,G,nan,1.0,1.0,1.0,0.95652,1.0
256,3493,8485,0,False,C,C,C,nan,1.0,0.97297,1.0,1.0,1.0
256,3493,8485,1,False,T,C,C,nan,0.0,0.027027,0.0,0.0,0.0
257,3700,8671,0,False,A,A,A,nan,1.0,0.97297,1.0,1.0,1.0
257,3700,8671,1,False,T,A,A,nan,0.0,0.027027,0.0,0.0,0.0
258,3744,8715,1,False,A,G,G,nan,0.0,0.0,0.1,0.043478,0.0
258,3744,8715,0,False,G,G,G,nan,1.0,1.0,0.9,0.95652,1.0
259,3754,8725,1,False,A,G,A,nan,0.0,0.0,0.0,0.043478,0.0
259,3754,8725,0,False,G,G,A,nan,1.0,1.0,1.0,0.95652,1.0
260,3807,8778,1,False,A,G,G,nan,0.0,0.0,0.1,0.0,0.0
260,3807,8778,0,False,G,G,G,nan,1.0,1.0,0.9,1.0,1.0
261,3952,8917,1,False,A,G,G,nan,0.0,0.027027,0.0,0.0,0.0
261,3952,8917,0,False,G,G,G,nan,1.0,0.97297,1.0,1.0,1.0
262,3964,8929,0,False,A,A,A,nan,1.0,1.0,1.0,0.95652,1.0
262,3964,8929,1,False,C,A,A,nan,0.0,0.0,0.0,0.043478,0.0
263,3971,8936,0,False,A,A,A,nan,1.0,1.0,1.0,0.95652,1.0
263,3971,8936,1,False,C,A,A,nan,0.0,0.0,0.0,0.043478,0.0
264,4023,8988,0,False,A,A,A,EEVGFPVRPQV,1.0,1.0,1.0,0.95652,1.0
264,4023,8988,1,True,C,A,A,EEVGFPVRPQV,0.0,0.0,0.0,0.043478,0.0
265,4024,8988a,1,True,A,G,G,EEVGFPVRPQV,0.0,0.0,0.0,0.3913,0.0
265,4024,8988a,0,False,G,G,G,EEVGFPVRPQV,1.0,1.0,1.0,0.6087,1.0
266,4025,8988b,0,False,A,A,A,EEVGFPVRPQV,1.0,1.0,1.0,0.86957,0.72727
266,4025,8988b,1,True,G,A,A,EEVGFPVRPQV,0.0,0.0,0.0,0.13043,0.27273
267,4028,8990,0,False,A,A,A,EEVGFPVRPQV,1.0,1.0,1.0,0.6087,0.27273
267,4028,8990,1,True,G,A,A,EEVGFPVRPQV,0.0,0.0,0.0,0.3913,0.72727
268,4029,8991,0,False,A,A,A,EEVGFPVRPQV,1.0,1.0,1.0,0.95652,1.0
268,4029,8991,1,True,C,A,A,EEVGFPVRPQV,0.0,0.0,0.0,0.043478,0.0
269,4148,9110,0,False,A,A,A,KRQDILDLWVY,1.0,1.0,1.0,1.0,0.81818
269,4148,9110,1,True,G,A,A,KRQDILDLWVY,0.0,0.0,0.0,0.0,0.18182
270,4231,9193,1,False,A,G,G,nan,0.0,0.0,0.0,0.0,0.090909
270,4231,9193,0,False,G,G,G,nan,1.0,1.0,1.0,1.0,0.90909
271,4276,9238,1,False,A,G,G,nan,0.0,0.0,0.0,0.043478,0.0
271,4276,9238,0,False,G,G,G,nan,1.0,1.0,1.0,0.95652,1.0
272,4487,9449,0,False,G,G,G,nan,1.0,0.97297,1.0,1.0,1.0
272,4487,9449,0,False,T,G,G,nan,0.0,0.027027,0.0,0.0,0.0
273,4622,9572,0,False,A,G,G,nan,0.0,0.0,0.1,0.0,0.0
273,4622,9572,0,False,G,G,G,nan,1.0,1.0,0.9,1.0,1.0
274,4640,9590,0,False,-,G,G,nan,0.0,0.0,0.0,0.0,0.090909
274,4640,9590,0,False,G,G,G,nan,1.0,1.0,1.0,1.0,0.90909
