polymorphic_index,HXB2_index,nucleotide,TF,consensus,epitope,escape,sc_old,sc_MPL,tc_MPL,f_at_0,f_at_16,f_at_45,f_at_111,f_at_181,f_at_283,f_at_412,f_at_552,xp_at_0,xp_at_16,xp_at_45,xp_at_111,xp_at_181,xp_at_283,xp_at_412,xp_at_552
18,5404,G,A,A,AIRKAILGR,True,0.004770134,-0.011518242,0.03112762,0.0,0.0,0.0,0.0,0.0,0.81818,0.75,0.41667,0.000000,0.000000,0.000000,0.111111,0.714286,0.818182,0.750000,0.416667
19,5405,C,A,A,AIRKAILGR,True,0.006987744,0.0052775159999999,0.03112762,0.0,0.0,0.0,0.0,0.57143,0.0,0.0,0.0,0.000000,0.000000,0.000000,0.111111,0.714286,0.818182,0.750000,0.416667
20,5410,C,A,A,AIRKAILGR,True,0.017052364,0.0118063719999999,0.03112762,0.0,0.0,0.0,0.11111,0.0,0.0,0.0,0.16667,0.000000,0.000000,0.000000,0.111111,0.714286,0.818182,0.750000,0.416667
21,5413,G,T,T,AIRKAILGR,True,0.003381512,0.003587898,0.03112762,0.0,0.0,0.0,0.0,0.14286,0.0,0.0,0.0,0.000000,0.000000,0.000000,0.111111,0.714286,0.818182,0.750000,0.416667
245,8480,T,C,C,ERILSTYLE,True,0.013417214,0.0013277215,0.07287188,0.0,0.0,0.0,0.11111,0.14286,0.090909,0.083333,0.0,0.000000,0.000000,0.000000,0.111111,0.142857,1.000000,1.000000,1.000000
246,8484,A,G,G,ERILSTYLE,True,0.02666418,0.012155254,0.07287188,0.0,0.0,0.0,0.0,0.0,0.90909,0.91667,1.0,0.000000,0.000000,0.000000,0.111111,0.142857,1.000000,1.000000,1.000000
257,8745,T,C,C,RACRAILHI,True,0.007936567,4.117239999999999e-05,-0.005193522,0.0,0.0,0.0,0.11111,0.0,0.0,0.083333,0.0,0.000000,0.000000,0.000000,0.111111,0.000000,0.090909,0.166667,0.000000
258,8746,G,T,T,RACRAILHI,True,-0.008150628,-0.006966757,-0.005193522,0.0,0.0,0.0,0.0,0.0,0.0,0.16667,0.0,0.000000,0.000000,0.000000,0.111111,0.000000,0.090909,0.166667,0.000000
259,8752,C,T,T,RACRAILHI,True,0.010259642,0.008556854,-0.005193522,0.0,0.0,0.0,0.0,0.0,0.090909,0.0,0.0,0.000000,0.000000,0.000000,0.111111,0.000000,0.090909,0.166667,0.000000
286,9359,A,G,G,SSLAFRHVAR,True,0.010891753,0.007799162,-0.009547088,0.0,0.0,0.14286,0.11111,0.0,0.72727,0.41667,0.25,0.750000,0.444444,0.928571,1.000000,1.000000,1.000000,1.000000,1.000000
287,9360,A,C,C,SSLAFRHVAR,True,-0.000909773,0.001747626,-0.009547088,0.0,0.11111,0.0,0.0,0.0,0.0,0.0,0.0,0.750000,0.444444,0.928571,1.000000,1.000000,1.000000,1.000000,1.000000
287,9360,G,C,C,SSLAFRHVAR,True,-0.017598274,-0.01570578,-0.009547088,0.125,0.0,0.0,0.0,0.0,0.0,0.0,0.0,0.750000,0.444444,0.928571,1.000000,1.000000,1.000000,1.000000,1.000000
288,9371,A,G,A,SSLAFRHVAR,True,-0.002503501,0.003057823,-0.009547088,0.25,0.33333,0.0,0.44444,0.0,0.0,0.0,0.0,0.750000,0.444444,0.928571,1.000000,1.000000,1.000000,1.000000,1.000000
290,9377,A,T,T,SSLAFRHVAR,True,-0.019153545,-0.018346233,-0.009547088,0.125,0.0,0.0,0.0,0.0,0.0,0.0,0.0,0.750000,0.444444,0.928571,1.000000,1.000000,1.000000,1.000000,1.000000
291,9383,A,G,G,SSLAFRHVAR,True,-0.0014801775,-0.002435359,-0.009547088,0.25,0.0,0.78571,0.44444,1.0,0.27273,0.58333,0.75,0.750000,0.444444,0.928571,1.000000,1.000000,1.000000,1.000000,1.000000
