polymorphic_index,alignment,HXB2_index,nucleotide,TF,consensus,epitope,escape,sc_old,sc_MPL,tc_MPL,f_at_0,f_at_14,f_at_32,f_at_102,f_at_159
0,20,5061,A,G,G,nan,False,0.004136,0.003495,nan,0.0,0.0,0.0,0.0,0.090909
0,20,5061,G,G,G,nan,False,0.000000,0.000000,nan,1.0,1.0,1.0,1.0,0.90909
1,22,5063,C,T,T,nan,False,0.003059,-0.001216,nan,0.0,0.0,0.0,0.2,0.0
1,22,5063,T,T,T,nan,False,0.000000,0.000000,nan,1.0,1.0,1.0,0.8,1.0
2,68,5109,C,T,T,nan,False,0.002526,0.001082,nan,0.0,0.0,0.0,0.0,0.090909
2,68,5109,T,T,T,nan,False,0.000000,0.000000,nan,1.0,1.0,1.0,1.0,0.90909
3,185,5223,A,G,T,nan,False,0.006939,0.002065,nan,0.0,0.0,0.083333,0.0,0.0
3,185,5223,G,G,T,nan,False,0.000000,0.000000,nan,1.0,1.0,0.91667,1.0,1.0
4,188,5226,C,T,T,nan,False,0.001010,0.000932,nan,0.0,0.0,0.0,0.0,0.090909
4,188,5226,T,T,T,nan,False,0.000000,0.000000,nan,1.0,1.0,1.0,1.0,0.90909
5,235,5273,A,A,A,nan,False,0.000000,0.000000,nan,1.0,1.0,0.91667,1.0,1.0
5,235,5273,G,A,A,nan,False,0.007051,0.001188,nan,0.0,0.0,0.083333,0.0,0.0
6,272,5310,A,G,G,nan,False,0.002298,-0.001861,nan,0.0,0.0,0.0,0.2,0.18182
6,272,5310,G,G,G,nan,False,0.000000,0.000000,nan,1.0,1.0,1.0,0.8,0.81818
7,287,5325,C,T,C,nan,False,0.001010,0.000932,nan,0.0,0.0,0.0,0.0,0.090909
7,287,5325,T,T,C,nan,False,0.000000,0.000000,nan,1.0,1.0,1.0,1.0,0.90909
8,314,5352,C,C,C,nan,False,0.000000,0.000000,nan,1.0,1.0,1.0,1.0,0.90909
8,314,5352,T,C,C,nan,False,0.003139,0.000721,nan,0.0,0.0,0.0,0.0,0.090909
9,401,5439,C,T,T,nan,False,0.003652,-0.003692,nan,0.0,0.0,0.083333,0.0,0.0
9,401,5439,T,T,T,nan,False,0.000000,0.000000,nan,1.0,1.0,0.91667,1.0,1.0
10,405,5443,C,T,T,nan,False,0.001566,0.001341,nan,0.0,0.0,0.0,0.0,0.090909
10,405,5443,T,T,T,nan,False,0.000000,0.000000,nan,1.0,1.0,1.0,1.0,0.90909
11,421,5459,A,A,A,nan,False,0.000000,0.000000,nan,1.0,1.0,1.0,1.0,0.90909
11,421,5459,G,A,A,nan,False,0.001205,0.001127,nan,0.0,0.0,0.0,0.0,0.090909
12,463,5501,C,T,T,nan,False,0.002526,0.001082,nan,0.0,0.0,0.0,0.0,0.090909
12,463,5501,T,T,T,nan,False,0.000000,0.000000,nan,1.0,1.0,1.0,1.0,0.90909
13,539,5577,C,G,G,nan,False,0.001468,-0.000919,nan,0.0,0.0,0.0,0.0,0.090909
13,539,5577,G,G,G,nan,False,0.000000,0.000000,nan,1.0,1.0,1.0,1.0,0.90909
14,560,5598,A,C,C,nan,False,0.005244,-0.003495,nan,0.0,0.0,0.083333,0.0,0.0
14,560,5598,C,C,C,nan,False,0.000000,0.000000,nan,1.0,1.0,0.83333,1.0,1.0
14,560,5598,T,C,C,nan,False,0.011206,-0.000729,nan,0.0,0.0,0.083333,0.0,0.0
15,582,5620,A,A,A,nan,False,0.000000,0.000000,nan,1.0,1.0,1.0,1.0,0.90909
15,582,5620,G,A,A,nan,False,0.001990,0.004185,nan,0.0,0.0,0.0,0.0,0.090909
16,696,5734,A,C,C,nan,False,0.005001,0.000195,nan,0.0,0.0,0.0,0.0,0.18182
16,696,5734,C,C,C,nan,False,0.000000,0.000000,nan,1.0,1.0,1.0,1.0,0.81818
17,702,5740,C,C,T,nan,False,0.000000,0.000000,nan,1.0,1.0,1.0,0.8,1.0
17,702,5740,T,C,T,nan,False,-0.006096,-0.005506,nan,0.0,0.0,0.0,0.2,0.0
18,708,5746,A,T,T,nan,False,0.006591,0.005645,nan,0.0,0.0,0.0,0.0,0.090909
18,708,5746,C,T,T,nan,False,0.010079,0.004895,nan,0.0,0.0,0.0,0.2,0.0
18,708,5746,T,T,T,nan,False,0.000000,0.000000,nan,1.0,1.0,1.0,0.8,0.90909
19,709,5747,G,T,T,nan,False,0.018189,0.012098,nan,0.0,0.0,0.0,0.0,0.63636
19,709,5747,T,T,T,nan,False,0.000000,0.000000,nan,1.0,1.0,1.0,1.0,0.36364
20,715,5753,A,A,A,nan,False,0.000000,0.000000,nan,1.0,1.0,1.0,1.0,0.90909
20,715,5753,C,A,A,nan,False,-0.001025,0.001578,nan,0.0,0.0,0.0,0.0,0.090909
21,721,5759,A,G,G,nan,False,-0.001427,0.001175,nan,0.0,0.0,0.0,0.0,0.090909
21,721,5759,G,G,G,nan,False,0.000000,0.000000,nan,1.0,1.0,1.0,1.0,0.90909
22,784,5822,A,G,G,nan,False,-0.006179,-0.005589,nan,0.0,0.0,0.0,0.2,0.0
22,784,5822,G,G,G,nan,False,0.000000,0.000000,nan,1.0,1.0,1.0,0.8,1.0
23,843,5881,A,G,G,nan,False,-0.000848,-0.004542,nan,0.0,0.0,0.083333,0.0,0.0
23,843,5881,G,G,G,nan,False,0.000000,0.000000,nan,1.0,1.0,0.91667,1.0,1.0
24,877,5915,A,A,A,nan,False,0.000000,0.000000,nan,1.0,1.0,1.0,1.0,0.81818
24,877,5915,C,A,A,nan,False,0.007015,0.005187,nan,0.0,0.0,0.0,0.0,0.18182
25,887,5925,A,T,T,nan,False,0.012024,0.008344,nan,0.0,0.0,0.0,0.2,0.81818
25,887,5925,T,T,T,nan,False,0.000000,0.000000,nan,1.0,1.0,1.0,0.8,0.18182
26,912,5950,-,A,A,nan,False,0.006922,-0.006636,nan,0.0,0.0,0.083333,0.0,0.0
26,912,5950,A,A,A,nan,False,0.000000,0.000000,nan,1.0,1.0,0.91667,1.0,1.0
27,935,5973,A,G,G,nan,False,-0.000848,-0.004542,nan,0.0,0.0,0.083333,0.0,0.0
27,935,5973,G,G,G,nan,False,0.000000,0.000000,nan,1.0,1.0,0.91667,1.0,1.0
28,962,6000,A,G,G,DLLKTVRLI,True,0.008997,-0.001754,0.07535578,0.0,0.066667,0.0,0.0,0.0
28,962,6000,G,G,G,DLLKTVRLI,False,0.000000,0.000000,nan,1.0,0.93333,1.0,1.0,1.0
29,964,6002,C,C,G,DLLKTVRLI,False,0.000000,0.000000,nan,1.0,0.86667,0.83333,1.0,1.0
29,964,6002,T,C,G,DLLKTVRLI,False,0.021154,0.027560,nan,0.0,0.13333,0.16667,0.0,0.0
30,973,6011,A,G,G,DLLKTVRLI,False,0.018981,0.035583,nan,0.0,0.066667,0.0,0.0,0.0
30,973,6011,G,G,G,DLLKTVRLI,False,0.000000,0.000000,nan,1.0,0.93333,1.0,1.0,1.0
31,974,6012,A,A,A,DLLKTVRLI,False,0.000000,0.000000,nan,1.0,0.93333,1.0,1.0,1.0
31,974,6012,G,A,A,DLLKTVRLI,True,0.003956,0.000047,0.07535578,0.0,0.066667,0.0,0.0,0.0
32,975,6013,C,C,C,DLLKTVRLI,False,0.000000,0.000000,nan,1.0,1.0,0.91667,1.0,1.0
32,975,6013,T,C,C,DLLKTVRLI,True,-0.000772,-0.004466,0.07535578,0.0,0.0,0.083333,0.0,0.0
33,979,6017,A,A,C,DLLKTVRLI,False,0.000000,0.000000,nan,1.0,1.0,0.91667,1.0,1.0
33,979,6017,G,A,C,DLLKTVRLI,False,0.009702,0.016854,nan,0.0,0.0,0.083333,0.0,0.0
34,980,6018,A,A,A,DLLKTVRLI,False,0.000000,0.000000,nan,1.0,1.0,1.0,0.8,1.0
34,980,6018,G,A,A,DLLKTVRLI,True,0.009163,0.002881,0.07535578,0.0,0.0,0.0,0.2,0.0
35,983,6021,A,T,C,DLLKTVRLI,True,0.044420,0.010297,0.07535578,0.0,0.0,0.0,0.2,0.090909
35,983,6021,C,T,C,DLLKTVRLI,False,0.068980,0.014460,0.07535578,0.0,0.66667,0.75,0.6,0.90909
35,983,6021,G,T,C,DLLKTVRLI,True,0.040070,0.007672,0.07535578,0.0,0.0,0.0,0.2,0.0
35,983,6021,T,T,C,DLLKTVRLI,False,0.000000,0.000000,nan,1.0,0.33333,0.25,0.0,0.0
36,1015,6053,A,G,G,nan,False,0.002920,-0.001355,nan,0.0,0.0,0.0,0.2,0.0
36,1015,6053,G,G,G,nan,False,0.000000,0.000000,nan,1.0,1.0,1.0,0.8,1.0
37,1018,6056,C,T,C,nan,False,0.005467,0.001198,nan,0.0,0.0,0.0,0.2,0.0
37,1018,6056,T,T,C,nan,False,0.000000,0.000000,nan,1.0,1.0,1.0,0.8,1.0
38,1020,6058,G,T,T,nan,False,0.003757,-0.003587,nan,0.0,0.0,0.083333,0.0,0.0
38,1020,6058,T,T,T,nan,False,0.000000,0.000000,nan,1.0,1.0,0.91667,1.0,1.0
39,1131,6169,A,A,A,nan,False,0.000000,0.000000,nan,1.0,1.0,1.0,0.8,0.81818
39,1131,6169,G,A,A,nan,False,0.000574,0.002976,nan,0.0,0.0,0.0,0.2,0.18182
40,1134,6172,A,G,A,nan,False,0.000879,0.000801,nan,0.0,0.0,0.0,0.0,0.090909
40,1134,6172,G,G,A,nan,False,0.000000,0.000000,nan,1.0,1.0,1.0,1.0,0.90909
41,1194,6232,C,C,T,nan,False,0.000000,0.000000,nan,1.0,1.0,0.91667,0.8,1.0
41,1194,6232,T,C,T,nan,False,0.003712,-0.003188,nan,0.0,0.0,0.083333,0.2,0.0
42,1197,6235,A,G,A,nan,False,0.003594,0.002584,nan,0.0,0.0,0.0,0.0,0.36364
42,1197,6235,G,G,A,nan,False,0.000000,0.000000,nan,1.0,1.0,1.0,1.0,0.63636
43,1200,6238,A,T,G,nan,False,0.005077,-0.000693,nan,0.0,0.0,0.0,0.4,0.18182
43,1200,6238,T,T,G,nan,False,0.000000,0.000000,nan,1.0,1.0,1.0,0.6,0.81818
44,1202,6239a,A,A,A,nan,False,0.000000,0.000000,nan,1.0,0.93333,1.0,1.0,1.0
44,1202,6239a,G,A,A,nan,False,-0.004775,-0.002755,nan,0.0,0.066667,0.0,0.0,0.0
45,1210,6239i,A,G,G,nan,False,0.008837,0.002555,nan,0.0,0.0,0.0,0.2,0.0
45,1210,6239i,G,G,G,nan,False,0.000000,0.000000,nan,1.0,1.0,1.0,0.8,1.0
46,1215,6244,A,G,A,nan,False,0.007534,0.005461,nan,0.0,0.0,0.0,0.2,0.090909
46,1215,6244,G,G,A,nan,False,0.000000,0.000000,nan,1.0,1.0,1.0,0.8,0.90909
47,1220,6249,C,C,C,nan,False,0.000000,0.000000,nan,1.0,1.0,1.0,1.0,0.90909
47,1220,6249,T,C,C,nan,False,0.001510,0.001285,nan,0.0,0.0,0.0,0.0,0.090909
48,1222,6251,C,C,C,nan,False,0.000000,0.000000,nan,1.0,0.93333,1.0,1.0,1.0
48,1222,6251,T,C,C,nan,False,-0.005822,-0.003447,nan,0.0,0.066667,0.0,0.0,0.0
49,1224,6253,C,T,T,nan,False,0.008852,0.003879,nan,0.0,0.0,0.0,0.0,0.27273
49,1224,6253,T,T,T,nan,False,0.000000,0.000000,nan,1.0,1.0,1.0,1.0,0.72727
50,1269,6298,C,T,T,nan,False,-0.004912,-0.002893,nan,0.0,0.066667,0.0,0.0,0.0
50,1269,6298,T,T,T,nan,False,0.000000,0.000000,nan,1.0,0.93333,1.0,1.0,1.0
51,1318,6347,G,G,G,nan,False,0.000000,0.000000,nan,1.0,1.0,1.0,1.0,0.90909
51,1318,6347,T,G,G,nan,False,0.003899,0.003515,nan,0.0,0.0,0.0,0.0,0.090909
52,1422,6451,C,C,C,nan,False,0.000000,0.000000,nan,1.0,1.0,1.0,1.0,0.90909
52,1422,6451,T,C,C,nan,False,0.001510,0.001285,nan,0.0,0.0,0.0,0.0,0.090909
53,1519,6548,A,A,A,nan,False,0.000000,0.000000,nan,1.0,1.0,1.0,1.0,0.90909
53,1519,6548,T,A,A,nan,False,0.001624,-0.000764,nan,0.0,0.0,0.0,0.0,0.090909
54,1583,6612,A,A,A,nan,False,0.000000,0.000000,nan,1.0,1.0,1.0,0.8,0.54545
54,1583,6612,G,A,A,nan,False,0.009161,0.000024,nan,0.0,0.0,0.0,0.2,0.45455
55,1596,6625,C,C,T,nan,False,0.000000,0.000000,nan,1.0,1.0,1.0,0.8,1.0
55,1596,6625,T,C,T,nan,False,0.001289,-0.005248,nan,0.0,0.0,0.0,0.2,0.0
56,1635,6664,A,G,G,nan,False,0.003009,-0.004050,nan,0.0,0.066667,0.0,0.0,0.090909
56,1635,6664,G,G,G,nan,False,0.000000,0.000000,nan,1.0,0.93333,1.0,1.0,0.90909
57,1639,6668,G,T,G,nan,False,0.009236,-0.001515,nan,0.0,0.066667,0.0,0.0,0.0
57,1639,6668,T,T,G,nan,False,0.000000,0.000000,nan,1.0,0.93333,1.0,1.0,1.0
58,1652,6681,C,G,G,nan,False,0.009249,-0.001503,nan,0.0,0.066667,0.0,0.0,0.0
58,1652,6681,G,G,G,nan,False,0.000000,0.000000,nan,1.0,0.93333,1.0,1.0,1.0
59,1697,6726,A,A,A,nan,False,0.000000,0.000000,nan,1.0,1.0,1.0,0.8,1.0
59,1697,6726,G,A,A,nan,False,0.005654,0.001385,nan,0.0,0.0,0.0,0.2,0.0
60,1751,6780,A,A,A,nan,False,0.000000,0.000000,nan,1.0,1.0,1.0,0.8,1.0
60,1751,6780,G,A,A,nan,False,0.003246,-0.001029,nan,0.0,0.0,0.0,0.2,0.0
61,1754,6782a,-,A,-,nan,False,0.009240,0.006466,nan,0.0,0.0,0.0,0.0,0.45455
61,1754,6782a,A,A,-,nan,False,0.000000,0.000000,nan,1.0,1.0,1.0,1.0,0.45455
61,1754,6782a,G,A,-,nan,False,0.007986,0.006117,nan,0.0,0.0,0.0,0.0,0.090909
62,1755,6782b,-,A,-,nan,False,0.007886,0.005320,nan,0.0,0.0,0.0,0.0,0.45455
62,1755,6782b,A,A,-,nan,False,0.000000,0.000000,nan,1.0,1.0,1.0,1.0,0.45455
62,1755,6782b,C,A,-,nan,False,0.005355,0.003903,nan,0.0,0.0,0.0,0.0,0.090909
63,1756,6782c,-,A,-,nan,False,0.006901,0.004447,nan,0.0,0.0,0.0,0.0,0.45455
63,1756,6782c,A,A,-,nan,False,0.000000,0.000000,nan,1.0,1.0,1.0,1.0,0.54545
64,1757,6782d,-,A,-,nan,False,0.009835,0.005248,nan,0.0,0.0,0.0,0.0,0.45455
64,1757,6782d,A,A,-,nan,False,0.000000,0.000000,nan,1.0,1.0,1.0,0.8,0.54545
64,1757,6782d,G,A,-,nan,False,0.009177,0.003682,nan,0.0,0.0,0.0,0.2,0.0
65,1758,6782e,-,C,-,nan,False,0.012483,0.008641,nan,0.0,0.0,0.0,0.0,0.45455
65,1758,6782e,A,C,-,nan,False,0.014625,0.010621,nan,0.0,0.0,0.0,0.0,0.36364
65,1758,6782e,C,C,-,nan,False,0.000000,0.000000,nan,1.0,1.0,1.0,1.0,0.18182
66,1759,6782f,-,T,-,nan,False,0.006778,0.004325,nan,0.0,0.0,0.0,0.0,0.45455
66,1759,6782f,T,T,-,nan,False,0.000000,0.000000,nan,1.0,1.0,1.0,1.0,0.54545
67,1760,6783,A,A,A,nan,False,0.000000,0.000000,nan,1.0,1.0,1.0,0.8,1.0
67,1760,6783,G,A,A,nan,False,0.001532,-0.005005,nan,0.0,0.0,0.0,0.2,0.0
68,1761,6784,A,A,A,nan,False,0.000000,0.000000,nan,1.0,1.0,1.0,0.8,1.0
68,1761,6784,G,A,A,nan,False,-0.005853,-0.005263,nan,0.0,0.0,0.0,0.2,0.0
69,1764,6787,C,C,A,nan,False,0.000000,0.000000,nan,1.0,1.0,1.0,0.8,1.0
69,1764,6787,T,C,A,nan,False,0.008920,0.002638,nan,0.0,0.0,0.0,0.2,0.0
70,1769,6792,A,A,A,nan,False,0.000000,0.000000,nan,1.0,1.0,1.0,1.0,0.63636
70,1769,6792,G,A,A,nan,False,0.011249,0.008472,nan,0.0,0.0,0.0,0.0,0.36364
71,1891,6914,A,T,T,nan,False,0.018690,0.013515,nan,0.0,0.0,0.0,0.0,0.54545
71,1891,6914,G,T,T,nan,False,0.009131,0.006074,nan,0.0,0.0,0.0,0.0,0.27273
71,1891,6914,T,T,T,nan,False,0.000000,0.000000,nan,1.0,1.0,1.0,1.0,0.18182
72,1895,6918,A,A,A,nan,False,0.000000,0.000000,nan,1.0,1.0,1.0,1.0,0.90909
72,1895,6918,C,A,A,nan,False,0.004082,0.003697,nan,0.0,0.0,0.0,0.0,0.090909
73,1896,6919,A,A,A,nan,False,0.000000,0.000000,nan,1.0,1.0,1.0,1.0,0.90909
73,1896,6919,G,A,A,nan,False,0.002721,0.001277,nan,0.0,0.0,0.0,0.0,0.090909
74,1923,6946,A,A,A,nan,False,0.000000,0.000000,nan,1.0,1.0,1.0,1.0,0.90909
74,1923,6946,G,A,A,nan,False,0.001761,0.001536,nan,0.0,0.0,0.0,0.0,0.090909
75,1969,6992,A,A,A,nan,False,0.000000,0.000000,nan,1.0,1.0,1.0,1.0,0.90909
75,1969,6992,C,A,A,nan,False,-0.000761,-0.003911,nan,0.0,0.0,0.0,0.0,0.090909
76,1984,7007,-,A,A,nan,False,0.004547,0.003906,nan,0.0,0.0,0.0,0.0,0.090909
76,1984,7007,A,A,A,nan,False,0.000000,0.000000,nan,1.0,1.0,1.0,1.0,0.90909
77,2029,7052,C,T,T,nan,False,0.001795,0.003990,nan,0.0,0.0,0.0,0.0,0.090909
77,2029,7052,T,T,T,nan,False,0.000000,0.000000,nan,1.0,1.0,1.0,1.0,0.90909
78,2085,7108,A,A,A,nan,False,0.000000,0.000000,nan,1.0,1.0,1.0,0.8,1.0
78,2085,7108,G,A,A,nan,False,0.003246,-0.001029,nan,0.0,0.0,0.0,0.2,0.0
79,2122,7145,A,A,A,nan,False,0.000000,0.000000,nan,1.0,0.93333,1.0,1.0,1.0
79,2122,7145,C,A,A,nan,False,-0.005549,-0.003174,nan,0.0,0.066667,0.0,0.0,0.0
80,2162,7185,G,T,G,nan,False,0.003092,0.002789,nan,0.0,0.0,0.0,0.0,0.18182
80,2162,7185,T,T,G,nan,False,0.000000,0.000000,nan,1.0,1.0,1.0,1.0,0.81818
81,2197,7217,C,T,T,nan,False,-0.001297,0.001306,nan,0.0,0.0,0.0,0.0,0.090909
81,2197,7217,T,T,T,nan,False,0.000000,0.000000,nan,1.0,1.0,1.0,1.0,0.90909
82,2231,7251,A,A,A,TLSHVVDKL,False,0.000000,0.000000,nan,1.0,1.0,1.0,1.0,0.90909
82,2231,7251,G,A,A,TLSHVVDKL,True,0.004005,0.003621,0.01862972,0.0,0.0,0.0,0.0,0.090909
83,2232,7252,A,G,A,TLSHVVDKL,True,0.004136,0.003495,0.01862972,0.0,0.0,0.0,0.0,0.090909
83,2232,7252,G,G,A,TLSHVVDKL,False,0.000000,0.000000,nan,1.0,1.0,1.0,1.0,0.90909
84,2234,7254,C,C,C,TLSHVVDKL,False,0.000000,0.000000,nan,1.0,1.0,1.0,0.8,1.0
84,2234,7254,T,C,C,TLSHVVDKL,True,0.001289,-0.005248,0.01862972,0.0,0.0,0.0,0.2,0.0
85,2243,7263,A,G,A,TLSHVVDKL,True,0.007211,0.001690,0.01862972,0.0,0.0,0.0,0.0,0.45455
85,2243,7263,G,G,A,TLSHVVDKL,False,0.000000,0.000000,nan,1.0,1.0,1.0,1.0,0.54545
86,2245,7265,C,C,A,TLSHVVDKL,False,0.000000,0.000000,nan,1.0,1.0,1.0,1.0,0.90909
86,2245,7265,T,C,A,TLSHVVDKL,False,0.001739,0.003935,nan,0.0,0.0,0.0,0.0,0.090909
87,2265,7285,A,G,G,QF-RNKTIVF,True,0.091412,0.027815,0.1402816,0.0,0.73333,1.0,1.0,1.0
87,2265,7285,G,G,G,QF-RNKTIVF,False,0.000000,0.000000,nan,1.0,0.26667,0.0,0.0,0.0
88,2266,7286,C,G,G,QF-RNKTIVF,True,0.010018,0.001669,0.1402816,0.0,0.066667,0.0,0.2,0.18182
88,2266,7286,G,G,G,QF-RNKTIVF,False,0.000000,0.000000,nan,1.0,0.93333,1.0,0.8,0.81818
89,2276,7296,A,A,A,QF-RNKTIVF,False,0.000000,0.000000,nan,1.0,0.93333,1.0,1.0,1.0
89,2276,7296,G,A,A,QF-RNKTIVF,True,0.007822,0.001306,0.1402816,0.0,0.066667,0.0,0.0,0.0
90,2315,7335,A,A,A,nan,False,0.000000,0.000000,nan,1.0,1.0,1.0,0.8,1.0
90,2315,7335,G,A,A,nan,False,0.001532,-0.005005,nan,0.0,0.0,0.0,0.2,0.0
91,2387,7407,C,T,T,nan,False,0.001345,-0.005192,nan,0.0,0.0,0.0,0.2,0.0
91,2387,7407,T,T,T,nan,False,0.000000,0.000000,nan,1.0,1.0,1.0,0.8,1.0
92,2390,7410,A,A,T,nan,False,0.000000,0.000000,nan,1.0,1.0,1.0,0.8,1.0
92,2390,7410,T,A,T,nan,False,0.005712,0.001443,nan,0.0,0.0,0.0,0.2,0.0
93,2394,7414,A,G,A,nan,False,0.005328,0.001059,nan,0.0,0.0,0.0,0.2,0.0
93,2394,7414,G,G,A,nan,False,0.000000,0.000000,nan,1.0,1.0,1.0,0.8,1.0
94,2489,7509,A,A,G,nan,False,0.000000,0.000000,nan,1.0,1.0,1.0,0.8,1.0
94,2489,7509,G,A,G,nan,False,0.003246,-0.001029,nan,0.0,0.0,0.0,0.2,0.0
95,2550,7570,C,T,T,nan,False,0.001010,0.000932,nan,0.0,0.0,0.0,0.0,0.090909
95,2550,7570,T,T,T,nan,False,0.000000,0.000000,nan,1.0,1.0,1.0,1.0,0.90909
96,2623,7643,A,G,A,nan,False,0.008837,0.002555,nan,0.0,0.0,0.0,0.2,0.0
96,2623,7643,G,G,A,nan,False,0.000000,0.000000,nan,1.0,1.0,1.0,0.8,1.0
97,2823,7843,A,A,A,nan,False,0.000000,0.000000,nan,1.0,0.93333,1.0,1.0,1.0
97,2823,7843,G,A,A,nan,False,0.002406,0.006584,nan,0.0,0.066667,0.0,0.0,0.0
98,2875,7895,A,G,G,nan,False,0.002395,0.000951,nan,0.0,0.0,0.0,0.0,0.090909
98,2875,7895,G,G,G,nan,False,0.000000,0.000000,nan,1.0,1.0,1.0,1.0,0.90909
99,2951,7971,A,G,G,nan,False,0.005328,0.001059,nan,0.0,0.0,0.0,0.2,0.0
99,2951,7971,G,G,G,nan,False,0.000000,0.000000,nan,1.0,1.0,1.0,0.8,1.0
100,2958,7978,A,G,G,nan,False,0.018277,0.001608,nan,0.0,0.0,0.083333,0.0,0.0
100,2958,7978,G,G,G,nan,False,0.000000,0.000000,nan,1.0,1.0,0.91667,1.0,1.0
101,2990,8010,C,T,T,nan,False,0.005467,0.001198,nan,0.0,0.0,0.0,0.2,0.0
101,2990,8010,T,T,T,nan,False,0.000000,0.000000,nan,1.0,1.0,1.0,0.8,1.0
102,2994,8014,A,G,G,nan,False,0.007496,0.000980,nan,0.0,0.066667,0.0,0.0,0.0
102,2994,8014,G,G,G,nan,False,0.000000,0.000000,nan,1.0,0.93333,1.0,1.0,1.0
103,3092,8112,C,G,G,nan,False,0.009249,-0.001503,nan,0.0,0.066667,0.0,0.0,0.0
103,3092,8112,G,G,G,nan,False,0.000000,0.000000,nan,1.0,0.93333,1.0,1.0,1.0
104,3102,8122,A,A,G,nan,False,0.000000,0.000000,nan,1.0,1.0,0.91667,1.0,1.0
104,3102,8122,G,A,G,nan,False,0.014639,0.010439,nan,0.0,0.0,0.083333,0.0,0.0
105,3157,8177,C,C,C,nan,False,0.000000,0.000000,nan,1.0,1.0,1.0,1.0,0.90909
105,3157,8177,T,C,C,nan,False,0.003425,0.003257,nan,0.0,0.0,0.0,0.0,0.090909
106,3169,8189,C,G,G,nan,False,0.009249,-0.001503,nan,0.0,0.066667,0.0,0.0,0.0
106,3169,8189,G,G,G,nan,False,0.000000,0.000000,nan,1.0,0.93333,1.0,1.0,1.0
107,3204,8224,A,C,C,nan,False,0.002056,0.001693,nan,0.0,0.0,0.083333,0.0,0.0
107,3204,8224,C,C,C,nan,False,0.000000,0.000000,nan,1.0,1.0,0.91667,1.0,1.0
108,3265,8285,A,G,G,nan,False,0.003679,0.003295,nan,0.0,0.0,0.0,0.0,0.090909
108,3265,8285,G,G,G,nan,False,0.000000,0.000000,nan,1.0,1.0,1.0,1.0,0.90909
109,3308,8328,A,C,C,nan,False,-0.006016,-0.005426,nan,0.0,0.0,0.0,0.2,0.0
109,3308,8328,C,C,C,nan,False,0.000000,0.000000,nan,1.0,1.0,1.0,0.8,1.0
110,3313,8333,C,T,T,nan,False,0.014444,0.010245,nan,0.0,0.0,0.083333,0.0,0.0
110,3313,8333,T,T,T,nan,False,0.000000,0.000000,nan,1.0,1.0,0.91667,1.0,1.0
111,3419,8439,A,G,G,nan,False,0.008837,0.002555,nan,0.0,0.0,0.0,0.2,0.0
111,3419,8439,G,G,G,nan,False,0.000000,0.000000,nan,1.0,1.0,1.0,0.8,1.0
112,3440,8460,A,G,G,nan,False,-0.006179,-0.005589,nan,0.0,0.0,0.0,0.2,0.0
112,3440,8460,G,G,G,nan,False,0.000000,0.000000,nan,1.0,1.0,1.0,0.8,1.0
113,3457,8477,A,A,A,nan,False,0.000000,0.000000,nan,1.0,0.93333,1.0,1.0,1.0
113,3457,8477,G,A,A,nan,False,0.003956,0.000047,nan,0.0,0.066667,0.0,0.0,0.0
114,3489,8509,A,A,G,nan,False,0.000000,0.000000,nan,1.0,1.0,1.0,1.0,0.90909
114,3489,8509,G,A,G,nan,False,0.004462,0.003821,nan,0.0,0.0,0.0,0.0,0.090909
115,3582,8602,C,T,T,nan,False,0.002210,0.006387,nan,0.0,0.066667,0.0,0.0,0.0
115,3582,8602,T,T,T,nan,False,0.000000,0.000000,nan,1.0,0.93333,1.0,1.0,1.0
116,3613,8633,A,G,G,nan,False,0.008837,0.002555,nan,0.0,0.0,0.0,0.2,0.0
116,3613,8633,G,G,G,nan,False,0.000000,0.000000,nan,1.0,1.0,1.0,0.8,1.0
117,3629,8649,A,A,A,nan,False,0.000000,0.000000,nan,1.0,1.0,0.83333,0.8,0.90909
117,3629,8649,G,A,A,nan,False,0.007895,0.001793,nan,0.0,0.0,0.16667,0.2,0.090909
118,3655,8675,C,T,C,nan,False,-0.001359,-0.001411,nan,0.0,0.0,0.0,0.2,0.090909
118,3655,8675,T,T,C,nan,False,0.000000,0.000000,nan,1.0,1.0,1.0,0.8,0.90909
119,3659,8679,A,G,G,nan,False,0.003630,-0.000278,nan,0.0,0.066667,0.0,0.0,0.0
119,3659,8679,G,G,G,nan,False,0.000000,0.000000,nan,1.0,0.93333,1.0,1.0,1.0
120,3665,8685,A,G,G,nan,False,0.008550,-0.003017,nan,0.0,0.0,0.0,0.2,0.27273
120,3665,8685,G,G,G,nan,False,0.000000,0.000000,nan,1.0,1.0,1.0,0.8,0.72727
121,3673,8693,C,T,T,nan,False,0.003059,-0.001216,nan,0.0,0.0,0.0,0.2,0.0
121,3673,8693,T,T,T,nan,False,0.000000,0.000000,nan,1.0,1.0,1.0,0.8,1.0
122,3684,8704,A,A,A,DRVIEELQR,False,0.000000,0.000000,nan,1.0,1.0,1.0,0.8,1.0
122,3684,8704,G,A,A,DRVIEELQR,True,0.005654,0.001385,0.06114696,0.0,0.0,0.0,0.2,0.0
123,3689,8709,A,G,G,DRVIEELQR,True,0.000879,0.000801,0.06114696,0.0,0.0,0.0,0.0,0.090909
123,3689,8709,G,G,G,DRVIEELQR,False,0.000000,0.000000,nan,1.0,1.0,1.0,1.0,0.90909
124,3699,8719,A,A,T,DRVIEELQR,False,0.000000,0.000000,nan,1.0,1.0,1.0,0.2,0.36364
124,3699,8719,C,A,T,DRVIEELQR,True,0.017133,0.008055,0.06114696,0.0,0.0,0.0,0.0,0.090909
124,3699,8719,G,A,T,DRVIEELQR,True,0.029914,0.013923,0.06114696,0.0,0.0,0.0,0.8,0.54545
125,3702,8722,C,T,T,DRVIEELQR,True,0.008023,-0.002135,0.06114696,0.0,0.0,0.0,0.2,0.36364
125,3702,8722,T,T,T,DRVIEELQR,False,0.000000,0.000000,nan,1.0,1.0,1.0,0.8,0.63636
126,3776,8796,A,G,G,nan,False,0.003350,0.003182,nan,0.0,0.0,0.0,0.0,0.090909
126,3776,8796,G,G,G,nan,False,0.000000,0.000000,nan,1.0,1.0,1.0,1.0,0.90909
127,3846,8865a,-,G,-,nan,False,0.000233,0.000700,nan,0.0,0.0,0.083333,0.0,0.0
127,3846,8865a,G,G,-,nan,False,0.000000,0.000000,nan,1.0,1.0,0.91667,1.0,1.0
128,3847,8865b,-,G,-,nan,False,0.000233,0.000700,nan,0.0,0.0,0.083333,0.0,0.0
128,3847,8865b,G,G,-,nan,False,0.000000,0.000000,nan,1.0,1.0,0.91667,1.0,1.0
129,3848,8865c,-,G,-,nan,False,0.000233,0.000700,nan,0.0,0.0,0.083333,0.0,0.0
129,3848,8865c,G,G,-,nan,False,0.000000,0.000000,nan,1.0,1.0,0.91667,1.0,1.0
130,3849,8865d,-,G,-,nan,False,0.000233,0.000700,nan,0.0,0.0,0.083333,0.0,0.0
130,3849,8865d,G,G,-,nan,False,0.000000,0.000000,nan,1.0,1.0,0.91667,1.0,1.0
131,3850,8865e,-,C,-,nan,False,0.000242,0.000710,nan,0.0,0.0,0.083333,0.0,0.0
131,3850,8865e,C,C,-,nan,False,0.000000,0.000000,nan,1.0,1.0,0.91667,1.0,1.0
132,3851,8865f,-,A,-,nan,False,0.000396,0.000863,nan,0.0,0.0,0.083333,0.0,0.0
132,3851,8865f,A,A,-,nan,False,0.000000,0.000000,nan,1.0,1.0,0.91667,1.0,1.0
133,3852,8865g,-,A,-,nan,False,0.000396,0.000863,nan,0.0,0.0,0.083333,0.0,0.0
133,3852,8865g,A,A,-,nan,False,0.000000,0.000000,nan,1.0,1.0,0.91667,1.0,1.0
134,3853,8865h,-,G,-,nan,False,0.000943,0.001372,nan,0.0,0.0,0.083333,0.0,0.0
134,3853,8865h,A,G,-,nan,False,0.001149,0.001304,nan,0.0,0.0,0.0,0.0,0.090909
134,3853,8865h,G,G,-,nan,False,0.000000,0.000000,nan,1.0,1.0,0.91667,1.0,0.90909
135,3854,8865i,-,G,-,nan,False,0.000233,0.000700,nan,0.0,0.0,0.083333,0.0,0.0
135,3854,8865i,G,G,-,nan,False,0.000000,0.000000,nan,1.0,1.0,0.91667,1.0,1.0
136,3855,8865j,-,G,-,nan,False,0.000233,0.000700,nan,0.0,0.0,0.083333,0.0,0.0
136,3855,8865j,G,G,-,nan,False,0.000000,0.000000,nan,1.0,1.0,0.91667,1.0,1.0
137,3856,8865k,-,A,-,nan,False,0.000396,0.000863,nan,0.0,0.0,0.083333,0.0,0.0
137,3856,8865k,A,A,-,nan,False,0.000000,0.000000,nan,1.0,1.0,0.91667,1.0,1.0
138,3857,8865l,-,A,-,nan,False,0.000396,0.000863,nan,0.0,0.0,0.083333,0.0,0.0
138,3857,8865l,A,A,-,nan,False,0.000000,0.000000,nan,1.0,1.0,0.91667,1.0,1.0
139,3858,8865m,A,A,-,nan,False,0.000000,0.000000,nan,1.0,1.0,0.91667,1.0,1.0
139,3858,8865m,G,A,-,nan,False,0.000315,0.000783,nan,0.0,0.0,0.083333,0.0,0.0
140,3860,8865o,A,A,-,nan,False,0.000000,0.000000,nan,1.0,1.0,0.91667,1.0,1.0
140,3860,8865o,G,A,-,nan,False,0.000315,0.000783,nan,0.0,0.0,0.083333,0.0,0.0
141,3861,8865p,A,A,-,nan,False,0.000000,0.000000,nan,1.0,1.0,0.91667,1.0,1.0
141,3861,8865p,G,A,-,nan,False,0.000315,0.000783,nan,0.0,0.0,0.083333,0.0,0.0
142,3862,8865q,C,G,-,nan,False,0.000238,0.000705,nan,0.0,0.0,0.083333,0.0,0.0
142,3862,8865q,G,G,-,nan,False,0.000000,0.000000,nan,1.0,1.0,0.91667,1.0,1.0
143,3863,8865r,A,G,-,nan,False,-0.000011,0.000457,nan,0.0,0.0,0.083333,0.0,0.0
143,3863,8865r,G,G,-,nan,False,0.000000,0.000000,nan,1.0,1.0,0.91667,1.0,1.0
144,3864,8865s,A,A,-,nan,False,0.000000,0.000000,nan,1.0,1.0,0.91667,0.8,1.0
144,3864,8865s,G,A,-,nan,False,0.013135,0.003992,nan,0.0,0.0,0.083333,0.2,0.0
145,3865,8865t,A,G,-,nan,False,0.007496,0.000980,nan,0.0,0.066667,0.0,0.0,0.0
145,3865,8865t,G,G,-,nan,False,0.000000,0.000000,nan,1.0,0.93333,1.0,1.0,1.0
146,3866,8865u,A,A,-,nan,False,0.000000,0.000000,nan,1.0,1.0,0.91667,1.0,1.0
146,3866,8865u,G,A,-,nan,False,0.000315,0.000783,nan,0.0,0.0,0.083333,0.0,0.0
147,3867,8865v,A,A,-,nan,False,0.000000,0.000000,nan,1.0,1.0,0.91667,0.8,0.72727
147,3867,8865v,G,A,-,nan,False,0.014942,0.005585,nan,0.0,0.0,0.083333,0.2,0.27273
148,3868,8865w,A,G,-,nan,False,0.013315,0.006508,nan,0.0,0.066667,0.33333,0.2,0.18182
148,3868,8865w,C,G,-,nan,False,0.009059,0.005328,nan,0.0,0.0,0.0,0.2,0.18182
148,3868,8865w,G,G,-,nan,False,0.000000,0.000000,nan,1.0,0.93333,0.66667,0.6,0.63636
149,3870,8865y,A,G,-,DEPAAVGVG,True,0.028763,0.002605,0.03405014,0.0,0.066667,0.25,0.2,0.090909
149,3870,8865y,G,G,-,DEPAAVGVG,False,0.000000,0.000000,nan,1.0,0.93333,0.75,0.8,0.90909
150,3871,8865z,A,A,-,DEPAAVGVG,False,0.000000,0.000000,nan,1.0,1.0,0.91667,1.0,1.0
150,3871,8865z,G,A,-,DEPAAVGVG,True,0.000315,0.000783,0.03405014,0.0,0.0,0.083333,0.0,0.0
151,3872,8865A,A,T,-,DEPAAVGVG,False,0.014100,0.005251,0.03405014,0.0,0.0,0.083333,0.0,0.0
151,3872,8865A,G,T,-,DEPAAVGVG,False,0.027771,0.009371,0.03405014,0.0,0.0,0.25,0.0,0.27273
151,3872,8865A,T,T,-,DEPAAVGVG,True,0.000000,0.000000,nan,1.0,1.0,0.66667,1.0,0.72727
152,3873,8866,A,G,G,DEPAAVGVG,True,-0.000011,0.000457,0.03405014,0.0,0.0,0.083333,0.0,0.0
152,3873,8866,G,G,G,DEPAAVGVG,False,0.000000,0.000000,nan,1.0,1.0,0.91667,1.0,1.0
153,3874,8867,A,A,A,DEPAAVGVG,False,0.000000,0.000000,nan,1.0,1.0,0.91667,1.0,1.0
153,3874,8867,G,A,A,DEPAAVGVG,True,0.000315,0.000783,0.03405014,0.0,0.0,0.083333,0.0,0.0
154,3876,8869,C,C,C,DEPAAVGVG,False,0.000000,0.000000,nan,1.0,1.0,0.83333,1.0,1.0
154,3876,8869,T,C,C,DEPAAVGVG,True,0.030179,0.003421,0.03405014,0.0,0.0,0.16667,0.0,0.0
155,3878,8871,A,A,A,DEPAAVGVG,False,0.000000,0.000000,nan,1.0,1.0,1.0,1.0,0.90909
155,3878,8871,G,A,A,DEPAAVGVG,False,0.001205,0.001127,nan,0.0,0.0,0.0,0.0,0.090909
156,3882,8875,-,G,G,DEPAAVGVG,True,0.001682,0.001457,0.03405014,0.0,0.0,0.0,0.0,0.090909
156,3882,8875,G,G,G,DEPAAVGVG,False,0.000000,0.000000,nan,1.0,1.0,1.0,1.0,0.90909
157,3883,8876,-,C,C,DEPAAVGVG,True,0.001691,0.001466,0.03405014,0.0,0.0,0.0,0.0,0.090909
157,3883,8876,C,C,C,DEPAAVGVG,False,0.000000,0.000000,nan,1.0,1.0,1.0,1.0,0.90909
158,3884,8877,-,A,A,DEPAAVGVG,True,0.001846,0.001621,0.03405014,0.0,0.0,0.0,0.0,0.090909
158,3884,8877,A,A,A,DEPAAVGVG,False,0.000000,0.000000,nan,1.0,1.0,1.0,1.0,0.90909
159,3885,8878,-,G,G,DEPAAVGVG,True,0.001682,0.001457,0.03405014,0.0,0.0,0.0,0.0,0.090909
159,3885,8878,G,G,G,DEPAAVGVG,False,0.000000,0.000000,nan,1.0,1.0,1.0,1.0,0.90909
160,3886,8879,-,T,A,DEPAAVGVG,True,0.001715,0.001489,0.03405014,0.0,0.0,0.0,0.0,0.090909
160,3886,8879,T,T,A,DEPAAVGVG,False,0.000000,0.000000,nan,1.0,1.0,1.0,1.0,0.90909
161,3887,8880,-,G,T,DEPAAVGVG,True,0.007593,0.002324,0.03405014,0.0,0.0,0.0,0.0,0.090909
161,3887,8880,A,G,T,DEPAAVGVG,False,0.012272,0.002071,0.03405014,0.0,0.0,0.083333,0.0,0.0
161,3887,8880,G,G,T,DEPAAVGVG,False,0.000000,0.000000,nan,1.0,1.0,0.91667,1.0,0.90909
162,3888,8881,-,G,G,DEPAAVGVG,True,0.001682,0.001457,0.03405014,0.0,0.0,0.0,0.0,0.090909
162,3888,8881,G,G,G,DEPAAVGVG,False,0.000000,0.000000,nan,1.0,1.0,1.0,1.0,0.90909
163,3889,8882,-,G,G,DEPAAVGVG,True,0.001682,0.001457,0.03405014,0.0,0.0,0.0,0.0,0.090909
163,3889,8882,G,G,G,DEPAAVGVG,False,0.000000,0.000000,nan,1.0,1.0,1.0,1.0,0.90909
164,3890,8883,-,G,G,DEPAAVGVG,True,0.001682,0.001457,0.03405014,0.0,0.0,0.0,0.0,0.090909
164,3890,8883,G,G,G,DEPAAVGVG,False,0.000000,0.000000,nan,1.0,1.0,1.0,1.0,0.90909
165,3891,8884,-,G,G,DEPAAVGVG,True,0.001682,0.001457,0.03405014,0.0,0.0,0.0,0.0,0.090909
165,3891,8884,G,G,G,DEPAAVGVG,False,0.000000,0.000000,nan,1.0,1.0,1.0,1.0,0.90909
166,3892,8885,-,T,T,DEPAAVGVG,True,0.001715,0.001489,0.03405014,0.0,0.0,0.0,0.0,0.090909
166,3892,8885,T,T,T,DEPAAVGVG,False,0.000000,0.000000,nan,1.0,1.0,1.0,1.0,0.90909
167,3893,8886,-,G,G,DEPAAVGVG,True,0.001682,0.001457,0.03405014,0.0,0.0,0.0,0.0,0.090909
167,3893,8886,G,G,G,DEPAAVGVG,False,0.000000,0.000000,nan,1.0,1.0,1.0,1.0,0.90909
168,3894,8887,-,G,G,DEPAAVGVG,True,0.001682,0.001457,0.03405014,0.0,0.0,0.0,0.0,0.090909
168,3894,8887,G,G,G,DEPAAVGVG,False,0.000000,0.000000,nan,1.0,1.0,1.0,1.0,0.90909
169,3895,8888,-,G,G,DEPAAVGVG,True,0.001682,0.001457,0.03405014,0.0,0.0,0.0,0.0,0.090909
169,3895,8888,G,G,G,DEPAAVGVG,False,0.000000,0.000000,nan,1.0,1.0,1.0,1.0,0.90909
170,3896,8889,-,A,A,DEPAAVGVG,True,0.001846,0.001621,0.03405014,0.0,0.0,0.0,0.0,0.090909
170,3896,8889,A,A,A,DEPAAVGVG,False,0.000000,0.000000,nan,1.0,1.0,1.0,1.0,0.90909
171,3897,8890,-,C,G,DEPAAVGVG,True,0.002849,0.000327,0.03405014,0.0,0.0,0.0,0.0,0.090909
171,3897,8890,A,C,G,DEPAAVGVG,True,0.001475,-0.002509,0.03405014,0.0,0.0,0.0,0.0,0.090909
171,3897,8890,C,C,G,DEPAAVGVG,False,0.000000,0.000000,nan,1.0,1.0,1.0,1.0,0.72727
171,3897,8890,T,C,G,DEPAAVGVG,True,0.003151,0.000020,0.03405014,0.0,0.0,0.0,0.0,0.090909
172,3898,8891,-,C,C,nan,False,0.001691,0.001466,nan,0.0,0.0,0.0,0.0,0.090909
172,3898,8891,C,C,C,nan,False,0.000000,0.000000,nan,1.0,1.0,1.0,1.0,0.90909
173,3899,8892,-,A,A,nan,False,0.001846,0.001621,nan,0.0,0.0,0.0,0.0,0.090909
173,3899,8892,A,A,A,nan,False,0.000000,0.000000,nan,1.0,1.0,1.0,1.0,0.90909
174,3900,8893,-,G,G,nan,False,0.001682,0.001457,nan,0.0,0.0,0.0,0.0,0.090909
174,3900,8893,G,G,G,nan,False,0.000000,0.000000,nan,1.0,1.0,1.0,1.0,0.90909
175,3901,8894,-,C,T,nan,False,0.003235,0.004215,nan,0.0,0.0,0.0,0.0,0.090909
175,3901,8894,C,C,T,nan,False,0.000000,0.000000,nan,1.0,1.0,1.0,1.0,0.63636
175,3901,8894,T,C,T,nan,False,0.003609,0.005907,nan,0.0,0.0,0.0,0.0,0.27273
176,3902,8895,-,A,A,nan,False,0.001846,0.001621,nan,0.0,0.0,0.0,0.0,0.090909
176,3902,8895,A,A,A,nan,False,0.000000,0.000000,nan,1.0,1.0,1.0,1.0,0.90909
177,3907,8900,A,A,G,nan,False,0.000000,0.000000,nan,1.0,1.0,1.0,1.0,0.81818
177,3907,8900,G,A,G,nan,False,0.007897,0.007345,nan,0.0,0.0,0.0,0.0,0.18182
178,3911,8904,C,C,C,nan,False,0.000000,0.000000,nan,1.0,1.0,0.75,1.0,0.72727
178,3911,8904,T,C,C,nan,False,0.027373,0.008740,nan,0.0,0.0,0.25,0.0,0.27273
179,3949,8942,C,T,C,nan,False,0.025590,0.012982,nan,0.0,0.0,0.0,0.6,0.90909
179,3949,8942,T,T,C,nan,False,0.000000,0.000000,nan,1.0,1.0,1.0,0.4,0.090909
180,3952,8945,A,C,C,nan,False,0.011933,0.004208,nan,0.0,0.0,0.0,0.2,0.090909
180,3952,8945,C,C,C,nan,False,0.000000,0.000000,nan,1.0,1.0,1.0,0.8,0.90909
181,3988,8981,A,A,A,nan,False,0.000000,0.000000,nan,1.0,0.93333,1.0,1.0,1.0
181,3988,8981,G,A,A,nan,False,-0.004775,-0.002755,nan,0.0,0.066667,0.0,0.0,0.0
182,3999,8989,A,G,G,nan,False,0.008837,0.002555,nan,0.0,0.0,0.0,0.2,0.0
182,3999,8989,G,G,G,nan,False,0.000000,0.000000,nan,1.0,1.0,1.0,0.8,1.0
183,4022,9012,C,T,T,nan,False,0.003059,-0.001216,nan,0.0,0.0,0.0,0.2,0.0
183,4022,9012,T,T,T,nan,False,0.000000,0.000000,nan,1.0,1.0,1.0,0.8,1.0
184,4032,9022,C,G,T,nan,False,0.021719,0.007802,nan,0.0,0.0,0.0,0.6,0.81818
184,4032,9022,G,G,T,nan,False,0.000000,0.000000,nan,1.0,1.0,1.0,0.4,0.0
184,4032,9022,T,G,T,nan,False,0.014650,0.004088,nan,0.0,0.0,0.0,0.0,0.18182
185,4043,9033,A,G,G,nan,False,0.008837,0.002555,nan,0.0,0.0,0.0,0.2,0.0
185,4043,9033,G,G,G,nan,False,0.000000,0.000000,nan,1.0,1.0,1.0,0.8,1.0
186,4050,9040,A,A,A,KAALDLSHF,False,0.000000,0.000000,nan,1.0,1.0,0.33333,0.4,0.36364
186,4050,9040,C,A,A,KAALDLSHF,True,0.062299,0.034184,0.1930337,0.0,0.0,0.66667,0.6,0.63636
187,4051,9041,A,A,A,KAALDLSHF,False,0.000000,0.000000,nan,1.0,1.0,0.75,1.0,1.0
187,4051,9041,C,A,A,KAALDLSHF,True,0.020885,0.007135,0.1930337,0.0,0.0,0.25,0.0,0.0
188,4054,9044,C,C,C,KAALDLSHF,False,0.000000,0.000000,nan,1.0,1.0,1.0,0.6,0.63636
188,4054,9044,G,C,C,KAALDLSHF,True,0.025932,0.010113,0.1930337,0.0,0.0,0.0,0.4,0.36364
189,4060,9050,A,T,T,KAALDLSHF,True,0.011514,0.001425,0.1930337,0.0,0.0,0.083333,0.0,0.0
189,4060,9050,T,T,T,KAALDLSHF,False,0.000000,0.000000,nan,1.0,1.0,0.91667,1.0,1.0
190,4065,9055,A,C,C,KAALDLSHF,True,0.018456,0.001786,0.1930337,0.0,0.0,0.083333,0.0,0.0
190,4065,9055,C,C,C,KAALDLSHF,False,0.000000,0.000000,nan,1.0,1.0,0.91667,1.0,1.0
191,4239,9229,C,C,C,nan,False,0.000000,0.000000,nan,1.0,1.0,0.91667,1.0,1.0
191,4239,9229,T,C,C,nan,False,0.003596,-0.003747,nan,0.0,0.0,0.083333,0.0,0.0
192,4259,9249,A,G,G,nan,False,0.011281,0.001192,nan,0.0,0.0,0.083333,0.0,0.0
192,4259,9249,G,G,G,nan,False,0.000000,0.000000,nan,1.0,1.0,0.91667,1.0,1.0
193,4316,9306,A,G,G,nan,False,0.004136,0.003495,nan,0.0,0.0,0.0,0.0,0.090909
193,4316,9306,G,G,G,nan,False,0.000000,0.000000,nan,1.0,1.0,1.0,1.0,0.90909
194,4369,9359,A,G,G,nan,False,0.018981,0.035583,nan,0.0,0.066667,0.0,0.0,0.0
194,4369,9359,G,G,G,nan,False,0.000000,0.000000,nan,1.0,0.93333,1.0,1.0,1.0
195,4381,9371,A,A,A,nan,False,0.000000,0.000000,nan,1.0,0.93333,1.0,1.0,1.0
195,4381,9371,G,A,A,nan,False,0.003956,0.000047,nan,0.0,0.066667,0.0,0.0,0.0
196,4418,9405c,A,G,-,nan,False,-0.000848,-0.004542,nan,0.0,0.0,0.083333,0.0,0.0
196,4418,9405c,G,G,-,nan,False,0.000000,0.000000,nan,1.0,1.0,0.91667,1.0,1.0
197,4476,9445,A,G,G,nan,False,-0.000011,0.000457,nan,0.0,0.0,0.083333,0.0,0.0
197,4476,9445,G,G,G,nan,False,0.000000,0.000000,nan,1.0,1.0,0.91667,1.0,1.0
198,4483,9452,A,A,A,nan,False,0.000000,0.000000,nan,1.0,1.0,1.0,0.8,1.0
198,4483,9452,G,A,A,nan,False,0.009163,0.002881,nan,0.0,0.0,0.0,0.2,0.0
199,4525,9494,A,G,G,nan,False,0.001934,0.001973,nan,0.0,0.0,0.0,0.2,0.18182
199,4525,9494,G,G,G,nan,False,0.000000,0.000000,nan,1.0,1.0,1.0,0.8,0.81818
200,4565,9534,A,G,G,nan,False,0.001435,0.001210,nan,0.0,0.0,0.0,0.0,0.090909
200,4565,9534,G,G,G,nan,False,0.000000,0.000000,nan,1.0,1.0,1.0,1.0,0.90909
201,4582,9551,C,T,T,nan,False,-0.004912,-0.002893,nan,0.0,0.066667,0.0,0.0,0.0
201,4582,9551,T,T,T,nan,False,0.000000,0.000000,nan,1.0,0.93333,1.0,1.0,1.0
202,4603,9572,A,G,G,nan,False,0.000879,0.000801,nan,0.0,0.0,0.0,0.0,0.090909
202,4603,9572,G,G,G,nan,False,0.000000,0.000000,nan,1.0,1.0,1.0,1.0,0.90909
