polymorphic_index,alignment,HXB2_index,nucleotide,TF,consensus,epitope,escape,sc_const,tc_MPL,f_at_0,f_at_21,f_at_77,f_at_179,f_at_438,sc_avg,sc_std,if_special
0,50,840,A,G,A,,False,0.0016525543,,0.0,0.0,0.0,0.0,0.1,0.010316860880784177,8.012477e-05,
1,167,957,A,C,C,,False,0.000772923,,0.0,0.0,0.25,0.0,0.0,0.0007692065704147839,2.646404e-05,
2,243,1033,A,G,G,,False,-0.0012255107,,0.0,0.0,0.0,0.0,0.05,0.009732539634646362,1.108052e-04,
3,247,1037,T,C,C,,False,0.00492184,,0.0,0.0,0.0,0.125,0.0,0.004954150903233934,3.989840e-05,
4,254,1044,T,C,C,,False,-0.0020653852,,0.0,0.0,0.0,0.0,0.2,0.007065690883291981,4.929190e-05,
5,260,1050,C,T,T,,False,0.0012579443,,0.0,0.0,0.0,0.0,0.05,0.0024081152624826404,1.578890e-05,
6,267,1057,G,A,G,VHKGIKVKD,True,0.007223744,,0.0,0.0,0.0,0.0,0.95,0.05388577602994253,2.605824e-02,True
7,277,1067,C,A,A,VHKGIKVKD,True,0.02393353,,0.0,0.0,0.0,0.125,0.0,0.011332101548284599,7.262971e-03,True
8,279,1069,A,G,G,VHKGIKVKD,True,0.03389665,,0.0,0.0,0.0,0.875,1.0,0.030414140275665007,5.628001e-02,True
9,477,1264,A,G,A,,False,0.0015236929,,0.0,0.0,0.0,0.0,0.1,0.005786878977085919,3.728174e-05,
10,484,1271,G,A,A,,False,-0.01110824,,0.0625,0.0,0.0,0.0,0.0,-0.003913460409059395,4.567867e-05,
11,503,1290,A,G,G,,False,-0.004506414,,0.0,0.0,0.0,0.0,0.05,-0.0031682148137969525,3.456671e-05,
12,506,1293,G,A,A,,False,-0.003608514,,0.0,0.0,0.0,0.0,0.05,-0.0027100955875930415,3.446514e-05,
13,528,1315,A,T,T,,False,-0.0002198736999999,,0.0,0.0,0.0,0.0,0.05,0.0031308432050406406,2.136524e-05,
14,545,1332,G,A,A,,False,0.006829622,,0.0,0.083333,0.0,0.0,0.0,0.0019015303047639292,2.900915e-05,
15,572,1359,T,A,A,,False,-0.012297194,,0.0625,0.0,0.0,0.0,0.0,-0.0041533392410122594,5.026127e-05,
16,579,1366,T,G,G,,False,-0.011432547,,0.0625,0.0,0.0,0.0,0.0,-0.004072889337677914,4.581208e-05,
17,602,1389,A,G,G,,False,-0.0008680446999999,,0.0,0.0,0.0,0.0,0.05,0.0028003819442959854,2.131878e-05,
18,626,1413,A,G,G,,False,-0.0012611201,,0.0,0.0,0.0,0.0,0.05,-0.0014236412479578752,1.867247e-05,
19,669,1456,G,A,A,,False,0.0019248752,,0.0,0.0,0.0,0.0,0.05,0.007212533590918874,5.872896e-05,
20,804,1591,T,C,C,,False,0.00492184,,0.0,0.0,0.0,0.125,0.0,0.004954150903225796,3.989840e-05,
21,836,1623,T,C,C,,False,0.0008321973,,0.0,0.0,0.0,0.125,0.05,-0.0025816269765695106,6.063646e-05,
22,982,1769,G,A,A,,False,-0.01110824,,0.0625,0.0,0.0,0.0,0.0,-0.0039134604090593885,4.567867e-05,
23,1013,1800,G,A,A,,False,0.00024736327,,0.0,0.0,0.0,0.125,0.0,0.0004956980296262457,1.183676e-05,
24,1029,1816,C,T,T,,False,-0.0005082142,,0.0,0.0,0.0,0.0,0.05,0.0029840647459031832,2.140287e-05,
25,1071,1858,A,G,G,,False,-0.0009166673,,0.0,0.0,0.0,0.0,0.05,-0.0005568035346615881,1.016364e-05,
26,1126,1913,A,G,C,,False,0.0030048999999999,,0.0,0.0,0.0,0.0,0.1,0.013077839809085058,1.297557e-04,
27,1145,1932,T,C,C,,False,0.0046064439999999,,0.0,0.083333,0.0,0.0,0.0,0.0013069914448129943,2.627663e-05,
28,1150,1937,A,T,T,,False,-0.0004851243399999,,0.0,0.0,0.0,0.125,0.0,0.0022411426194374868,6.697667e-06,
29,1174,1961,G,A,A,,False,-0.012501218,,0.0625,0.0,0.0,0.0,0.0,-0.004261756918330284,5.009548e-05,
30,1192,1979,G,A,A,GKEGHIAKN,True,0.010039905,,0.0,0.0,0.75,0.0,0.0,-0.0034461542428715726,1.642078e-02,True
31,1203,1990,C,A,A,GKEGHIAKN,True,0.001386123,,0.0,0.0,0.25,0.0,0.0,-0.005549755086947359,9.993750e-03,True
32,1208,1995,T,C,C,GKEGHIAKN,False,0.00042145165,,0.0,0.0,0.0,0.0,0.05,0.001328810756473875,5.789545e-06,
33,1210,1997,G,A,G,GKEGHIAKN,True,0.0591381,,0.0,0.0,0.0,1.0,1.0,0.04293791913686707,5.992307e-02,True
34,1234,2021,A,G,A,,False,0.0008981138,,0.0,0.0,0.0,0.0,0.05,0.00222443246085641,1.569810e-05,
35,1274,2061,-,A,A,,False,0.003871481,,0.0,0.0,0.0,0.0,0.05,0.003161692156246403,1.922069e-05,
36,1331,2118,A,G,G,,False,-0.0008680446999999,,0.0,0.0,0.0,0.0,0.05,0.0028003819442958978,2.131878e-05,
37,1555,2321,T,C,C,,False,0.0046064439999999,,0.0,0.083333,0.0,0.0,0.0,0.0013069914448130076,2.627663e-05,
38,1586,2352,A,G,G,EEMNLTGKW,True,-0.0003527,,0.0,0.0,0.0,0.0,0.05,0.0003921290405023174,1.683129e-03,True
39,1595,2361,C,A,A,EEMNLTGKW,True,0.005786362,,0.0,0.0,0.0,0.125,0.0,0.009932802514925763,1.340530e-02,True
40,1596,2362,G,A,A,EEMNLTGKW,True,0.015355716,,0.0,0.0,0.0,0.25,0.0,0.02463284253911958,1.849640e-02,True
41,1600,2366,A,G,G,EEMNLTGKW,False,0.006593957,,0.0,0.0,0.0,0.0,1.0,-0.010910402291813307,3.245373e-04,
42,1601,2367,C,A,C,EEMNLTGKW,True,0.011295325,,0.0,0.0,0.0,0.0,1.0,-0.007429330486970306,5.926962e-02,True
42,1601,2367,G,A,C,EEMNLTGKW,True,0.010961346,,0.0,0.0,0.0,0.25,0.0,0.009854487648666593,1.877368e-02,True
43,1608,2374,G,A,A,EEMNLTGKW,True,0.004559138,,0.0,0.0,0.0,0.5,0.0,0.011929471980105782,2.947176e-02,True
44,1660,2426,A,G,G,,False,-0.00013847718,,0.0,0.0,0.0,0.0,0.05,0.0005648150724235061,1.692564e-06,
45,1666,2432,C,T,T,,False,0.0005747516,,0.0,0.0,0.0,0.0,0.05,0.0014070262339930077,5.842516e-06,
46,1674,2440,A,C,T,,False,-0.00037077792,,0.0,0.0,0.0,0.0,0.05,0.0030538941891814927,2.135002e-05,
47,1724,2490,-,A,A,,False,0.00021802741,,0.0,0.0,0.0,0.0,0.05,2.1653018731671244e-05,1.023315e-05,
48,1725,2491,-,C,C,,False,-0.0002091823,,0.0,0.0,0.0,0.0,0.05,-0.0001961964043974665,1.021385e-05,
49,1726,2492,-,A,A,,False,0.00021802741,,0.0,0.0,0.0,0.0,0.05,2.1653018731838567e-05,1.023315e-05,
50,1727,2493,-,C,C,,False,-0.0002091823,,0.0,0.0,0.0,0.0,0.05,-0.00019619640439749408,1.021385e-05,
51,1728,2494,-,C,C,,False,-0.0002091823,,0.0,0.0,0.0,0.0,0.05,-0.0001961964043974891,1.021385e-05,
52,1729,2495,-,T,T,,False,-0.0001444536,,0.0,0.0,0.0,0.0,0.05,-0.00016318891581921106,1.021604e-05,
53,1730,2496,-,G,G,,False,-0.0002350737999999,,0.0,0.0,0.0,0.0,0.05,-0.00020939939961930426,1.021305e-05,
54,1731,2497,-,T,T,,False,-0.0001444536,,0.0,0.0,0.0,0.0,0.05,-0.0001631889158193764,1.021604e-05,
55,1732,2498,-,C,C,,False,-0.0002091823,,0.0,0.0,0.0,0.0,0.05,-0.00019619640439745947,1.021385e-05,
56,1733,2499,-,A,A,,False,0.00021802741,,0.0,0.0,0.0,0.0,0.05,2.16530187317749e-05,1.023315e-05,
57,1734,2500,-,A,A,,False,0.00021802741,,0.0,0.0,0.0,0.0,0.05,2.1653018731689886e-05,1.023315e-05,
58,1735,2501,-,C,C,,False,-0.0002091823,,0.0,0.0,0.0,0.0,0.05,-0.00019619640439747242,1.021385e-05,
59,1736,2502,-,A,A,,False,0.00021802741,,0.0,0.0,0.0,0.0,0.05,2.1653018731749517e-05,1.023315e-05,
60,1737,2503,-,T,T,,False,-0.0001444536,,0.0,0.0,0.0,0.0,0.05,-0.0001631889158193996,1.021604e-05,
61,1738,2504,-,A,A,,False,0.00021802741,,0.0,0.0,0.0,0.0,0.05,2.1653018731729707e-05,1.023315e-05,
62,1739,2505,-,A,A,,False,0.00021802741,,0.0,0.0,0.0,0.0,0.05,2.1653018731793644e-05,1.023315e-05,
63,1740,2506,-,T,T,,False,-0.0001444536,,0.0,0.0,0.0,0.0,0.05,-0.0001631889158194714,1.021604e-05,
64,1741,2507,-,T,T,,False,-0.0001444536,,0.0,0.0,0.0,0.0,0.05,-0.00016318891581944695,1.021604e-05,
65,1742,2508,-,G,G,,False,-0.0002350737999999,,0.0,0.0,0.0,0.0,0.05,-0.00020939939961941642,1.021305e-05,
66,1743,2509,-,G,G,,False,-0.0002350737999999,,0.0,0.0,0.0,0.0,0.05,-0.00020939939961940262,1.021305e-05,
67,1744,2510,-,A,A,,False,0.00021802741,,0.0,0.0,0.0,0.0,0.05,2.1653018731765936e-05,1.023315e-05,
68,1745,2511,-,A,A,,False,0.00021802741,,0.0,0.0,0.0,0.0,0.05,2.1653018731732942e-05,1.023315e-05,
69,1746,2512,-,G,G,,False,-0.0002350737999999,,0.0,0.0,0.0,0.0,0.05,-0.00020939939961944719,1.021305e-05,
70,1747,2513,-,A,A,,False,0.001072138,,0.0,0.0,0.0,0.0,0.05,0.0010142714484074932,8.045197e-06,
70,1747,2513,G,A,A,,False,0.0013946625,,0.0,0.0,0.0,0.0,0.05,0.0017805847335291738,3.678253e-06,
71,1748,2514,-,A,A,,False,0.00021802741,,0.0,0.0,0.0,0.0,0.05,2.1653018731771628e-05,1.023315e-05,
72,1749,2515,-,A,A,,False,0.00021802741,,0.0,0.0,0.0,0.0,0.05,2.165301873172289e-05,1.023315e-05,
73,1750,2516,-,T,T,,False,-0.0001444536,,0.0,0.0,0.0,0.0,0.05,-0.0001631889158194695,1.021604e-05,
74,1751,2517,-,A,A,,False,0.00021802741,,0.0,0.0,0.0,0.0,0.05,2.1653018731639694e-05,1.023315e-05,
75,1752,2518,-,T,T,,False,-0.0001444536,,0.0,0.0,0.0,0.0,0.05,-0.00016318891581948718,1.021604e-05,
76,1753,2519,-,G,G,,False,-0.0002350737999999,,0.0,0.0,0.0,0.0,0.05,-0.00020939939961943203,1.021305e-05,
77,1754,2520,-,T,T,,False,-0.0001444536,,0.0,0.0,0.0,0.0,0.05,-0.000163188915819491,1.021604e-05,
78,1755,2521,-,T,T,,False,-0.0001444536,,0.0,0.0,0.0,0.0,0.05,-0.00016318891581945124,1.021604e-05,
79,1756,2522,-,G,G,,False,-0.0002350737999999,,0.0,0.0,0.0,0.0,0.05,-0.0002093993996194189,1.021305e-05,
80,1757,2523,-,A,A,,False,0.00021802741,,0.0,0.0,0.0,0.0,0.05,2.1653018731741927e-05,1.023315e-05,
81,1758,2524,-,C,C,,False,-0.0002091823,,0.0,0.0,0.0,0.0,0.05,-0.0001961964043973924,1.021385e-05,
82,1759,2525,-,T,T,,False,-0.0001444536,,0.0,0.0,0.0,0.0,0.05,-0.00016318891581941177,1.021604e-05,
83,1760,2526,-,C,C,,False,-0.0002091823,,0.0,0.0,0.0,0.0,0.05,-0.0001961964043974489,1.021385e-05,
84,1761,2527,-,A,A,,False,0.00021802741,,0.0,0.0,0.0,0.0,0.05,2.165301873171057e-05,1.023315e-05,
85,1762,2528,-,G,G,,False,-0.0002350737999999,,0.0,0.0,0.0,0.0,0.05,-0.0002093993996194247,1.021305e-05,
86,1763,2529,-,C,C,,False,-0.0002091823,,0.0,0.0,0.0,0.0,0.05,-0.00019619640439741192,1.021385e-05,
87,1764,2530,-,T,T,,False,-0.0001444536,,0.0,0.0,0.0,0.0,0.05,-0.00016318891581942993,1.021604e-05,
88,1765,2531,-,T,T,,False,-0.0001444536,,0.0,0.0,0.0,0.0,0.05,-0.0001631889158195692,1.021604e-05,
89,1766,2532,-,G,G,,False,-0.0002350737999999,,0.0,0.0,0.0,0.0,0.05,-0.00020939939961963364,1.021305e-05,
90,1767,2533,-,G,G,,False,-0.0002350737999999,,0.0,0.0,0.0,0.0,0.05,-0.00020939939961948936,1.021305e-05,
91,1768,2534,-,C,A,,False,-0.0002091823,,0.0,0.0,0.0,0.0,0.05,-0.00019619640439749755,1.021385e-05,
92,1769,2535,-,T,T,,False,-0.0001444536,,0.0,0.0,0.0,0.0,0.05,-0.00016318891581954228,1.021604e-05,
93,1770,2536,-,G,G,,False,-0.0002350737999999,,0.0,0.0,0.0,0.0,0.05,-0.00020939939961949847,1.021305e-05,
94,1771,2537,-,C,C,,False,-0.0002091823,,0.0,0.0,0.0,0.0,0.05,-0.0001961964043976003,1.021385e-05,
95,1772,2538,-,A,A,,False,0.00021802741,,0.0,0.0,0.0,0.0,0.05,2.165301873164411e-05,1.023315e-05,
96,1773,2539,-,C,C,,False,-0.0002091823,,0.0,0.0,0.0,0.0,0.05,-0.000196196404397517,1.021385e-05,
97,1774,2540,-,T,A,,False,-0.0001444536,,0.0,0.0,0.0,0.0,0.05,-0.0001631889158196615,1.021604e-05,
98,1775,2541,-,C,C,,False,-0.0002091823,,0.0,0.0,0.0,0.0,0.05,-0.0001961964043975323,1.021385e-05,
99,1776,2542,-,T,T,,False,-0.0001444536,,0.0,0.0,0.0,0.0,0.05,-0.00016318891581966079,1.021604e-05,
100,1777,2543,-,A,A,,False,0.00021802741,,0.0,0.0,0.0,0.0,0.05,2.1653018731653043e-05,1.023315e-05,
101,1778,2544,-,A,A,,False,0.00021802741,,0.0,0.0,0.0,0.0,0.05,2.1653018731629957e-05,1.023315e-05,
102,1779,2545,-,A,A,,False,0.00021802741,,0.0,0.0,0.0,0.0,0.05,2.1653018731575465e-05,1.023315e-05,
103,1780,2546,-,T,T,,False,-0.0001444536,,0.0,0.0,0.0,0.0,0.05,-0.00016318891581962414,1.021604e-05,
104,1781,2547,A,T,T,,False,-0.0002684963,,0.0,0.0,0.0,0.0,0.05,-0.00022634227402723096,1.018540e-05,
105,1866,2632,G,A,A,,False,-1.876733e-05,,0.0,0.0,0.0,0.0,0.05,-9.86843084961159e-05,1.011128e-05,
106,1978,2744,A,G,G,,False,-0.013294941,,0.0625,0.0,0.0,0.0,0.0,-0.004684192057974338,4.949965e-05,
107,2059,2825,G,A,A,,False,-0.002234237,,0.0,0.0,0.0,0.0,0.1,-0.0032895319782477728,5.290894e-05,
108,2118,2884,A,G,G,,False,-0.013294941,,0.0625,0.0,0.0,0.0,0.0,-0.004684192057974326,4.949965e-05,
109,2131,2897,C,T,T,,False,-0.002767256,,0.0,0.0,0.0,0.0,0.1,-0.003561298562460007,5.290229e-05,
110,2141,2907,C,T,T,,False,0.001940598,,0.0,0.0,0.0,0.0,0.05,0.004221402611707366,3.295836e-05,
111,2150,2916,G,A,G,,False,-0.0011672565,,0.0,0.0,0.25,0.0,0.0,-0.0007414570276426233,1.548162e-05,
112,2170,2936,T,A,A,,False,-0.0098884719999999,,0.0625,0.0,0.0,0.0,0.0,-0.003547161232170397,4.257401e-05,
113,2187,2953,C,T,T,,False,-0.012980871,,0.0625,0.0,0.0,0.0,0.0,-0.004516973826227719,4.973000e-05,
114,2188,2954,G,A,A,,False,0.0003662073,,0.0,0.0,0.0,0.0,0.05,0.0005716219690794483,4.690282e-06,
115,2200,2966,C,A,A,,False,0.004747256,,0.0,0.0,0.0,0.0,0.25,0.005373307809901629,1.566163e-05,
116,2206,2972,A,G,G,,False,-0.005463032,,0.0,0.0,0.0,0.0,0.05,6.552893363534923e-05,5.231495e-06,
117,2208,2974,G,T,T,,False,0.0016827868,,0.0,0.0,0.0,0.0,0.05,0.007088914612562391,5.866544e-05,
118,2236,3002,A,G,G,,False,-0.0012255107,,0.0,0.0,0.0,0.0,0.05,0.009732539634642282,1.108052e-04,
119,2301,3067,-,A,C,,False,-0.008372218,,0.0625,0.0,0.0,0.0,0.0,-0.002163744780791327,5.612129e-05,
119,2301,3067,G,A,C,,False,-0.001441817,,0.0,0.0,0.0,0.0,0.05,0.0012085584064308503,4.251458e-05,
120,2303,3069,A,C,C,,False,-0.006966419,,0.0625,0.0,0.0,0.0,0.15,-0.0015069016266140583,3.642657e-05,
121,2304,3070,C,A,A,,False,-0.010525103,,0.0625,0.0,0.0,0.0,0.0,-0.0038554056358742752,4.642485e-05,
122,2374,3140,G,A,A,,False,-0.0003632200999999,,0.0,0.0,0.0,0.0,0.05,-0.0009655220218084622,1.859892e-05,
123,2385,3151,G,A,A,,False,0.004559138,,0.0,0.0,0.0,0.5,0.0,0.006973138186883302,3.427474e-05,
124,2392,3158,G,A,G,,False,0.004559138,,0.0,0.0,0.0,0.5,0.0,0.006973138186884862,3.427474e-05,
125,2410,3176,G,A,A,,False,0.0025470429999999,,0.0,0.0,0.0,0.0,0.3,-0.0004057564398697163,7.533917e-05,
126,2455,3221,G,A,A,,False,0.004559138,,0.0,0.0,0.0,0.5,0.0,0.006973138186880439,3.427474e-05,
127,2509,3275,A,G,G,,False,-0.0009166673,,0.0,0.0,0.0,0.0,0.05,-0.000556803534663897,1.016364e-05,
128,2512,3278,C,T,T,,False,-0.0005939474,,0.0,0.0,0.0,0.0,0.05,0.0001233575599106773,6.144939e-06,
129,2530,3296,A,G,G,,False,-0.013294941,,0.0625,0.0,0.0,0.0,0.0,-0.004684192057974334,4.949965e-05,
130,2538,3304,T,G,G,,False,-0.010404538,,0.0625,0.0,0.0,0.0,0.0,-0.003810357840751288,4.248311e-05,
131,2606,3372,A,C,A,,False,0.009024194,,0.0,0.0,0.75,0.0,0.3,0.008892711805138283,2.013323e-04,
132,2617,3383,C,A,A,,False,-0.00026356915,,0.0,0.0,0.0,0.0,0.05,-0.00041965251157785605,1.456454e-05,
133,2629,3395,T,C,C,,False,0.0017872982,,0.0,0.0,0.0,0.0,0.05,0.004143187134166115,3.293426e-05,
134,2648,3414,T,C,C,,False,-0.0014327686999999,,0.0,0.0,0.0,0.0,0.05,-0.0010994208246962222,1.661660e-05,
135,2658,3424,C,T,T,,False,0.006500313,,0.0,0.083333,0.0,0.0,0.0,0.0016919449587376276,2.993794e-05,
136,2666,3432,T,C,C,,False,0.003933113,,0.0,0.0,0.0,0.5,0.0,0.0066528421993019395,3.457776e-05,
137,2690,3456,C,T,T,,False,0.0012579443,,0.0,0.0,0.0,0.0,0.05,0.0024081152624825866,1.578890e-05,
138,2741,3507,A,G,G,,False,0.0008981138,,0.0,0.0,0.0,0.0,0.05,0.0022244324608565644,1.569810e-05,
139,2749,3515,G,A,A,,False,0.0010850459,,0.0,0.0,0.0,0.0,0.1,0.0013721817822676982,1.032549e-05,
140,2812,3578,G,A,A,,False,0.016210924,,0.0,0.0,0.0,0.125,0.15,0.018135410349438188,1.033011e-04,
141,2833,3599,G,A,A,,False,0.0011957255,,0.0,0.0,0.25,0.0,0.0,0.0009844882702169208,2.645430e-05,
142,2850,3616,G,A,A,,False,0.002595666,,0.0,0.0,0.0,0.0,0.3,0.0029514290403593,4.507298e-05,
143,2915,3681,A,G,G,,False,-0.0003527,,0.0,0.0,0.0,0.0,0.05,0.00021232322654411338,3.936620e-06,
144,3004,3770,C,A,A,,False,0.006962428,,0.0,0.083333,0.0,0.0,0.0,0.0019861061675672843,2.860884e-05,
145,3020,3786,A,G,G,,False,-0.0003527,,0.0,0.0,0.0,0.0,0.05,0.00021232322654423966,3.936620e-06,
146,3071,3837,A,G,G,,False,-0.0011490826999999,,0.0,0.0,0.25,0.0,0.0,-0.000796974012623237,1.965878e-05,
147,3086,3852,A,G,G,,False,-0.0013740358999999,,0.0,0.0,0.0,0.0,0.05,-0.0009860266675833808,1.458085e-05,
148,3087,3853,G,T,C,,False,0.0016827868,,0.0,0.0,0.0,0.0,0.05,0.007088914612562448,5.866544e-05,
149,3146,3912,A,G,G,,False,-0.012006141,,0.0625,0.0,0.0,0.0,0.0,-0.004371579635964539,4.553636e-05,
150,3161,3927,A,G,G,,False,0.002736788,,0.0,0.0,0.0,0.0,0.05,0.00258323560281455,1.913373e-05,
151,3172,3938,A,G,G,,False,-0.0008680446999999,,0.0,0.0,0.0,0.0,0.05,0.00280038194429593,2.131878e-05,
152,3196,3962,G,A,A,,False,0.003634687,,0.0,0.0,0.0,0.0,0.05,0.0030413548290535645,1.929744e-05,
153,3218,3984,G,T,T,,False,0.0001241188,,0.0,0.0,0.0,0.0,0.05,0.00044800299077120686,4.682039e-06,
154,3368,4134,A,G,G,,False,0.0015807675,,0.0,0.0,0.0,0.0,0.05,0.004037719810085317,3.287790e-05,
155,3449,4215,G,A,A,VSRGIRKVL,True,0.0011128211,,0.0,0.0,0.0,0.0,0.05,0.0028386893625114936,1.310506e-03,True
156,3481,4247,G,T,T,,False,-0.010356357,,0.0625,0.0,0.0,0.0,0.0,-0.003785775833751971,4.249083e-05,
157,3496,4262,T,G,G,,False,-0.0004967681,,0.0,0.0,0.0,0.0,0.1,0.010348029383903255,7.756405e-05,
158,3513,4279,G,A,G,,False,0.007097065,,0.0,0.0,0.0,0.0,0.9,0.03160746873437164,1.096742e-04,
159,3577,4343,C,T,T,,False,0.003893468,,0.0,0.0,0.0,0.0,0.9,0.031102613502818004,1.075027e-04,
160,3623,4389,A,G,G,,False,-0.0011490826999999,,0.0,0.0,0.25,0.0,0.0,-0.0007969740126232761,1.965878e-05,
161,3658,4424,C,T,T,,False,-0.0007788977,,0.0,0.0,0.25,0.0,0.0,-0.0006083054131720965,1.949974e-05,
162,3693,4459,C,T,T,,False,-0.004146584,,0.0,0.0,0.0,0.0,0.05,-0.0029845320121796087,3.449949e-05,
163,3716,4482,A,G,G,,False,-0.012006141,,0.0625,0.0,0.0,0.0,0.0,-0.004371579635964539,4.553636e-05,
164,3729,4495,C,T,T,,False,-0.0007788977,,0.0,0.0,0.25,0.0,0.0,-0.000608305413172123,1.949974e-05,
165,3805,4571,G,T,T,,False,-0.011384367,,0.0625,0.0,0.0,0.0,0.0,-0.004048307330680418,4.581984e-05,
166,3884,4650,C,A,A,,False,0.006962428,,0.0,0.083333,0.0,0.0,0.0,0.0019861061675672765,2.860884e-05,
167,3895,4661,C,T,T,,False,0.009183054,,0.0,0.0,0.5,0.0,0.0,0.008832851709985719,1.173582e-04,
168,3907,4673,A,G,G,,False,0.0020274865,,0.0,0.0,0.25,0.0,0.7,0.011730154868767715,6.993523e-05,
169,3920,4686,C,T,T,,False,-0.012980871,,0.0625,0.0,0.0,0.0,0.0,-0.004516973826227687,4.973000e-05,
170,3952,4718,G,A,G,,False,0.00560066,,0.0,0.0,0.0,0.125,0.0,0.005300716206838348,3.992758e-05,
171,3976,4742,T,C,C,,False,-0.0003251622,,0.0,0.0,0.0,0.0,0.05,0.00021897006695213752,4.589865e-06,
172,4146,4912,A,G,G,,False,-0.004506414,,0.0,0.0,0.0,0.0,0.05,-0.0031682148137967855,3.456671e-05,
173,4155,4921,A,G,G,,False,-0.004506414,,0.0,0.0,0.0,0.0,0.05,-0.003168214813796768,3.456671e-05,
174,4195,4961,-,A,A,,False,-0.0009836878999999,,0.0,0.0,0.25,0.0,0.0,-0.0006467486169600306,1.522392e-05,
175,4196,4962,-,G,G,,False,-0.00142285,,0.0,0.0,0.25,0.0,0.0,-0.0008710893853141509,1.552489e-05,
176,4197,4963,-,G,G,,False,-0.00142285,,0.0,0.0,0.25,0.0,0.0,-0.0008710893853142338,1.552489e-05,
177,4198,4964,-,T,T,,False,-0.001335018,,0.0,0.0,0.25,0.0,0.0,-0.0008262212323001668,1.546442e-05,
178,4199,4965,-,G,G,,False,-0.00142285,,0.0,0.0,0.25,0.0,0.0,-0.0008710893853139282,1.552489e-05,
179,4200,4966,-,A,A,,False,-0.0009836878999999,,0.0,0.0,0.25,0.0,0.0,-0.0006467486169598425,1.522392e-05,
180,4201,4967,-,A,A,,False,-0.0009836878999999,,0.0,0.0,0.25,0.0,0.0,-0.0006467486169598218,1.522392e-05,
181,4202,4968,-,G,G,,False,-0.00142285,,0.0,0.0,0.25,0.0,0.0,-0.0008710893853140691,1.552489e-05,
182,4203,4969,-,G,G,,False,-0.00142285,,0.0,0.0,0.25,0.0,0.0,-0.0008710893853140462,1.552489e-05,
183,4204,4970,-,G,G,,False,-0.00142285,,0.0,0.0,0.25,0.0,0.0,-0.0008710893853141102,1.552489e-05,
184,4205,4971,-,G,G,,False,-0.00142285,,0.0,0.0,0.25,0.0,0.0,-0.0008710893853140576,1.552489e-05,
185,4206,4972,-,C,C,,False,-0.001397755,,0.0,0.0,0.25,0.0,0.0,-0.0008582699123496851,1.550760e-05,
186,4207,4973,-,A,A,,False,-0.0009836878999999,,0.0,0.0,0.25,0.0,0.0,-0.0006467486169600454,1.522392e-05,
187,4208,4974,-,G,G,,False,-0.00142285,,0.0,0.0,0.25,0.0,0.0,-0.0008710893853140668,1.552489e-05,
188,4209,4975,-,T,T,,False,-0.001335018,,0.0,0.0,0.25,0.0,0.0,-0.0008262212322998415,1.546442e-05,
189,4210,4976,-,A,A,,False,-0.0009836878999999,,0.0,0.0,0.25,0.0,0.0,-0.000646748616959827,1.522392e-05,
190,4211,4977,-,G,G,,False,-0.00142285,,0.0,0.0,0.25,0.0,0.0,-0.0008710893853139753,1.552489e-05,
191,4212,4978,-,T,T,,False,-0.001335018,,0.0,0.0,0.25,0.0,0.0,-0.0008262212322999023,1.546442e-05,
192,4213,4979,-,A,A,,False,0.0007285738,,0.0,0.0,0.5,0.0,0.0,0.0006023320806028719,3.895027e-05,
193,4214,4980,-,A,A,,False,0.0019815887999999,,0.0,0.0,0.5,0.0,0.0,0.004356720818223707,2.357861e-05,
193,4214,4980,C,A,A,,False,0.002686768,,0.0,0.0,0.0,0.0,0.05,0.0077161176860931005,4.472368e-05,
194,4215,4981,-,T,T,,False,0.0003938337999999,,0.0,0.0,0.5,0.0,0.0,0.0004311039978162547,3.922095e-05,
195,4216,4982,-,A,A,,False,0.0007285738,,0.0,0.0,0.5,0.0,0.0,0.0006023320806029238,3.895027e-05,
196,4217,4983,-,C,C,,False,0.0003340588,,0.0,0.0,0.5,0.0,0.0,0.00040052755501367133,3.926939e-05,
197,4218,4984,-,A,A,,False,0.0007285738,,0.0,0.0,0.5,0.0,0.0,0.0006023320806028929,3.895027e-05,
198,4219,4985,-,A,A,,False,0.0007285738,,0.0,0.0,0.5,0.0,0.0,0.0006023320806028166,3.895027e-05,
199,4220,4986,-,G,G,,False,-0.0011960842,,0.0,0.0,0.5,0.0,0.0,-0.0008146925705356649,5.325436e-05,
199,4220,4986,A,G,G,,False,-0.003855968,,0.0,0.0,0.0,0.0,0.05,-0.002722633260963873,5.136508e-05,
200,4221,4987,-,A,A,,False,0.0007285738,,0.0,0.0,0.5,0.0,0.0,0.0006023320806030012,3.895027e-05,
201,4222,4988,-,T,T,,False,0.0003938337999999,,0.0,0.0,0.5,0.0,0.0,0.00043110399781635765,3.922095e-05,
202,4223,4989,-,A,A,,False,0.0007285738,,0.0,0.0,0.5,0.0,0.0,0.0006023320806028178,3.895027e-05,
203,4224,4990,-,A,A,,False,0.0007285738,,0.0,0.0,0.5,0.0,0.0,0.0006023320806028818,3.895027e-05,
204,4225,4991,-,T,T,,False,0.0003938337999999,,0.0,0.0,0.5,0.0,0.0,0.00043110399781637484,3.922095e-05,
205,4226,4992,-,A,A,,False,0.0007285738,,0.0,0.0,0.5,0.0,0.0,0.0006023320806030281,3.895027e-05,
206,4227,4993,-,G,G,,False,0.0003101487999999,,0.0,0.0,0.5,0.0,0.0,0.00038829697738977344,3.928877e-05,
207,4228,4994,-,T,T,,False,0.0003938337999999,,0.0,0.0,0.5,0.0,0.0,0.0004311039978163586,3.922095e-05,
208,4229,4995,-,G,G,,False,0.0003101487999999,,0.0,0.0,0.5,0.0,0.0,0.000388296977389577,3.928877e-05,
209,4230,4996,-,A,A,,False,0.0007285738,,0.0,0.0,0.5,0.0,0.0,0.0006023320806028583,3.895027e-05,
210,4231,4997,-,C,C,,False,0.0003340588,,0.0,0.0,0.5,0.0,0.0,0.00040052755501344554,3.926939e-05,
211,4232,4998,-,A,A,,False,0.0007285738,,0.0,0.0,0.5,0.0,0.0,0.0006023320806029202,3.895027e-05,
212,4233,4999,-,T,T,,False,0.0003938337999999,,0.0,0.0,0.5,0.0,0.0,0.0004311039978162899,3.922095e-05,
213,4234,5000,-,A,A,,False,0.0007285738,,0.0,0.0,0.5,0.0,0.0,0.0006023320806028957,3.895027e-05,
214,4235,5001,-,A,A,,False,0.0007285738,,0.0,0.0,0.5,0.0,0.0,0.000602332080602968,3.895027e-05,
215,4236,5002,-,A,A,,False,0.0007285738,,0.0,0.0,0.5,0.0,0.0,0.0006023320806029093,3.895027e-05,
216,4237,5003,-,G,G,,False,0.00059623975,,0.0,0.0,0.75,0.0,0.0,0.00032434028241557514,5.780127e-05,
217,4238,5004,-,G,G,,False,0.00059623975,,0.0,0.0,0.75,0.0,0.0,0.0003243402824155872,5.780127e-05,
218,4239,5005,-,T,T,,False,0.00067577725,,0.0,0.0,0.75,0.0,0.0,0.0003650861688352304,5.772086e-05,
219,4240,5006,-,A,A,,False,0.0009939273,,0.0,0.0,0.75,0.0,0.0,0.0005280697161465124,5.739960e-05,
220,4241,5007,-,G,G,,False,0.00059623975,,0.0,0.0,0.75,0.0,0.0,0.0003243402824155409,5.780127e-05,
221,4242,5008,-,T,T,,False,0.00067577725,,0.0,0.0,0.75,0.0,0.0,0.0003650861688351567,5.772086e-05,
222,4243,5009,-,A,A,,False,0.0009939273,,0.0,0.0,0.75,0.0,0.0,0.0005280697161465853,5.739960e-05,
223,4244,5010,-,C,C,,False,0.00061896475,,0.0,0.0,0.75,0.0,0.0,0.0003359819635387027,5.777829e-05,
224,4245,5011,-,C,C,,False,0.00061896475,,0.0,0.0,0.75,0.0,0.0,0.0003359819635386963,5.777829e-05,
225,4246,5012,-,C,A,,False,0.00061896475,,0.0,0.0,0.75,0.0,0.0,0.0003359819635386867,5.777829e-05,
226,4247,5013,-,A,A,,False,0.0009939273,,0.0,0.0,0.75,0.0,0.0,0.0005280697161465883,5.739960e-05,
227,4248,5014,-,G,G,,False,0.00059623975,,0.0,0.0,0.75,0.0,0.0,0.00032434028241545566,5.780127e-05,
228,4249,5015,-,G,G,,False,0.00059623975,,0.0,0.0,0.75,0.0,0.0,0.00032434028241546477,5.780127e-05,
229,4250,5016,-,A,A,,False,0.0009939273,,0.0,0.0,0.75,0.0,0.0,0.0005280697161465389,5.739960e-05,
230,4251,5017,-,G,G,,False,0.00059623975,,0.0,0.0,0.75,0.0,0.0,0.0003243402824155052,5.780127e-05,
231,4252,5018,-,G,G,,False,0.00059623975,,0.0,0.0,0.75,0.0,0.0,0.0003243402824155128,5.780127e-05,
232,4253,5019,-,A,A,,False,0.0009939273,,0.0,0.0,0.75,0.0,0.0,0.0005280697161465568,5.739960e-05,
233,4254,5020,-,A,A,,False,0.0009939273,,0.0,0.0,0.75,0.0,0.0,0.0005280697161465525,5.739960e-05,
234,4255,5021,-,A,A,,False,0.0009939273,,0.0,0.0,0.75,0.0,0.0,0.0005280697161466027,5.739960e-05,
235,4256,5022,-,G,G,,False,0.00059623975,,0.0,0.0,0.75,0.0,0.0,0.00032434028241556766,5.780127e-05,
236,4257,5023,-,T,C,,False,0.00067577725,,0.0,0.0,0.75,0.0,0.0,0.00036508616883520675,5.772086e-05,
237,4258,5024,-,A,A,,False,0.0009939273,,0.0,0.0,0.75,0.0,0.0,0.0005280697161465775,5.739960e-05,
238,4259,5025,-,A,A,,False,0.0009939273,,0.0,0.0,0.75,0.0,0.0,0.0005280697161465555,5.739960e-05,
239,4260,5026,-,A,A,,False,0.0009939273,,0.0,0.0,0.75,0.0,0.0,0.0005280697161465232,5.739960e-05,
240,4261,5027,-,A,A,,False,0.0009939273,,0.0,0.0,0.75,0.0,0.0,0.0005280697161466325,5.739960e-05,
241,4262,5028,-,A,A,,False,0.0009939273,,0.0,0.0,0.75,0.0,0.0,0.0005280697161465329,5.739960e-05,
242,4263,5029,-,T,T,,False,0.00067577725,,0.0,0.0,0.75,0.0,0.0,0.00036508616883507074,5.772086e-05,
243,4264,5030,-,C,C,,False,0.00061896475,,0.0,0.0,0.75,0.0,0.0,0.00033598196353873085,5.777829e-05,
244,4265,5031,-,A,A,,False,0.0009939273,,0.0,0.0,0.75,0.0,0.0,0.000528069716146572,5.739960e-05,
245,4266,5032,-,T,T,,False,-0.0023575358,,0.0,0.0,0.75,0.0,0.05,-0.0020519128658057716,8.555866e-05,
246,4267,5033,-,T,T,,False,-0.0023575358,,0.0,0.0,0.75,0.0,0.05,-0.0020519128658056896,8.555866e-05,
247,4268,5034,-,A,A,,False,-0.0020448248,,0.0,0.0,0.75,0.0,0.05,-0.0018918045252456247,8.525741e-05,
248,4269,5035,-,G,A,,False,-0.0024357128,,0.0,0.0,0.75,0.0,0.05,-0.0020919399505009927,8.563403e-05,
249,4270,5036,-,G,G,,False,0.008368458,,0.0,0.0,1.0,0.0,0.05,0.007715116535522389,1.895880e-04,
250,4271,5037,-,G,G,,False,0.008368458,,0.0,0.0,1.0,0.0,0.05,0.0077151165355224425,1.895880e-04,
251,4272,5038,-,A,A,,False,0.008738609,,0.0,0.0,1.0,0.0,0.05,0.00790494629163411,1.891507e-04,
252,4273,5039,-,C,C,,False,0.008389609,,0.0,0.0,1.0,0.0,0.05,0.007725963949001045,1.895630e-04,
253,4274,5040,-,T,T,,False,0.008442488,,0.0,0.0,1.0,0.0,0.05,0.007753082486839004,1.895006e-04,
