polymorphic_index,HXB2_index,nucleotide,TF,epitope,escape,if_special,sc_const,sc_avg,sc_std
0,5051,A,G,,False,,-2.094681e-03,-1.946348e-03,1.537071e-06
1,5062,A,C,,False,,-1.134845e-03,-6.921326e-04,6.936995e-06
2,5094,C,T,,False,,-7.873636e-04,-8.033806e-04,3.640071e-06
3,5125,C,A,,False,,-9.480930e-05,-4.372600e-04,1.171484e-06
4,5201,G,A,,False,,-1.353611e-03,-9.260932e-04,3.042988e-06
5,5209,G,A,,False,,-2.359156e-03,-1.557945e-03,5.306247e-06
6,5223,C,T,,False,,-1.560031e-03,-1.430271e-03,2.014647e-06
7,5230,G,T,,False,,7.923599e-03,4.857028e-03,5.733413e-05
8,5286,G,T,,False,,-2.567918e-03,-2.367617e-03,1.502883e-05
9,5310,G,A,,False,,-1.840659e-03,-1.499019e-03,5.493621e-06
10,5314,G,A,,False,,-4.391959e-04,-7.106100e-04,1.101520e-06
11,5328,G,A,,False,,1.111577e-03,3.405408e-04,1.244642e-05
12,5331,G,A,,False,,-4.605405e-03,-3.767834e-04,7.054191e-06
13,5337,A,C,,False,,8.572951e-04,2.956994e-04,7.923657e-06
13,5337,T,C,,False,,-1.408547e-03,-9.451859e-04,2.270286e-06
14,5346,A,G,,False,,5.689077e-03,2.356142e-03,4.190419e-05
15,5368,T,C,,False,,1.092152e-03,1.079687e-03,2.987619e-05
16,5413,C,T,,False,,-2.061279e-03,-1.186912e-03,1.187086e-05
17,5430,T,C,,False,,8.050745e-04,7.928493e-06,9.864395e-06
18,5457,C,T,,False,,-2.715995e-03,-1.711003e-03,3.939916e-06
19,5486,T,C,,False,,-2.782048e-03,-3.158820e-03,1.484440e-05
20,5487,G,A,,False,,-4.075995e-04,-8.395748e-04,3.247178e-06
21,5513,G,A,,False,,-3.169640e-03,-1.766524e-03,8.251399e-06
22,5515,C,A,,False,,-3.583748e-04,1.131659e-04,4.879176e-06
22,5515,G,A,,False,,-4.043004e-04,-3.874101e-04,5.340381e-06
23,5524,-,C,,False,,-9.991210e-04,-9.833574e-04,2.130371e-06
24,5525,-,C,,False,,-9.991210e-04,-9.833574e-04,2.130371e-06
25,5526,-,T,,False,,-8.973276e-04,-9.024889e-04,2.138085e-06
26,5538,C,T,,False,,-2.715995e-03,-1.711003e-03,3.939916e-06
27,5549,-,T,,False,,-5.379363e-04,-8.181519e-04,4.623539e-06
28,5558,A,G,EDRWNKPQK,True,,-4.733343e-03,-3.021987e-03,7.564731e-06
29,5566,G,A,EDRWNKPQK,True,,-7.936615e-05,-8.692796e-04,1.997564e-05
30,5569,T,C,EDRWNKPQK,True,,9.332461e-03,2.445378e-03,2.958514e-05
31,5570,T,C,EDRWNKPQK,True,,-3.848133e-03,-2.974755e-04,1.719453e-05
32,5573,G,A,EDRWNKPQK,True,,6.430961e-04,1.311070e-03,9.387193e-06
33,5575,G,A,EDRWNKPQK,True,,-4.957747e-04,-1.828615e-04,7.094782e-06
34,5609,G,A,,False,,-9.748659e-04,-2.002099e-04,3.692203e-06
35,5630,A,G,,False,,-4.999351e-03,-5.284633e-03,3.552820e-05
36,5660,C,T,,False,,-1.329778e-03,-8.439555e-04,7.106137e-06
37,5666,A,G,,False,,-3.614447e-04,-3.120767e-03,1.554699e-05
38,5675,C,T,,False,,-1.242867e-03,-5.019164e-04,4.706213e-06
39,5700,A,G,,False,,-1.641148e-03,-1.340789e-03,5.457766e-06
40,5746,G,T,,False,,4.609564e-04,1.535852e-04,1.265704e-05
41,5766,A,G,,False,,-1.264895e-03,-1.206894e-03,6.818881e-06
42,5790,A,G,,False,,-1.182261e-03,-9.187028e-04,6.527032e-06
43,5800,G,A,,False,,-9.748659e-04,-2.002099e-04,3.692203e-06
44,5821,G,A,,False,,-1.664817e-03,-4.537856e-04,1.787295e-06
45,5841,C,T,EPIDPNLEPW,True,True,-1.852398e-03,-1.344516e-03,5.695872e-04
46,5851,A,C,EPIDPNLEPW,True,True,2.692280e-05,1.055296e-03,3.652235e-03
47,5852,T,C,EPIDPNLEPW,False,,-2.702634e-03,1.615759e-05,9.006111e-06
48,5866,G,T,,False,,-2.421693e-03,-4.681947e-04,4.177499e-06
49,5881,A,G,,False,,1.230764e-04,-9.242223e-04,1.512106e-05
50,5884,A,T,,False,,-3.531122e-03,-1.313395e-03,2.558509e-06
51,5887,G,A,,False,,-2.834333e-03,-4.855448e-04,1.350783e-05
52,5890,G,T,,False,,6.211980e-05,-2.664753e-04,1.081581e-05
53,5901,G,A,,False,,-4.360265e-03,-2.023013e-03,7.862394e-06
54,5911,C,T,,False,,-3.486676e-03,-8.820940e-04,2.829357e-06
55,5914,G,A,,False,,-1.294412e-03,-5.794652e-04,2.692463e-06
56,5916,G,A,,False,,-9.597353e-04,-1.038861e-03,5.600382e-06
57,5920,C,T,,False,,-2.439966e-03,-1.092548e-03,2.160509e-06
58,5941,T,C,,False,,-3.944045e-04,-5.808344e-04,6.894639e-06
59,5988,A,G,,False,,4.035965e-03,1.348894e-03,3.605474e-05
60,5991,C,A,,False,,1.028728e-02,2.663865e-03,2.462923e-05
61,5992,A,G,,False,,-8.448195e-04,-2.121163e-03,3.723527e-06
62,5993,A,C,,False,,3.579059e-02,1.926494e-02,2.345379e-04
63,5994,A,G,,False,,5.401783e-03,3.146824e-06,1.515000e-05
64,5998,A,C,,False,,1.845369e-02,1.123312e-02,9.412988e-05
65,6000,A,G,,False,,-7.693699e-03,-6.327312e-03,5.310243e-05
66,6001,A,C,,False,,4.178218e-03,-1.494256e-03,1.590237e-05
66,6001,T,C,,False,,-1.039871e-03,-4.212940e-03,2.816109e-05
67,6006,G,C,,False,,1.385796e-02,6.655950e-03,7.335768e-05
67,6006,T,C,,False,,1.613682e-02,7.360250e-03,8.437241e-05
68,6007,C,T,,False,,-1.086717e-02,-5.473503e-03,3.778128e-05
69,6017,A,G,,False,,5.319372e-04,-1.801975e-03,1.885375e-05
70,6065,C,T,,False,,-1.285276e-03,-1.382209e-03,1.080240e-06
71,6070,T,C,,False,,-1.875717e-03,-1.414677e-03,7.156720e-07
72,6070i,C,A,,False,,1.250005e-03,-3.848991e-04,2.829034e-06
73,6070k,A,G,,False,,-2.099775e-03,-1.688289e-03,4.235538e-06
74,6070m,A,G,,False,,9.443288e-04,6.632517e-04,3.517912e-05
75,6080,A,T,,False,,5.337800e-04,1.201094e-03,3.589775e-05
76,6088,G,A,,False,,1.046194e-02,6.691464e-03,7.136941e-05
77,6095,G,T,,False,,3.764562e-04,-2.688300e-04,4.592711e-06
78,6123,C,T,,False,,-2.508784e-03,-1.124059e-03,1.788540e-06
79,6139,G,A,,False,,1.373047e-04,-9.384553e-05,6.998131e-06
80,6153,G,A,,False,,3.800505e-04,6.143853e-04,6.666981e-06
81,6161,C,T,,False,,-3.173901e-03,-4.226434e-03,4.094743e-05
82,6188,C,A,,False,,-1.925090e-05,1.856532e-04,1.116243e-05
83,6205,G,A,,False,,-3.789309e-04,-6.543382e-04,4.458779e-06
84,6214,G,A,,False,,1.749473e-03,1.896525e-04,9.061270e-06
85,6219,A,G,,False,,-1.224799e-03,-1.007541e-03,6.128536e-06
86,6229,A,G,,False,,-2.998198e-03,-1.535323e-03,2.181847e-06
87,6257,T,G,,False,,-3.389371e-03,-1.070272e-03,5.558574e-06
88,6272,C,A,,False,,5.402781e-04,4.470321e-04,6.280795e-06
89,6278,T,C,,False,,-2.734363e-04,-8.105913e-04,1.610507e-05
90,6294,T,A,,False,,5.289554e-04,3.854648e-04,5.963029e-06
91,6295,A,T,,False,,-7.879245e-04,-1.140575e-03,3.329258e-06
92,6296,A,G,,False,,-2.195420e-03,-6.733519e-04,5.999776e-06
93,6299,T,A,,False,,8.875620e-05,3.043873e-05,5.048474e-06
94,6314,A,G,,False,,-3.242859e-03,-2.612068e-03,6.047781e-06
95,6316,A,G,,False,,-6.517613e-04,-1.085394e-03,4.668205e-06
96,6332,C,T,,False,,-4.641637e-04,-7.262038e-04,6.514709e-06
97,6348,T,G,,False,,-8.768114e-03,-4.691335e-03,3.423727e-05
98,6356,A,G,,False,,1.789580e-02,1.217010e-02,1.322059e-04
99,6365,G,A,,False,,-1.595998e-03,-4.222747e-04,2.129169e-06
100,6378,T,C,,False,,-2.058233e-03,-1.060516e-03,3.737487e-06
101,6401,G,A,,False,,-7.519815e-04,-7.173931e-04,3.201168e-06
102,6407,C,T,,False,,1.954142e-03,6.409441e-04,1.790948e-05
103,6412,G,A,,False,,-9.748659e-04,-2.002099e-04,3.692203e-06
104,6467,G,A,,False,,-2.333513e-03,-2.962054e-04,1.396261e-05
105,6469,G,A,,False,,7.033390e-04,3.606128e-04,1.182811e-05
106,6477,A,G,,False,,8.953261e-03,6.358828e-03,5.502276e-05
107,6478,G,A,,False,,-7.284233e-04,2.968932e-04,2.901316e-05
108,6483,A,G,,False,,2.513864e-03,1.035672e-03,3.121884e-05
109,6488,G,T,,False,,-7.815820e-04,-1.136059e-03,3.295888e-06
110,6503,C,T,,False,,3.329933e-03,6.752071e-05,1.483562e-05
111,6513,G,A,,False,,7.091278e-03,3.469190e-03,4.170283e-05
112,6528,A,G,,False,,-4.681988e-03,-4.469659e-03,2.642001e-05
113,6530,A,T,,False,,-9.250514e-04,-5.954132e-04,7.606976e-06
113,6530,G,T,,False,,-3.393916e-04,-4.375084e-04,4.341739e-06
114,6540,T,G,,False,,-5.644839e-04,-5.727396e-04,2.941045e-06
115,6581,C,T,,False,,-1.073796e-03,-8.896875e-04,5.350715e-06
116,6593,T,C,,False,,-8.456870e-03,-5.051211e-03,1.490996e-05
117,6599,T,C,,False,,-2.261328e-03,-1.405164e-03,6.376933e-06
118,6609,C,T,,False,,6.348190e-04,-4.935315e-04,5.341443e-06
119,6612,G,A,,False,,1.982630e-03,6.705630e-04,1.926454e-05
120,6619,C,A,,False,,2.782045e-03,1.901877e-03,1.337743e-05
120,6619,G,A,,False,,2.014870e-03,2.553092e-03,1.656517e-05
121,6621,A,C,,False,,-4.403357e-04,-3.841091e-04,6.015834e-06
122,6625,A,C,,False,,3.221087e-03,2.171542e-03,3.864857e-05
122,6625,T,C,,False,,1.734732e-03,1.163633e-03,2.022706e-05
123,6627,G,A,,False,,-1.354905e-03,-3.910825e-04,3.376562e-06
124,6628,C,T,,False,,-6.665670e-04,-5.647656e-04,6.109638e-06
125,6629,G,T,,False,,-1.965820e-04,-1.909765e-04,6.028382e-06
126,6630,G,A,,False,,1.774004e-04,1.055081e-04,6.039594e-06
127,6631,T,C,,False,,-9.059670e-04,-7.547984e-04,6.127145e-06
128,6632,T,G,,False,,-2.718220e-04,-2.507011e-04,6.032350e-06
129,6633,A,G,,False,,-1.224799e-03,-1.007541e-03,6.128536e-06
130,6634,A,T,,False,,-2.029245e-04,-1.954923e-04,5.990582e-06
131,6636,G,A,,False,,1.774004e-04,1.055081e-04,6.039594e-06
132,6637,G,A,,False,,1.774004e-04,1.055081e-04,6.039594e-06
133,6639,A,G,,False,,-1.224799e-03,-1.007541e-03,6.128536e-06
134,6640,C,G,,False,,-1.434207e-04,-1.486503e-04,6.016335e-06
135,6641,C,T,,False,,-6.665670e-04,-5.647656e-04,6.109638e-06
136,6643,T,C,,False,,-9.059670e-04,-7.547984e-04,6.127145e-06
137,6644,G,C,,False,,-1.297407e-04,-1.377912e-04,6.015663e-06
138,6645,G,A,,False,,7.915274e-04,2.056169e-04,4.442744e-06
139,6646,A,T,,False,,6.127577e-05,-7.064511e-05,1.411807e-05
139,6646,G,T,,False,,6.779852e-04,7.368840e-04,2.744854e-05
140,6647,A,G,,False,,-1.224799e-03,-1.007541e-03,6.128536e-06
141,6648,A,G,,False,,-2.855850e-03,-7.142392e-04,7.399607e-06
142,6649,A,G,,False,,-1.224799e-03,-1.007541e-03,6.128536e-06
143,6650,T,A,,False,,5.289554e-04,3.854648e-04,5.963029e-06
144,6650a,A,-,,False,,1.147785e-03,9.971399e-04,1.847106e-05
144,6650a,G,-,,False,,1.183122e-03,9.599732e-04,8.469910e-06
145,6650b,A,-,,False,,1.147785e-03,9.971399e-04,1.847106e-05
145,6650b,G,-,,False,,1.183122e-03,9.599732e-04,8.469910e-06
146,6650c,T,-,,False,,1.891366e-03,1.566061e-03,1.701528e-05
147,6650d,A,-,,False,,2.363838e-03,1.586414e-03,8.831296e-06
147,6650d,G,-,,False,,-2.270520e-05,3.786851e-04,2.062177e-05
148,6650e,A,-,,False,,-2.814007e-04,5.563458e-04,1.333997e-05
148,6650e,C,-,,False,,1.306888e-03,1.056228e-03,8.368633e-06
148,6650e,G,-,,False,,2.074411e-03,9.907290e-04,1.544825e-05
149,6650f,C,-,,False,,1.094540e-03,8.912605e-04,8.565139e-06
149,6650f,T,-,,False,,1.335281e-03,1.142485e-03,1.800630e-05
150,6650g,A,-,,False,,6.153472e-04,5.904009e-04,1.989212e-05
151,6650h,A,-,,False,,7.854950e-05,1.235591e-04,1.101900e-05
151,6650h,C,-,,False,,1.650147e-03,6.085561e-04,1.706099e-05
151,6650h,G,-,,False,,-6.378993e-04,3.418888e-04,1.329950e-05
152,6650i,C,-,,False,,1.587585e-03,5.618727e-04,1.725234e-05
152,6650i,T,-,,False,,-7.915909e-04,2.250705e-04,1.347011e-05
153,6650j,A,-,,False,,-1.818091e-03,1.638000e-04,7.602419e-06
154,6650k,A,-,,False,,-1.824642e-03,1.552177e-04,8.795292e-06
154,6650k,C,-,,False,,-9.172728e-04,8.020510e-05,3.658586e-06
155,6650l,C,-,,False,,-9.142628e-04,8.234822e-05,3.654081e-06
155,6650l,G,-,,False,,-1.772618e-03,1.933165e-04,8.583868e-06
156,6650m,A,-,,False,,2.517971e-03,1.273051e-03,1.644829e-05
156,6650m,G,-,,False,,-1.854512e-04,6.852104e-04,1.183605e-05
157,6650n,G,-,,False,,1.195923e-03,1.105340e-03,1.041555e-05
157,6650n,T,-,,False,,1.405714e-03,1.060612e-03,1.670012e-05
158,6650o,G,-,,False,,1.938831e-03,1.602818e-03,1.693376e-05
159,6650p,G,-,,False,,1.938831e-03,1.602818e-03,1.693376e-05
160,6650q,A,-,,False,,1.810118e-03,1.164522e-03,8.207387e-06
160,6650q,G,-,,False,,5.312836e-04,8.007684e-04,1.905392e-05
161,6650r,A,-,,False,,1.701505e-03,1.419032e-03,1.736595e-05
162,6651,G,A,,False,,9.260764e-04,-3.055383e-04,2.079022e-06
163,6653,C,T,,False,,-4.035129e-03,-1.141425e-03,2.088006e-06
164,6654,A,G,,False,,-4.331362e-03,-1.816991e-03,5.603672e-06
165,6656,G,T,,False,,-2.029729e-04,-6.705070e-04,2.255533e-06
166,6661,C,A,,False,,5.312750e-03,3.833319e-03,3.171279e-05
167,6662,T,G,,False,,-1.134016e-02,-3.569191e-03,2.372012e-05
168,6667,A,G,,False,,-1.649395e-03,-1.593276e-03,2.114261e-06
169,6669,G,A,,False,,5.660389e-05,-1.331068e-04,3.597870e-06
170,6670,C,A,,False,,1.540471e-03,1.439174e-03,1.182840e-05
171,6675,A,G,,False,,-9.110624e-04,-6.905500e-04,4.329801e-06
172,6676,G,A,,False,,2.085702e-03,7.538053e-04,1.290680e-05
173,6688,C,A,,False,,1.484002e-03,8.496700e-04,1.094763e-05
174,6715,G,A,,False,,-2.389478e-04,-2.277405e-04,5.164094e-06
175,6728,A,G,,False,,-1.809799e-03,-1.952624e-03,3.388410e-06
176,6729,G,A,,False,,1.905125e-04,-1.060479e-04,1.111744e-05
177,6732,-,A,,False,,-1.550763e-03,-9.204819e-04,4.872014e-06
178,6733,G,A,,False,,-2.089408e-04,-6.178444e-04,5.291760e-06
179,6757,G,A,,False,,-2.822154e-03,6.545200e-04,9.577765e-06
180,6765,A,G,,False,,1.106299e-02,4.736155e-03,5.619815e-05
181,6771,T,A,,False,,1.944304e-03,1.077764e-03,7.518796e-06
182,6772,A,C,,False,,-1.769061e-04,-8.535139e-04,9.243387e-06
182,6772,T,C,,False,,-1.902533e-03,-1.524725e-03,5.110315e-06
183,6777,G,A,,False,,6.364925e-04,2.086392e-03,1.893493e-05
184,6779,T,G,,False,,7.386306e-03,3.009784e-03,5.758278e-05
185,6780,A,G,,False,,-2.329151e-03,-1.650749e-03,1.529639e-05
186,6781,G,A,,False,,-4.712396e-04,-4.043926e-04,6.475846e-06
187,6783,A,G,,False,,-6.694509e-03,-1.600031e-04,3.172906e-05
188,6789,G,A,,False,,-1.032068e-03,-9.051103e-04,1.455776e-05
189,6790,C,A,,False,,7.404287e-03,4.091309e-03,3.248672e-05
189,6790,G,A,,False,,7.948869e-03,4.388944e-03,2.190941e-05
190,6791,T,G,,False,,-2.912880e-05,3.682303e-04,8.971039e-06
191,6794,A,G,,False,,-3.242859e-03,-2.612068e-03,6.047781e-06
192,6798,C,A,,False,,-2.038817e-03,-1.305259e-03,5.205576e-06
193,6801,C,T,,False,,-2.715995e-03,-1.711003e-03,3.939916e-06
194,6812,C,T,,False,,-1.091162e-03,-1.150500e-03,1.980064e-06
195,6824,G,A,,False,,9.260764e-04,-3.055383e-04,2.079022e-06
196,6881,A,T,,False,,7.937180e-03,6.749275e-03,7.644966e-05
196,6881,C,T,,False,,1.400306e-03,1.949202e-03,3.373512e-05
197,6914,G,T,,False,,6.242235e-03,3.039417e-03,4.078934e-05
198,6942,G,A,,False,,-1.152614e-04,-2.165304e-04,2.965901e-06
199,6947,G,T,,False,,-1.587202e-03,-8.664472e-04,6.730704e-06
200,6983,G,A,,False,,-1.707082e-04,-2.045949e-04,2.521619e-06
201,6987,A,G,,False,,5.211689e-03,2.221392e-03,4.095659e-05
202,6989,G,A,,False,,1.774004e-04,1.055081e-04,6.039594e-06
203,6992,T,C,,False,,-1.023942e-03,-4.026358e-04,9.937498e-06
204,6997,C,A,,False,,5.355150e-05,2.237721e-04,8.465023e-06
205,7007,-,A,,False,,8.661079e-03,4.041050e-03,4.437521e-05
206,7010,A,T,,False,,-2.690813e-04,-4.188545e-04,6.794900e-06
207,7023,A,G,,False,,-4.538395e-03,-2.771017e-03,6.072053e-06
208,7028,G,A,,False,,-3.446611e-04,1.910302e-04,1.284152e-05
209,7065,A,G,,False,,-4.911969e-03,-2.801866e-03,8.659633e-06
210,7066,C,T,,False,,8.579691e-03,6.632716e-03,7.455080e-05
211,7074,G,A,,False,,1.072948e-03,-1.580728e-03,1.781153e-05
212,7082,G,A,,False,,1.072948e-03,-1.580728e-03,1.781153e-05
213,7092,A,G,,False,,1.371788e-03,1.768245e-04,1.775287e-05
214,7112,C,T,,False,,-1.329778e-03,-8.439555e-04,7.106137e-06
215,7118,A,G,,False,,-1.841396e-03,-1.823659e-03,1.161144e-06
216,7136,-,A,,False,,2.149112e-03,5.068339e-04,8.912493e-06
217,7148,A,G,,False,,-1.224799e-03,-1.007541e-03,6.128536e-06
218,7160,G,A,,False,,-1.019189e-02,-4.865963e-03,3.847676e-05
219,7199,C,T,,False,,-2.886995e-04,-1.679713e-03,3.638279e-06
220,7205,G,A,,False,,1.774004e-04,1.055081e-04,6.039594e-06
221,7206,A,C,,False,,-3.415510e-04,7.937671e-05,2.259865e-05
222,7214,C,T,,False,,-2.526210e-03,-2.826166e-04,5.648898e-06
223,7219,T,C,,False,,1.009738e-03,-1.049710e-03,5.917317e-06
224,7227,G,A,,False,,6.275678e-03,4.370379e-03,1.943789e-05
225,7229,A,G,,False,,-1.303216e-03,-1.351109e-03,1.495296e-06
226,7242,A,G,,False,,4.631987e-03,1.268796e-03,1.222735e-05
227,7243,C,A,,False,,-7.064938e-03,-3.949225e-03,1.501024e-05
228,7253,A,T,,False,,-1.758593e-04,-8.185506e-05,1.363331e-05
228,7253,C,T,,False,,-2.574604e-04,-2.677446e-04,9.679924e-06
228,7253,G,T,,False,,-4.780534e-04,-5.673629e-04,1.084452e-05
229,7260,C,A,,False,,-6.350021e-04,7.030382e-05,3.647200e-06
230,7262,A,T,,False,,-7.756868e-04,-6.598446e-04,1.262858e-05
230,7262,G,T,,False,,2.354750e-03,1.364838e-03,1.748782e-05
231,7263,A,G,,False,,-2.128258e-03,-7.797745e-04,2.031932e-05
232,7264,G,A,,False,,-2.359156e-03,-1.557945e-03,5.306247e-06
233,7273,G,A,,False,,9.279144e-03,7.405838e-03,8.005670e-05
234,7302,G,A,,False,,5.660389e-05,-1.331068e-04,3.597870e-06
235,7303,G,A,,False,,2.140869e-03,8.409479e-04,1.136137e-05
236,7304,G,A,,False,,-2.929162e-03,-7.039421e-04,5.636021e-06
237,7308,C,A,,False,,1.743577e-03,1.950007e-03,1.552268e-05
238,7309,G,A,,False,,-1.451619e-03,-1.625594e-03,2.168462e-05
239,7325,A,G,,False,,-1.517461e-03,-1.329579e-03,3.027268e-06
240,7337,C,T,,False,,6.617330e-05,-1.325687e-03,2.856690e-06
241,7367,A,G,,False,,-5.366167e-04,-1.230204e-03,2.684597e-06
242,7388,G,A,,False,,-1.872028e-03,-1.040729e-03,3.981022e-06
243,7389,A,G,,False,,-1.170689e-02,-2.152502e-03,3.178273e-05
244,7390,G,A,,False,,2.395262e-03,1.682943e-03,6.238307e-06
245,7391,G,A,,False,,-2.359156e-03,-1.557945e-03,5.306247e-06
246,7398,A,G,,False,,-2.160290e-03,-1.584218e-03,1.771567e-05
247,7401,G,A,,False,,5.295254e-05,-2.728890e-04,4.591489e-06
248,7402,A,G,,False,,-1.349247e-03,-1.385938e-03,4.379952e-06
249,7403,C,T,,False,,-7.784374e-04,-9.342075e-04,4.388704e-06
250,7404,A,G,,False,,-3.320760e-03,-1.213005e-03,9.618516e-06
251,7405,G,A,,False,,-1.918560e-03,-9.995660e-05,9.855653e-06
252,7406,T,C,,False,,-2.972580e-03,-9.393676e-04,9.543592e-06
253,7407,G,A,,False,,-1.662111e-03,3.615324e-04,9.203933e-06
254,7408,A,G,,False,,-2.621724e-03,-7.757008e-04,1.411298e-05
254,7408,C,G,,False,,-2.195218e-03,-1.733890e-05,1.475831e-05
255,7409,A,T,,False,,-2.221241e-04,1.948289e-04,1.312229e-05
255,7409,G,T,,False,,2.621737e-03,6.871777e-04,1.515713e-05
256,7410,-,G,,False,,-5.946792e-04,6.446168e-04,1.031049e-05
257,7411,-,C,,False,,-5.568642e-04,6.748976e-04,1.031688e-05
258,7412,-,A,,False,,6.708330e-05,1.174531e-03,1.043290e-05
259,7446,C,A,,False,,2.012936e-03,1.827997e-03,1.098783e-05
259,7446,G,A,,False,,1.735849e-03,1.253816e-03,5.455073e-06
260,7447,C,A,,False,,1.191402e-03,6.278712e-04,7.427188e-06
261,7448,A,C,,False,,5.313033e-03,2.517609e-03,1.828820e-05
261,7448,T,C,,False,,5.087956e-03,1.886674e-03,2.380405e-05
262,7451,A,T,,False,,-3.204454e-04,1.897848e-04,8.663928e-06
262,7451,C,T,,False,,1.202649e-04,7.265406e-05,6.566207e-06
263,7452,G,A,,False,,2.176300e-03,1.410665e-03,1.649533e-05
264,7453,A,C,,False,,2.338016e-04,-1.322597e-04,7.470410e-06
265,7455,A,T,,False,,4.581799e-04,-9.213801e-05,8.822237e-06
265,7455,C,T,,False,,-8.970758e-04,-1.148208e-03,7.939337e-06
266,7456,T,C,,False,,1.102897e-03,5.595378e-04,1.653090e-05
267,7459,G,A,,False,,1.458605e-03,3.279923e-03,1.472643e-05
268,7461,G,A,,False,,1.111577e-03,3.405408e-04,1.244642e-05
269,7463,T,C,,False,,-1.423658e-03,-5.071823e-04,2.089561e-05
270,7473,A,T,,False,,3.471903e-03,2.471264e-03,2.538669e-05
270,7473,C,T,,False,,7.969670e-03,6.175133e-03,4.787706e-05
271,7474,A,C,,False,,-1.596996e-03,-1.546306e-03,5.796980e-06
272,7480,G,A,,False,,4.840589e-04,6.574133e-04,1.441305e-05
273,7510,A,G,,False,,-1.168675e-03,-1.374246e-03,1.867264e-05
274,7560,C,A,,False,,2.215137e-03,1.129372e-03,9.746506e-06
275,7580,C,A,,False,,-3.425898e-03,-2.326349e-04,2.302712e-06
275,7580,G,A,,False,,-2.157540e-03,-2.760019e-04,2.857839e-06
276,7584,C,T,,False,,1.121423e-03,-1.190543e-03,1.909264e-05
277,7600,A,G,,False,,1.020184e-03,-1.947131e-03,5.611748e-06
278,7601a,-,A,,False,,6.144282e-04,4.755239e-04,1.167381e-05
279,7601b,-,A,,False,,6.144282e-04,4.755239e-04,1.167381e-05
280,7601c,-,T,,False,,8.501820e-05,5.159220e-05,1.137236e-05
281,7602,A,G,,False,,-1.892943e-03,-1.570350e-03,7.807179e-06
282,7603,A,G,,False,,-1.464698e-05,6.639321e-04,1.480819e-05
282,7603,T,G,,False,,9.446028e-05,7.251756e-04,1.579169e-05
283,7605,G,A,,False,,4.196073e-04,3.032515e-04,1.075466e-05
284,7606,T,C,,False,,-1.523066e-03,-1.279430e-03,7.616803e-06
285,7607,T,A,,False,,6.724773e-04,5.129445e-04,1.124436e-05
286,7609,C,A,,False,,6.786848e-04,5.162454e-04,1.116512e-05
287,7610,A,T,,False,,-5.940270e-05,-6.801268e-05,1.109019e-05
288,7611,A,G,,False,,1.064679e-03,7.539075e-04,1.199387e-05
289,7613,T,C,,False,,-6.260277e-04,-5.301893e-04,1.037493e-05
290,7614,G,A,,False,,1.783765e-03,1.608716e-03,1.110920e-05
291,7615,A,C,,False,,-2.789152e-04,-2.438855e-04,1.096423e-05
292,7616,C,A,,False,,6.786848e-04,5.162454e-04,1.116512e-05
293,7617,C,A,,False,,1.346412e-03,5.205705e-04,1.267530e-05
294,7618,T,C,,False,,3.432034e-03,7.042872e-04,5.934588e-06
295,7644,G,A,,False,,2.941451e-03,2.133103e-03,2.021478e-05
296,7651,-,G,,False,,3.406288e-03,5.144812e-04,1.732603e-05
296,7651,A,G,,False,,-1.658225e-03,-1.787326e-03,1.099152e-05
297,7652,A,G,,False,,-1.897975e-03,-1.295910e-03,7.031298e-06
298,7660,A,G,,False,,-1.130958e-02,-5.870971e-03,3.733506e-05
299,7723,G,A,,False,,-7.898201e-04,-8.465469e-04,4.316211e-06
300,7755,-,A,,False,,-1.296929e-03,-1.980008e-03,1.502696e-05
301,7762,C,T,,False,,-3.684809e-03,-1.573250e-03,1.143709e-05
302,7766,G,A,,False,,-7.519815e-04,-7.173931e-04,3.201168e-06
303,7779,T,C,,False,,5.641625e-03,2.959256e-03,4.707874e-05
304,7820,G,A,,False,,-4.957747e-04,-1.828615e-04,7.094782e-06
305,7822,T,C,,False,,6.005798e-03,2.607559e-03,4.187342e-05
306,7827,G,A,,False,,-2.139776e-03,-1.749086e-03,9.888274e-06
307,7830,G,A,,False,,4.323277e-03,3.074144e-03,3.515976e-05
308,7840,C,T,,False,,-8.106672e-04,3.305169e-04,1.629568e-05
309,7913,A,G,,False,,-3.067017e-03,-1.566834e-03,1.799405e-06
310,7940,T,C,,False,,-2.895471e-03,-1.836724e-03,3.374253e-06
311,7968,A,G,,False,,-3.614447e-04,-3.120767e-03,1.554699e-05
312,7983,A,C,,False,,-5.611323e-04,-6.227240e-04,3.550364e-06
313,7988,A,G,,False,,-2.906228e-04,-7.725080e-04,1.263574e-05
314,8021,G,T,,False,,1.791331e-03,1.104059e-03,1.641491e-05
315,8036,T,C,,False,,8.193664e-03,6.544207e-03,8.019833e-05
316,8055,A,G,TAVPWDSSW,True,True,2.473734e-03,2.857144e-03,4.277224e-03
317,8059,A,G,TAVPWDSSW,True,True,2.254138e-03,2.470934e-03,3.853226e-03
318,8063,C,T,TAVPWDSSW,False,,8.210890e-05,-9.758120e-04,2.218898e-06
319,8082,A,G,,False,,-1.224799e-03,-1.007541e-03,6.128536e-06
320,8084,C,T,,False,,-1.000575e-04,-5.421551e-04,5.093382e-06
321,8087,C,T,,False,,-7.873636e-04,-8.033806e-04,3.640071e-06
322,8090,C,T,,False,,2.884891e-03,4.397725e-04,1.590506e-05
323,8096,G,C,,False,,-2.119245e-03,-1.219717e-03,3.351912e-06
324,8142,A,G,,False,,1.941794e-03,-6.771780e-04,1.195805e-05
325,8155,A,G,,False,,-1.228215e-02,-4.315910e-03,2.351244e-05
326,8159,A,G,,False,,-1.841396e-03,-1.823659e-03,1.161144e-06
327,8176,G,A,,False,,8.482328e-03,5.287083e-03,4.121984e-05
327,8176,T,A,,False,,6.938555e-03,5.132098e-03,2.268359e-05
328,8195,G,A,,False,,-2.711441e-03,-1.401152e-03,9.549758e-06
329,8198,G,A,,False,,3.570392e-03,3.490417e-03,1.674553e-05
330,8205,T,C,,False,,-2.679365e-03,-1.282581e-03,2.176242e-06
331,8206,C,T,,False,,-2.325587e-03,-2.696647e-03,1.153700e-05
332,8236,A,G,,False,,3.192907e-03,4.837078e-03,2.556834e-05
333,8257,T,G,,False,,-8.768114e-03,-4.691335e-03,3.423727e-05
334,8267,C,T,,False,,-2.508784e-03,-1.124059e-03,1.788540e-06
335,8297,T,C,,False,,-2.719730e-03,-7.413388e-04,5.851569e-06
336,8319,-,T,,False,,-2.201767e-04,-2.498728e-04,2.373147e-06
337,8369,G,A,,False,,3.327105e-04,2.213591e-03,1.300528e-05
338,8372,A,G,,False,,-8.053908e-04,-5.813365e-04,1.392955e-05
339,8375,C,T,,False,,-6.966983e-04,-7.549395e-04,6.940268e-06
340,8381,T,C,,False,,-8.543086e-04,-6.576337e-04,6.512868e-06
341,8395,G,A,,False,,1.373047e-04,-9.384553e-05,6.998131e-06
342,8443,C,A,,False,,3.650894e-02,1.798075e-02,1.570577e-04
343,8445,T,G,,False,,-1.160920e-03,-7.623410e-04,1.690942e-06
344,8446,G,A,,False,,4.226126e-02,1.949624e-02,1.937686e-04
345,8449,A,G,RNRSIRLVN,True,,3.084419e-03,1.002510e-03,2.003530e-05
346,8451,G,A,RNRSIRLVN,True,,4.759812e-03,3.925739e-04,7.870184e-06
347,8452,G,A,RNRSIRLVN,True,,-5.537272e-03,-1.755249e-04,4.774704e-06
348,8456,C,A,RNRSIRLVN,True,,1.066176e-03,-3.223100e-03,3.260492e-05
349,8458,T,C,RNRSIRLVN,True,,8.375175e-03,4.662903e-03,6.702874e-05
350,8483,C,A,,False,,1.127117e-02,4.917651e-03,4.734618e-05
351,8484,A,G,,False,,2.632893e-02,1.078357e-02,1.145636e-04
352,8486,G,T,,False,,3.127368e-02,1.204611e-02,1.278421e-04
353,8490,A,G,,False,,3.168900e-02,1.529984e-02,1.460092e-04
354,8492,A,C,,False,,1.045814e-02,5.568795e-03,6.409660e-05
355,8577,T,C,,False,,-7.035637e-04,-9.162365e-04,6.555693e-06
356,8585g,A,C,,False,,5.061596e-04,4.176502e-04,7.642932e-06
356,8585g,T,C,,False,,3.919559e-04,3.957429e-04,9.020503e-06
357,8585k,A,G,,False,,-7.747691e-04,-1.300560e-03,6.921706e-06
358,8585m,A,G,,False,,-8.053908e-04,-5.813365e-04,1.392955e-05
359,8595,A,G,,False,,-4.681988e-03,-4.469659e-03,2.642001e-05
360,8613,A,G,,False,,1.982989e-02,9.211863e-03,1.051715e-04
361,8624,A,G,LVQDWGLEL,False,,-8.448195e-04,-2.121163e-03,3.723527e-06
362,8625,A,C,LVQDWGLEL,True,,-5.583290e-05,-1.494895e-03,3.656414e-06
363,8628,A,G,LVQDWGLEL,True,,-1.162500e-04,-2.767233e-04,1.174890e-05
363,8628,T,G,LVQDWGLEL,True,,5.910542e-03,3.178913e-03,3.173114e-05
364,8629,G,A,LVQDWGLEL,True,,1.746923e-04,1.445545e-03,1.880793e-05
364,8629,T,A,LVQDWGLEL,True,,-3.019969e-03,6.916747e-04,1.994118e-05
365,8636,C,T,LVQDWGLEL,False,,-1.818834e-03,-8.704837e-04,3.726888e-06
366,8644,A,T,LVQDWGLEL,True,,-2.071368e-03,-2.594725e-03,1.493796e-05
367,8650,G,A,,False,,3.163213e-03,2.016025e-03,1.308996e-05
368,8651,A,G,,False,,7.741001e-04,2.976158e-04,1.646334e-05
369,8652,G,A,,False,,2.176300e-03,1.410665e-03,1.649533e-05
370,8653,-,G,,False,,1.814716e-03,1.120126e-03,1.624733e-05
371,8674,T,C,,False,,9.340359e-03,3.613534e-03,6.259130e-05
372,8675,T,C,,False,,-2.782048e-03,-3.158820e-03,1.484440e-05
373,8677,T,C,,False,,-2.679365e-03,-1.282581e-03,2.176242e-06
374,8696,G,A,,False,,-4.092516e-03,-1.314656e-03,6.511070e-06
375,8717,G,A,,False,,-2.241086e-03,-1.595882e-03,8.020144e-06
376,8725,G,A,,False,,9.101408e-04,-6.554128e-04,2.799256e-06
377,8739,A,G,,False,,-3.214304e-03,-2.089466e-03,3.437499e-06
378,8744,A,C,,False,,-4.173219e-04,-3.130988e-04,6.372517e-06
379,8784,A,G,,False,,1.004315e-02,4.659952e-03,7.209202e-05
380,8785,T,C,,False,,7.209772e-03,4.290421e-03,5.745668e-05
381,8786,A,T,,False,,-9.247861e-04,-9.362985e-04,7.844509e-06
381,8786,C,T,,False,,-2.480120e-03,-2.107606e-03,1.134035e-05
382,8827,A,G,,False,,-2.076060e-03,-1.390027e-03,2.934225e-06
383,8847,A,G,,False,,5.401783e-03,3.146824e-06,1.515000e-05
384,8853,G,A,,False,,2.199394e-04,1.943460e-04,6.371181e-06
385,8856,T,A,,False,,2.362936e-04,6.342633e-05,2.908406e-06
386,8860,T,C,,False,,-1.198629e-03,-1.076837e-03,3.025891e-06
387,8861,T,G,,False,,-5.644839e-04,-5.727396e-04,2.941045e-06
388,8862,T,A,,False,,2.362936e-04,6.342633e-05,2.908406e-06
389,8864,T,C,,False,,-1.198629e-03,-1.076837e-03,3.025891e-06
390,8867,C,A,,False,,2.246023e-04,5.398331e-05,2.919873e-06
391,8868,A,T,,False,,-4.955864e-04,-5.175308e-04,2.900907e-06
392,8869,G,C,,False,,-4.224027e-04,-4.598298e-04,2.928866e-06
393,8870,G,C,,False,,-4.224027e-04,-4.598298e-04,2.928866e-06
394,8871,G,A,,False,,1.411875e-04,2.449586e-04,5.867870e-06
395,8872,A,G,,False,,-1.517461e-03,-1.329579e-03,3.027268e-06
396,8884,A,G,,False,,3.111409e-03,6.784449e-04,1.571256e-05
397,8910,A,G,,False,,-1.781131e-03,-1.767387e-03,4.894908e-06
398,8945,A,G,,False,,-4.552997e-03,-2.125443e-03,2.542217e-06
399,8948,G,A,,False,,1.774004e-04,1.055081e-04,6.039594e-06
400,8954,A,C,,False,,3.083401e-04,-7.951554e-04,2.130143e-06
401,8968,T,C,,False,,-1.105799e-02,-5.645089e-03,3.758673e-05
402,8988a,A,G,,False,,-2.596930e-03,-1.669847e-03,6.438073e-06
403,9006,T,C,,False,,-8.543086e-04,-6.576337e-04,6.512868e-06
404,9022,G,T,,False,,5.124642e-03,2.206387e-03,1.147811e-05
405,9040,T,A,,False,,-3.645081e-04,-4.800400e-04,2.134697e-06
406,9051,T,C,,False,,-1.799431e-03,-1.620303e-03,2.028154e-06
407,9099,C,T,,False,,-4.798552e-04,-5.377215e-04,3.895845e-06
408,9100,T,C,,False,,7.736049e-03,3.471242e-03,2.653338e-05
409,9103,C,T,,False,,-2.675507e-03,-2.160966e-03,5.812806e-06
410,9120,T,C,,False,,-1.817133e-03,-1.497006e-03,4.222443e-06
411,9132,A,G,,False,,4.820495e-04,-2.477989e-04,9.810042e-06
412,9238,A,G,,False,,-1.614412e-03,-7.299523e-04,1.629776e-05
413,9263,A,C,,False,,-5.846177e-03,-1.744361e-03,1.701955e-05
414,9302,A,G,,False,,-6.894500e-03,-3.277314e-03,3.321799e-05
415,9306,G,A,,False,,-1.595998e-03,-4.222747e-04,2.129169e-06
416,9313,G,A,,False,,-2.929162e-03,-7.039421e-04,5.636021e-06
417,9315,A,G,,False,,-1.264895e-03,-1.206894e-03,6.818881e-06
418,9324,G,T,,False,,3.774507e-03,2.133179e-03,2.539465e-05
419,9341,C,A,,False,,-1.256134e-03,-1.517610e-04,2.097497e-06
420,9354,T,C,,False,,-4.402394e-03,-4.159992e-03,2.571643e-05
421,9356,T,G,,False,,-5.350532e-03,7.557840e-05,9.760591e-06
422,9366,G,A,QLAHRHMAR,False,,7.091278e-03,3.469190e-03,4.170283e-05
423,9368,G,A,QLAHRHMAR,True,True,6.519673e-04,5.632049e-04,9.971431e-04
424,9371,A,G,QLAHRHMAR,True,True,2.081268e-02,7.198977e-03,1.208428e-02
425,9374,-,A,QLAHRHMAR,False,,-8.090242e-03,-4.085654e-03,3.501625e-05
426,9375,-,C,QLAHRHMAR,False,,-8.766142e-03,-4.622650e-03,3.492381e-05
427,9376,C,A,QLAHRHMAR,True,True,-1.324953e-03,-4.617511e-04,2.390965e-04
428,9388,A,C,,False,,7.242734e-03,4.811606e-03,5.326303e-05
429,9446,T,C,,False,,-3.329288e-04,-8.326519e-04,4.674051e-06
430,9447,C,T,,False,,-1.592828e-03,-1.005169e-03,7.132284e-06
431,9450,A,G,,False,,7.741001e-04,2.976158e-04,1.646334e-05
432,9455,C,T,,False,,-3.994764e-03,-1.682668e-03,2.480579e-06
433,9458a,-,A,,False,,5.661810e-04,4.158798e-04,5.898737e-06
434,9458b,-,C,,False,,-5.242632e-04,-3.187607e-04,3.794033e-06
434,9458b,T,C,,False,,-2.297919e-03,-1.579234e-03,2.234392e-06
435,9458c,-,T,,False,,-3.864000e-06,-3.698405e-05,5.944603e-06
436,9458d,-,T,,False,,-3.864000e-06,-3.698405e-05,5.944603e-06
437,9458e,-,G,,False,,-1.463753e-04,-1.502000e-04,5.958032e-06
438,9458f,-,G,,False,,-1.463753e-04,-1.502000e-04,5.958032e-06
439,9458g,-,G,,False,,-1.463753e-04,-1.502000e-04,5.958032e-06
440,9458h,-,C,,False,,-1.056578e-04,-1.178526e-04,5.954116e-06
441,9458i,-,G,,False,,-1.463753e-04,-1.502000e-04,5.958032e-06
442,9458j,-,T,,False,,-3.864000e-06,-3.698405e-05,5.944603e-06
443,9458k,-,T,,False,,-3.864000e-06,-3.698405e-05,5.944603e-06
444,9458l,-,C,,False,,-1.056578e-04,-1.178526e-04,5.954116e-06
445,9459,A,C,,False,,-4.403357e-04,-3.841091e-04,6.015834e-06
446,9460,C,A,,False,,5.172643e-04,3.760218e-04,5.975235e-06
447,9461,T,G,,False,,-2.718220e-04,-2.507011e-04,6.032350e-06
448,9462,T,G,,False,,-2.718220e-04,-2.507011e-04,6.032350e-06
449,9463,G,A,,False,,1.774004e-04,1.055081e-04,6.039594e-06
450,9466,A,T,,False,,-1.284672e-04,5.157113e-04,5.461401e-06
450,9466,C,T,,False,,1.502322e-03,1.301805e-03,9.723094e-06
451,9473,A,T,,False,,-3.540371e-03,-1.980746e-03,5.694873e-06
452,9477,A,C,,False,,-9.552520e-04,-1.147629e-03,4.701675e-06
453,9482,T,C,,False,,-1.732267e-04,-1.515719e-03,2.888706e-06
454,9484,A,G,,False,,-2.099775e-03,-1.688289e-03,4.235538e-06
455,9494,T,C,,False,,1.212502e-02,5.255623e-03,6.358888e-05
456,9584,-,T,,False,,6.443776e-03,3.437209e-03,4.323365e-05
457,9585,-,G,,False,,6.377792e-03,3.635031e-03,3.909787e-05
457,9585,A,G,,False,,1.596408e-03,9.287387e-04,1.530780e-05
458,9586,-,T,,False,,1.019542e-02,5.810957e-03,4.981995e-05
458,9586,C,T,,False,,9.481771e-03,5.478984e-03,4.250572e-05
459,9587,-,C,,False,,6.341576e-03,3.356086e-03,4.325092e-05
460,9588,-,T,,False,,6.443776e-03,3.437209e-03,4.323365e-05
461,9589,-,A,,False,,7.016096e-03,3.891500e-03,4.313791e-05
462,9590,-,G,,False,,6.300696e-03,3.323637e-03,4.325784e-05
