polymorphic_index,HXB2_index,nucleotide,TF,consensus,epitope,escape,sc_old,sc_MPL,tc_MPL,f_at_0,f_at_14,f_at_28,f_at_70,f_at_183,f_at_434,xp_at_0,xp_at_14,xp_at_28,xp_at_70,xp_at_183,xp_at_434
86,5902,A,C,G,NCYCKMCSY,True,-0.000134,-0.000229,0.07556745,0.0,0.0,0.0,0.0,0.0,0.05,0.000000,0.405405,0.700000,1.000000,1.000000,1.000000
87,5915,C,A,C,NCYCKMCSY,True,0.022107,0.018476,0.07556745,0.0,0.0,0.0,0.043478,1.0,1.0,0.000000,0.405405,0.700000,1.000000,1.000000,1.000000
88,5916,G,T,A,NCYCKMCSY,False,0.0519,0.024967,0.07556745,0.0,0.32432,0.7,1.0,1.0,1.0,0.000000,0.405405,0.700000,1.000000,1.000000,1.000000
89,5917,T,G,C,NCYCKMCSY,True,0.050045,0.016155,0.07556745,0.0,0.40541,0.7,1.0,1.0,1.0,0.000000,0.405405,0.700000,1.000000,1.000000,1.000000
182,6849,A,T,T,SFDPIPIHY,True,0.003408,0.003089,-0.002115374,0.0,0.0,0.0,0.0,0.0,0.75,0.000000,0.027027,0.000000,0.000000,0.000000,0.750000
183,6858,-,C,C,SFDPIPIHY,True,0.001355,0.001821,-0.002115374,0.0,0.027027,0.0,0.0,0.0,0.0,0.000000,0.027027,0.000000,0.000000,0.000000,0.750000
184,6859,-,C,C,SFDPIPIHY,True,0.001355,0.001821,-0.002115374,0.0,0.027027,0.0,0.0,0.0,0.0,0.000000,0.027027,0.000000,0.000000,0.000000,0.750000
185,6860,-,A,A,SFDPIPIHY,True,0.001784,0.00225,-0.002115374,0.0,0.027027,0.0,0.0,0.0,0.0,0.000000,0.027027,0.000000,0.000000,0.000000,0.750000
186,6861,-,A,A,SFDPIPIHY,True,0.001784,0.00225,-0.002115374,0.0,0.027027,0.0,0.0,0.0,0.0,0.000000,0.027027,0.000000,0.000000,0.000000,0.750000
187,6862,-,T,T,SFDPIPIHY,True,0.00142,0.001886,-0.002115374,0.0,0.027027,0.0,0.0,0.0,0.0,0.000000,0.027027,0.000000,0.000000,0.000000,0.750000
188,6863,-,T,T,SFDPIPIHY,True,0.00142,0.001886,-0.002115374,0.0,0.027027,0.0,0.0,0.0,0.0,0.000000,0.027027,0.000000,0.000000,0.000000,0.750000
453,8988,C,A,A,EEVGFPVRPQV,True,-0.000238,-2.4e-05,0.08603164,0.0,0.0,0.0,0.043478,0.0,0.0,0.000000,0.000000,0.000000,0.956522,1.000000,1.000000
454,8988a,A,G,G,EEVGFPVRPQV,True,0.025596,0.005361,0.08603164,0.0,0.0,0.0,0.3913,0.0,0.0,0.000000,0.000000,0.000000,0.956522,1.000000,1.000000
455,8988b,G,A,A,EEVGFPVRPQV,True,0.01876,0.001568,0.08603164,0.0,0.0,0.0,0.13043,0.27273,0.0,0.000000,0.000000,0.000000,0.956522,1.000000,1.000000
456,8988c,C,A,A,EEVGFPVRPQV,True,0.002717,0.002003,0.08603164,0.0,0.0,0.0,0.0,0.0,0.85,0.000000,0.000000,0.000000,0.956522,1.000000,1.000000
457,8990,G,A,A,EEVGFPVRPQV,True,0.022653,0.002637,0.08603164,0.0,0.0,0.0,0.3913,0.72727,0.0,0.000000,0.000000,0.000000,0.956522,1.000000,1.000000
458,8991,C,A,A,EEVGFPVRPQV,True,0.011941,0.002781,0.08603164,0.0,0.0,0.0,0.043478,0.0,0.15,0.000000,0.000000,0.000000,0.956522,1.000000,1.000000
