trajectory,ns,dt,sc_0,sc_1,sc_2,sc_3,sc_4,sc_5
0,1000,1,0.012613667268169955,0.028448941595063473,0.003355567594629156,0.002359951480137624,-0.028991106348198233,-0.02101105637669404
0,1000,10,0.014306071830725176,0.027488047515920936,0.0021439555042298535,0.0004713877272912766,-0.03017443517178501,-0.01936647421061975
0,1000,100,0.010337070373304023,0.01914755718880355,0.0002675457205856272,-0.0005161488653688992,-0.03778377491617712,-0.016785154656677556
0,100,1,0.03085604684296719,0.039391584859370034,0.010514763171979804,-0.007707947919777638,-0.008939749427285799,-0.01534183456733346
0,100,10,0.01593392393444975,0.02722048496769643,0.003110902945231199,0.0005879244595122437,-0.031657278955905956,-0.0199746040797867
0,100,100,0.015081451346381307,0.02255373408791741,0.0012170714909321594,-0.0002871430282703908,-0.06691047275614576,-0.016699584711344508
1,1000,1,0.017297192714684353,0.01528387607845199,-0.0012877914068983012,0.010489347100612088,-0.017523362997032714,-0.021277691039826362
1,1000,10,0.015746122265706135,0.0185358787969434,0.0008408805825217695,0.007878414839043396,-0.016293284526860033,-0.020451950352769345
1,1000,100,0.01172099303512849,0.013267086837101138,-0.0028963639632368188,0.006674648181905326,-0.015653477134067183,-0.022285522754473052
1,100,1,0.011248842876657268,0.0001953927937196759,-0.025578891338246135,0.00954463559866211,-0.025654447762429488,-0.03462596739848845
1,100,10,0.014919025969533489,0.01747937917152632,-0.0003794948530074598,0.007003133699072588,-0.01556609804741275,-0.02095248499455831
1,100,100,0.01208354052855844,0.012920364597223129,-0.004320084290901229,0.005107005526196093,-0.01682077031010293,-0.021816807714092053
2,1000,1,0.022027941302458914,0.01999153108783104,0.0055437225723792925,-0.004676082160471558,-0.01857955306588192,-0.020450918482832505
2,1000,10,0.019707606352140125,0.014867167785400716,0.0029435569461448807,-0.0011623878919479606,-0.017879801413797997,-0.014814740631607844
2,1000,100,0.018081565403068448,0.012532119703654332,-0.00037236493171031657,0.000888903422764982,-0.012925255720986416,-0.0126557851127492
2,100,1,-0.002414161786123347,0.0006625988861541336,-0.01409459015023511,-0.013598337421622145,-0.010592844048704036,0.006432381753807665
2,100,10,0.018685569400967057,0.013795850720155958,0.001984843954845478,-0.0012763442254912919,-0.018424366688932443,-0.01611948653265191
2,100,100,0.020287665971476923,0.012848780028966257,-0.0017163835157613064,0.0012476927993066403,-0.015212728938151237,-0.0156903490576593
3,1000,1,0.013221178013675498,0.016561248427145348,-0.003532894532131323,-0.001057614926422989,-0.024495933173394345,-0.02266304827105479
3,1000,10,0.01566483768125745,0.015315912162983635,-0.0035722364833031977,-0.003713850663121566,-0.025947236323997883,-0.025434776505572427
3,1000,100,0.015590153336394746,0.009269080146462258,-0.004703197624471797,-0.007259336778406053,-0.021239072520561838,-0.027420166363647636
3,100,1,0.03208484478108812,0.01933287347592022,-0.009824243587832049,0.017924726209518783,-0.009457869177074491,0.0019071370835264025
3,100,10,0.015803298826123476,0.015481787653369864,-0.003933574065805915,-0.005113995584574782,-0.025964981998561242,-0.02813705175811185
3,100,100,0.015544502282773527,0.013245073342389713,-0.004836486039285347,-0.008730777192459226,-0.027974782848584914,-0.025331295777637628
4,1000,1,0.013555763264536216,0.014505211966251177,0.0010049880378556926,-0.002924184253697753,-0.019445159586584906,-0.015723115606049047
4,1000,10,0.016449129650956486,0.01449258711130406,0.00035923782960766196,-0.002362256744392999,-0.01918231466637029,-0.017521330640752297
4,1000,100,0.012239602252893772,0.012098226083936615,-5.723789236734612e-05,-0.001984735494962636,-0.013163950266127987,-0.016118237313429394
4,100,1,0.02316557695348881,0.01758816926232577,0.01750222613745095,0.0015547846062116915,-0.04478452006548638,-0.03509289776819393
4,100,10,0.01705073315380516,0.012896389078585086,1.7688555604118232e-05,-0.0009457223812123587,-0.021494369223657873,-0.01654982202890887
4,100,100,0.010709147427189395,0.011017130018517582,0.0001497318712229378,-0.0008884711714142609,-0.015238010806771157,-0.01436427988175908
5,1000,1,0.016410580057536317,0.020368576692052928,0.0024597893301375523,0.005912921877631977,-0.018046819525346477,-0.028823738579945073
5,1000,10,0.020324687306264622,0.016170913566331338,-4.874100795673381e-05,0.002183188700930657,-0.01927034236698684,-0.022599846035701854
5,1000,100,0.017332533167404175,0.00963273578303678,0.00047682773325708345,0.001954605411976949,-0.013429265955322966,-0.022758047832823446
5,100,1,0.0018702627763381137,0.0126560750597946,0.00829449853790708,-0.0012216492570932566,-0.003621839904600689,0.007929772287492047
5,100,10,0.02125771635456848,0.015711093846640448,0.00011068437835421842,0.0029844950008439575,-0.020157470069369042,-0.023454471275953785
5,100,100,0.019151084420619927,0.008654702862222953,-3.3800889787999325e-05,0.0011258309243878245,-0.016442643910183238,-0.02640958149899186
6,1000,1,0.01866408135892568,0.019839388980163155,0.007544727827314705,-0.00030203371971256786,-0.01823765843355591,-0.03467719512380168
6,1000,10,0.017409099690244446,0.019010721121628535,0.005024833918129456,-0.0005273446803010183,-0.02042933690350526,-0.033796214466143955
6,1000,100,0.01071692981416935,0.017576548228431885,0.004321158404710867,0.0010320853233458348,-0.020755359309455535,-0.033366061470195774
6,100,1,0.014652933297934507,0.03813972213156174,0.0046471718183593485,-0.016932409421931714,-0.031093236196853686,-0.024206854859580997
6,100,10,0.01817119575998194,0.0193593557039065,0.00509026856732451,0.00012051005921259499,-0.02185438432378485,-0.034224506969390965
6,100,100,0.010768843765183597,0.015914569341103073,0.0023331543332749446,0.001510464385942105,-0.03535405596726705,-0.03343000100441478
7,1000,1,0.017108918866543962,0.01609744748246607,-0.0029493418608725393,0.007467115591205585,-0.009589779839344321,-0.015278359632631628
7,1000,10,0.019271561034578985,0.0173395824931559,-0.0021804246807871513,0.003935299523032128,-0.011737265752528054,-0.018327356200087724
7,1000,100,0.010721211749652786,0.013629802895679416,-0.003549146794139779,0.0020995226792474776,-0.012007489682982405,-0.015406596726198325
7,100,1,0.023281692606321073,0.004540179736604637,-0.00395227265817641,0.009746521503234896,-0.03241708998739039,-0.03846122370172775
7,100,10,0.019194126734387012,0.01728987797435188,-0.0011287183001656821,0.004148330585223662,-0.01158703696141839,-0.019871901184137907
7,100,100,0.010496811086920571,0.0123497005900796,-0.0037372415304218268,0.0022708276070372954,-0.010144200159556506,-0.017008866864428526
8,1000,1,0.012578286776931968,0.018637173189582405,-0.003664200514248489,-0.000681723090963293,-0.02877349161905609,-0.021833687624165495
8,1000,10,0.0155697116438115,0.019077170878145047,-0.0027163076263899684,-0.000909301629947496,-0.024149961889301814,-0.022158131086374787
8,1000,100,0.012068879611133398,0.017121193401564764,-0.003535179989195392,0.000607573863796152,-0.025473479205327165,-0.020752454867049772
8,100,1,-0.013666045467363533,0.01671536194751247,0.008794128870662807,-0.0010566176101285388,-0.07375642379070918,-0.030691209155272882
8,100,10,0.015675429791884826,0.02110989503710117,-0.0014466969422156674,-0.0013773268273402904,-0.024975720688612542,-0.02241917744185
8,100,100,0.011780407769378458,0.018106919502377052,-0.003030799329230393,0.0016988952166597585,-0.02511362879331144,-0.02372011127816761
9,1000,1,0.01653103185241932,0.013810557349334266,-1.1097116159822482e-05,0.001810277128985988,-0.01894618353452166,-0.02449857123552913
9,1000,10,0.011776958959893986,0.016624130111980218,-0.0008596699895018623,-0.00013299095031100137,-0.022067272911977676,-0.02145000301645442
9,1000,100,0.006486733454270337,0.01294369923979536,-0.002408932085823547,-0.00054771931224262,-0.018354765253923693,-0.020019645955001327
9,100,1,0.010415127322838908,0.012256895828744311,0.001646353929646407,0.015589793427789779,-0.02625578132640754,-0.03250471356203507
9,100,10,0.012994751236270028,0.01870677776360793,-0.0013242651112087124,0.0009046265413140759,-0.02414997704188099,-0.020827621069742567
9,100,100,0.007341125830527806,0.015132926752533894,-0.0032185416718095087,0.0003715060431964483,-0.02475100143207916,-0.022465255809169863
10,1000,1,0.020187696981565514,0.021737108439110444,0.00031796726066578675,0.00700360472750441,-0.026303340515436393,-0.019776200535487124
10,1000,10,0.024683909139375387,0.021666661716707312,0.00018922912149598047,0.004862787326793134,-0.028138686037858317,-0.020613135771548694
10,1000,100,0.014051878650326742,0.01612105036181546,-0.002202001073072452,0.006407068020752585,-0.027531241219037307,-0.021910779711444017
10,100,1,0.026671972801095924,0.02202758953575679,-0.0041622327256018755,0.010831169098158877,-0.011276896448621612,-0.0246763029220147
10,100,10,0.023950343580137333,0.01964208879937857,-0.0001710683017723586,0.004940909750865297,-0.031486658039606756,-0.021702028008420325
10,100,100,0.015614185122334524,0.016456049776840894,-0.0026985182842599164,0.005140765441387709,-0.029042063775576554,-0.020824039784117433
11,1000,1,0.020792292515453982,0.01376349669362709,-0.0008754137347672808,0.0014978687041336922,-0.021839678786709074,-0.03046363530821814
11,1000,10,0.018813195776042443,0.014874143701507948,-0.001761339290230367,0.0001528094021778685,-0.01782731141813158,-0.026943688194963924
11,1000,100,0.016225119492790933,0.015211667771346287,0.0009781303175993373,-0.00039055804669767063,-0.018215295289748336,-0.03135532051807548
11,100,1,-0.005267859075637181,0.0008036262904019174,0.004935582095376447,0.018651764936537384,-0.008783151872508119,-0.06830607128289604
11,100,10,0.02055563053291526,0.015117836893578922,-0.001920263343630021,6.125394407408775e-05,-0.017197914489012034,-0.029284743896657674
11,100,100,0.016296505877641528,0.014819540202540648,0.000944406278517915,-0.0015612423820647592,-0.015997812687185333,-0.03291939503134503
12,1000,1,0.0230717193017025,0.02654737066370532,0.0061228080931896335,-0.0011990932565391881,-0.021105161255953266,-0.022715443260336726
12,1000,10,0.02070391737248559,0.027216656914367802,0.002868268061182685,-0.0034109979004271177,-0.018054661352827392,-0.026363526588866034
12,1000,100,0.02106813550857236,0.018314603289823376,0.0032112137826397404,-0.002969756933131548,-0.016341458917140065,-0.030573019212735055
12,100,1,0.006415484967884723,0.009785134893539483,0.01445135579031481,-0.019541188185053526,-0.021741462523255844,0.004747659985602978
12,100,10,0.01964482610884278,0.02766276672456736,0.0022965804462472517,-0.0038247623212662057,-0.018166121868249282,-0.029361281990781054
12,100,100,0.017966257374991995,0.017687365340419245,0.004109785118539829,-0.006013602992228157,-0.015348016377200862,-0.031740984104278884
13,1000,1,0.022140794436290724,0.018666585231153752,-0.004019956632965923,-0.0024339948915283933,-0.014309365687625428,-0.019407330721863167
13,1000,10,0.018273162127022582,0.019093749740243773,-0.001764576276357356,-0.0029971661385551547,-0.014785243475534126,-0.018768677665170555
13,1000,100,0.015450300085011092,0.013794869897004925,-0.004420449486823579,8.148574421652625e-05,-0.011759307308294924,-0.013500188701525036
13,100,1,0.03453268556052255,0.03039827810023123,-0.007739767989811208,-0.0025622095018259295,-0.013451162208113139,-0.009387128105809208
13,100,10,0.017700072857513526,0.02032903774691643,-0.0017635463569899887,-0.0032259111570077685,-0.013691313739616783,-0.01764180694442069
13,100,100,0.01314364228216781,0.016982157028548463,-0.005070384270871164,0.00012701784822644475,-0.010573391264965261,-0.012549475878467699
14,1000,1,0.01547058816794412,0.026189666481577587,-6.643442419247979e-05,0.004024298912396719,-0.015133784121457643,-0.01724210204226736
14,1000,10,0.01457872984385941,0.021179500413427095,0.0024593762698877195,-0.0007058198401777193,-0.017152620897765477,-0.016094811055051655
14,1000,100,0.016707269790808933,0.01841775744070576,0.00023705434321599805,0.0007950641896217143,-0.015137579362447655,-0.012874467482171819
14,100,1,0.025047206079893525,0.032065061417232,-0.004429923066009939,-0.002981646691742091,-0.012898958232448028,-0.009621375163283756
14,100,10,0.01606532547984445,0.020809916305367597,0.0018939382577278314,-0.0011880271845080327,-0.016521103762492283,-0.015905320923987186
14,100,100,0.01779234924021653,0.01684693609043745,-0.0014624624217951917,0.0003734084974112081,-0.015787394811766484,-0.016019419377999597
15,1000,1,0.023816045097531182,0.014969222784912327,-0.0014622961434112732,0.005971872373042468,-0.013762721031169158,-0.0199069652697853
15,1000,10,0.024393345819040135,0.0168221284093946,-5.564462531121272e-06,0.00378149648991724,-0.01727287576786172,-0.021429478971960104
15,1000,100,0.019279789633597753,0.012297711178463457,-0.00043175858274905227,0.0017758003574608223,-0.014437240127994817,-0.023494539543420342
15,100,1,0.009401239523423812,0.033609640567658416,-0.0015332857098750577,-0.0006948524758783534,-0.006035270787864861,-0.0337520125286942
15,100,10,0.024222348695834423,0.017661077581640455,0.00016143715177678605,0.004237783933592347,-0.017539706875032198,-0.021750541370607994
15,100,100,0.02271789941991535,0.012016324043850174,-0.0012465151020521524,0.000691514680153398,-0.012027929728721033,-0.023033039017827304
16,1000,1,0.02058798761902243,0.028413672977248415,0.006568976714552548,0.002144047181921629,-0.01580020288170585,-0.016652762283851093
16,1000,10,0.022603112354037107,0.027514266725475443,0.0038598830979946863,0.002877719025986033,-0.019987940768234284,-0.017829294337908405
16,1000,100,0.020930422148439085,0.02515620223339809,0.004124966178513795,0.001925068874873429,-0.018504651881248096,-0.012848802277088085
16,100,1,0.03464708862166268,0.009982744974078459,0.017602506907471928,0.000735220437801918,0.0016958710540272838,-0.03572625541724207
16,100,10,0.022002193963216135,0.031178970362026097,0.003704695614627791,0.003102427783100628,-0.02005038973602742,-0.017707405909750704
16,100,100,0.012781559311120046,0.028100389472490998,0.0018819970235053336,0.002337035244283307,-0.01828967527090702,-0.013518047880060452
17,1000,1,0.021318209606600805,0.016744103676077662,-0.0035309295333862713,0.005567111816201841,-0.0182341810394281,-0.015262262338765925
17,1000,10,0.018650138681749293,0.0161135393182952,-0.0030205765557612388,0.005254955544068205,-0.01935612850330486,-0.016497331480327723
17,1000,100,0.014080653634369212,0.013681214704099094,-0.00583731227364365,0.0018993844960357193,-0.017429452323583353,-0.01739306932403448
17,100,1,0.015815295313995646,0.04684305647246921,-0.013857190131167107,0.014068550923353802,-0.02380256483507549,-0.03831562409033889
17,100,10,0.02042002902390412,0.015559365838153356,-0.0037394349180427753,0.003705350727210744,-0.019355652173925465,-0.015296007613392658
17,100,100,0.014305385500310786,0.013515865527797004,-0.005556119706305745,0.0013256318903205574,-0.019821730937056217,-0.015039835391291044
18,1000,1,0.01796750326578559,0.02522875728157887,-0.0034890267378636713,0.0037642444440914077,-0.021667345707184513,-0.011049112158786428
18,1000,10,0.016834528554164504,0.0213556522544971,-0.0028743048765343298,0.0028654886127417655,-0.018121427686932527,-0.01203105595866207
18,1000,100,0.016846247020725832,0.01639724674131666,-0.0030241089864578986,0.0026819301220818376,-0.018863600981074504,-0.00927951528934546
18,100,1,0.03990833654379261,0.02748734138800305,-0.013599607732446417,-0.0024036474819608537,-0.045545531004401715,-0.0068965665006248044
18,100,10,0.01702973808880644,0.023095876752235647,-0.0034254651322320586,0.0028281141215416323,-0.01885032017105956,-0.012029699154050345
18,100,100,0.018722053633588937,0.02345453695445526,-0.004804624789302103,0.002781068610500211,-0.01980143774226697,-0.010173279352571023
19,1000,1,0.018897251345675513,0.01851715973696863,0.005165666585443774,-0.0017807464655485892,-0.013441563640338003,-0.012050390869491749
19,1000,10,0.01882179801601455,0.01787581931169597,0.003407596999848141,-0.0033935301815529915,-0.014810035314982475,-0.01691427796818083
19,1000,100,0.014984552490754206,0.015947685475989907,0.0020402964719628135,-0.0036287405064792037,-0.013927010980756856,-0.014868355798044476
19,100,1,0.01689068145483009,0.03604777098168989,0.016446418695876572,0.0028831862186800843,-0.024210728168314006,-0.029631441450921937
19,100,10,0.01879622724935821,0.0188122778145135,0.0034891729819512946,-0.00303514994255471,-0.013751108301905011,-0.017853154231019797
19,100,100,0.01368365722840306,0.015397190228593,0.0014486249397711753,-0.003802967704672908,-0.015230704984005899,-0.014908671744951595
20,1000,1,0.02420256536516932,0.011724927799875957,-0.0031414972229470437,-0.003966647648182551,-0.024181488717801947,-0.014204572445072505
20,1000,10,0.023376392878531705,0.014871130119060445,-0.00208834076182108,-0.0022378461766029297,-0.022314369621165675,-0.013133729704654177
20,1000,100,0.01943174405879297,0.014342292210355172,-0.0021336348770967027,-0.0014961566267822426,-0.027975430596902325,-0.013830330430160404
20,100,1,0.02316966599168613,0.0011427922669439204,-0.00703647168314829,-0.00482501500305347,-0.01028013509535916,-0.023207406743146204
20,100,10,0.02348065433878668,0.01535558511761236,-0.002061560980287196,-0.0036870997353320814,-0.021433737313087082,-0.015682296300472454
20,100,100,0.01951635219767984,0.01206734496040851,-0.000984701000431504,-0.0012766684090971963,-0.023530723430956267,-0.013219872426079665
21,1000,1,0.017534197647965884,0.015623537798969264,-0.0009989255723011142,0.0023662427695616737,-0.02450037212196866,-0.012466684452179043
21,1000,10,0.01885555324604729,0.013376044538344345,-0.0016817974558281177,0.0033738812779507796,-0.024873468161099723,-0.015216444074121422
21,1000,100,0.012864206073921464,0.0077432131611661565,-0.0014141515379641196,0.001630949455021273,-0.01933596436686931,-0.00954298913882341
21,100,1,0.007284181587095294,0.008964044054360819,-0.0019234859489447084,0.007719834727529866,-0.08817342655096923,-0.02408407363794215
21,100,10,0.019518247158497547,0.012936610733554241,-0.0013978572931649881,0.0036394123681326275,-0.02624666386281403,-0.014802538099948657
21,100,100,0.013460471797583586,0.008159009441828872,-0.0005671718759128491,0.002486261117679623,-0.017374651673873046,-0.010067089390009347
22,1000,1,0.016506503898971354,0.0214749979562171,-0.0015235873931310421,0.004127755448622093,-0.023427589580721386,-0.014405232199679747
22,1000,10,0.01773348009813966,0.019070460792554724,-0.0021809359021677114,0.00417945830585915,-0.028139859616577945,-0.016633922918878007
22,1000,100,0.015592396280772762,0.013895191915881787,-0.002624015660099305,0.001744982121991625,-0.035122564189607304,-0.013561837346543535
22,100,1,0.013141606491582188,0.001981913806545515,-0.0008401463997438244,-0.012351505430502611,-0.038221715134998585,-0.03797665985251177
22,100,10,0.018710109841654585,0.019828352744397454,-0.0020355976542238935,0.0025243091170960206,-0.027591244136002904,-0.01721242749254968
22,100,100,0.01767537013691407,0.013952644732300649,-0.0024988656810184112,0.0021759617919336303,-0.0313146607558845,-0.01289743441324533
23,1000,1,0.02211441605272472,0.014480123346290109,-0.0038775030684667366,-0.0018125258162657043,-0.024336203066738994,-0.023967704566432803
23,1000,10,0.026559957969844065,0.018088980383274604,-0.00162275959912754,0.0005670850395973148,-0.022402976279365418,-0.02305851516935537
23,1000,100,0.02232466543612976,0.014382659047610614,-0.0005322096667610347,-0.0010837811825904877,-0.03028986359428526,-0.0208632075029753
23,100,1,0.04429251322029301,0.01891741533347538,-0.012488816760490663,0.008817066310719919,-0.041713303823229055,-0.05435981200724313
23,100,10,0.026312152296778787,0.01887165795720037,-0.0015509978672184563,0.000356023625338353,-0.024058918767172942,-0.02129337612103783
23,100,100,0.024413507031949677,0.01443578664323607,0.0015998420810272084,1.5172698526465159e-05,-0.036286665576300337,-0.01696978060202328
24,1000,1,0.019099968986480698,0.019023907729106414,0.004792961100402368,0.001084952525445565,-0.016341924836550455,-0.018669565326862047
24,1000,10,0.01831396505020706,0.01910304415234305,0.002755399592193179,0.0016155041155187977,-0.019135347507458544,-0.021663734137015354
24,1000,100,0.01486625377989331,0.015408075289862743,0.003917152618180303,0.0027875312544569397,-0.020690321108738113,-0.020059694422830482
24,100,1,0.01448238151555336,0.027762756114332553,0.012686801837471342,0.004527678424198773,-0.03939594042823899,0.008299073680476938
24,100,10,0.019164481758209787,0.017395618298768557,0.003867827821561696,0.0015344590116757155,-0.019905344305146823,-0.02236260678635961
24,100,100,0.0146802133128082,0.014778082662403703,0.003456976124838569,0.0032966975168988335,-0.023787299942095417,-0.019982952399805923
25,1000,1,0.0201162404187587,0.017226846902733146,-0.01005696520018039,-0.004328674947207961,-0.0210804364085067,-0.01644925421702685
25,1000,10,0.021224818279802014,0.017145161367095103,-0.006743154159649019,-0.002174624258296796,-0.021491245578754335,-0.018940043223358474
25,1000,100,0.018525078769534836,0.01392805997892616,-0.0041652319659742495,-0.0011739035200510938,-0.0218226211154941,-0.015266151412416322
25,100,1,0.0603911307840917,0.034283982922526796,-0.021051671863336997,-0.01369905638403367,-0.04579961851522571,0.00811058428842893
25,100,10,0.02085603891008887,0.01659615513850303,-0.006682117263835964,-0.0032603394523798407,-0.021849814516872453,-0.01924166295953385
25,100,100,0.019715896658734675,0.01113793032984734,-0.004098896703731265,-0.0014463986442890058,-0.022264735693363392,-0.01602658233879359
26,1000,1,0.02122860754609518,0.015094476890672934,-0.009304771986685636,0.0009864543774052298,-0.026926503566387254,-0.019430698514500012
26,1000,10,0.018883247645703018,0.015954659462021806,-0.005812105365689173,0.00021974817612016007,-0.028447139959327045,-0.01786317682942934
26,1000,100,0.014762362102617044,0.012022448511965472,-0.006812627509783665,-0.0023785830228708785,-0.0316982954588842,-0.0186638122807016
26,100,1,0.03177328428856388,0.0319644707353363,0.010477803245602777,0.004962817042988302,-0.012632917897628894,-0.06645951501932444
26,100,10,0.017920122111484124,0.016315087333369564,-0.005697203084210229,0.0008243489589020995,-0.027861039777680528,-0.017474502756209966
26,100,100,0.01559268540155015,0.01426450823322175,-0.007034364489151051,-0.0008810908125305685,-0.027574307751798557,-0.019009588234834857
27,1000,1,0.01945100298985678,0.015485546863034286,-0.0005567275885281147,0.005455088235496461,-0.01971223403355184,-0.02866127199552371
27,1000,10,0.023620614893053792,0.018333766327467964,-0.0001263755461382181,0.003215386632218523,-0.021966895873725256,-0.02482890964082567
27,1000,100,0.019059734284873786,0.01344272607526833,0.0007450671685479683,0.002777118488144138,-0.018529205068008012,-0.015352270609095846
27,100,1,0.0081304598628666,0.015321057431730853,-0.013307758502142872,-0.0007369676868896327,-0.02154838071690482,-0.015064647513042881
27,100,10,0.02560895610295254,0.01970624757390433,0.0006433836836833957,0.0033626407836735163,-0.022841511355787318,-0.020883199376889813
27,100,100,0.021954602434524927,0.013863295411305036,-0.0003108541142522046,0.0030483386668379493,-0.01830671340439648,-0.010889779964133954
28,1000,1,0.02200144231014447,0.014675048749227005,0.00033656703686520324,-0.0009379181268964092,-0.016028271791088063,-0.014516293652214164
28,1000,10,0.02028139190470758,0.014894774130413901,-0.00011356083618382928,-0.000482973982367917,-0.015623293233498953,-0.016586841717673603
28,1000,100,0.019543862980969804,0.011738577112904323,-0.002742427733751236,-0.0008358639204886329,-0.021080766659368207,-0.015615816024066698
28,100,1,0.03911590153026471,-0.005738683450396716,-0.007387517229309834,-0.0020908338289720284,-0.0108765025303882,0.001991514562642377
28,100,10,0.020127190376893762,0.015087464599221055,-0.0003770152795715695,-0.0009803477614766236,-0.016804439926081067,-0.017498059796318664
28,100,100,0.020523808201096474,0.013931439880313784,-0.0038267325821497943,0.0009005780369850907,-0.01770600133857294,-0.015072577772622971
29,1000,1,0.02252522416283673,0.015809173309484365,-0.0046073159761895405,0.00297744836230549,-0.018916192969579804,-0.018382141389345654
29,1000,10,0.021059954695699105,0.014871211516618918,-0.004432093435715283,0.0009461346033382777,-0.017315501194904666,-0.018641962399524835
29,1000,100,0.01669285617476464,0.013400358051280705,-0.0065420731950889535,0.0012781483064601264,-0.015087473196937672,-0.022819806449134086
29,100,1,0.013486306568859073,0.023492957897484717,0.0035481825926419928,0.005029244603072169,-0.013699737287152638,-0.0024314902790798744
29,100,10,0.021029471917173116,0.014918571171408965,-0.004144630743843119,0.0011720524439785478,-0.018119481339045954,-0.019703929430150726
29,100,100,0.014382371469223148,0.011183974083297342,-0.005541948468214607,0.0006007478670192532,-0.016913517906284793,-0.023996026266118207
30,1000,1,0.02166694615322969,0.022552589193578387,0.0015259539899091029,0.0019518809969577863,-0.015727861796702526,-0.03088273634805544
30,1000,10,0.021241985294931563,0.018805437553136288,-0.0007369933237252268,0.0028064228449007486,-0.014887394531125815,-0.027969875632339738
30,1000,100,0.015035030162145045,0.013555393391041904,-0.0026888068467357837,0.002497113251557315,-0.01697372126973484,-0.027101426809402276
30,100,1,0.029658767497268576,0.022340900414350273,0.00659264446826456,-0.0059501634738764525,-0.02985434160773022,-0.018571816126342587
30,100,10,0.020845556471213732,0.018964279879226973,2.705619676111423e-05,0.0026562527772659083,-0.012685101570185075,-0.02720781860120459
30,100,100,0.01531760608201452,0.013892857964241577,-0.005143832132782247,0.003079974439873519,-0.016764434438044054,-0.021783699886407975
31,1000,1,0.0338589164288428,0.027205727416475655,-0.000567393475185894,0.00035962073970986807,-0.014791238814720373,-0.014318482891560468
31,1000,10,0.027365631669542076,0.023333696114859914,-0.002568530283132057,0.0011355346018787013,-0.012669097859399353,-0.016886616045465777
31,1000,100,0.022290607169474074,0.018837396650657513,-0.0024814831802970508,-0.0016787577489591997,-0.010169400608792518,-0.014699492962863133
31,100,1,0.02249078585017315,0.027033997247057344,-0.003887969696916258,0.0013796961649133034,-0.011693029401305675,-0.0018766587374107661
31,100,10,0.027764594304273287,0.024112593847944407,-0.0033269636331732804,0.0007372253931991839,-0.011701905668291022,-0.018190503630195184
31,100,100,0.027927659067443752,0.019938021079915737,-0.003442604313262082,-0.0031776295226748673,-0.009791248897494295,-0.016921661326751516
32,1000,1,0.023189807750786662,0.017898924315090547,0.0055696751069196715,0.0031760425411863314,-0.020320974328126237,-0.018569099911732525
32,1000,10,0.0212248913612181,0.017983293581283526,0.003997963551524254,4.849130720428457e-05,-0.020013715620691534,-0.023955881113600263
32,1000,100,0.011171878953096704,0.014667144350226645,0.005064467583098449,-0.003114416576387292,-0.01590138653067719,-0.018199937732603682
32,100,1,0.015139048461343016,-0.01309503225390968,-0.0019134709733757136,-0.008847950365978276,-0.005300841681887481,-0.034674530143991536
32,100,10,0.022009414865528404,0.019428143375202926,0.0027777072750316033,0.0001511393005361758,-0.019569504654465074,-0.023458386746983067
32,100,100,0.011190382545742918,0.014773881890752514,0.004427522727894429,-0.0018791359355130614,-0.014743529170135538,-0.021812581047992458
33,1000,1,0.023815818772374892,0.015361622472828046,-0.0021390606408427312,-0.00041045325812417895,-0.01345344344353741,-0.01805428912638114
33,1000,10,0.022434132558781218,0.017933996788600404,-0.0013026539370009278,0.0017154928029446564,-0.01779378882049352,-0.021112737184063275
33,1000,100,0.018933201116940992,0.01718075039819083,-0.0026131885560534652,0.003284273482283594,-0.018464961207026686,-0.0231281738677913
33,100,1,0.02777571486410448,0.007775303727303254,0.002484513633828886,-0.0027514486168457503,0.004417432801361929,-0.039798884447561834
33,100,10,0.021360450614407844,0.017514720834393607,-0.001576469801934852,0.0022933545325290283,-0.01921387249063139,-0.019750359319311385
33,100,100,0.017502122087831622,0.013518325725339708,-0.0024314606192027207,0.004062021028611742,-0.019072591481461565,-0.02478326075223444
34,1000,1,0.014106429143188708,0.021099489783566364,3.7813866930897626e-05,0.0040789764457659465,-0.015282185140839559,-0.013077843798405424
34,1000,10,0.01431833109217514,0.01978032252178944,-0.0016038306040833082,0.0027140640362172982,-0.015012856869775954,-0.018873028025843945
34,1000,100,0.012960740184986903,0.01751308260380138,-0.003276454765413375,0.0019423112593496294,-0.010208170719378098,-0.022438074026001693
34,100,1,0.014956845718091112,0.014165465098421877,-0.004064232989518038,0.012835003563509795,-0.016674525923786463,-0.016713472603915265
34,100,10,0.01454356998164678,0.01944452952302461,-0.0023859439105651365,0.0036027630046412524,-0.014377150059158366,-0.017807071895069183
34,100,100,0.015385832189322964,0.020655223912889518,-0.003960371096360901,0.0028398554376934584,-0.008633664298429293,-0.023189190641632797
35,1000,1,0.02637536216781673,0.023451830801705313,-0.0019499436556990799,-0.0009733751693634035,-0.01879862470061113,-0.0212716274106861
35,1000,10,0.023610062573219796,0.02564786884077972,9.988974104891904e-05,-0.0030754150240217596,-0.01786381705041599,-0.022214389102100555
35,1000,100,0.015268825127149168,0.02456777442484177,-0.0012926662356755236,-0.004893466390227994,-0.01635692897288836,-0.016609728680287726
35,100,1,0.006588279139195479,0.04907731623178505,-0.008995619169991774,0.006111846561643932,-0.007362541794315471,-0.03854044068479726
35,100,10,0.024550262377438986,0.026361882783698398,2.37821080145815e-05,-0.00352184217419246,-0.021386503895952324,-0.02292597039036652
35,100,100,0.01824246495177359,0.032736414052988556,-0.0018566242147301994,-0.005508579926916105,-0.017480105767011197,-0.021421032989051684
36,1000,1,0.019186739403180796,0.022705311549477213,0.00444574566484272,0.0007895767793459061,-0.022585714575653424,-0.013859511052194353
36,1000,10,0.021685940580458175,0.022494899608155667,0.004932207182722183,0.00045341541300103824,-0.018403319319906353,-0.016820955837494482
36,1000,100,0.016110370404739727,0.012127372204765108,0.003147030244640578,-0.0018270395518481418,-0.016953574722688557,-0.013344762878577575
36,100,1,0.026623856932325128,0.023553828509472383,0.010323518376715541,0.0003446554600538013,-0.011502170375507409,-0.0389769262554218
36,100,10,0.022444743819711517,0.022470661126678927,0.004826228865205507,0.001275999895286899,-0.021492571428773397,-0.01712901917841137
36,100,100,0.016111418524441066,0.011247693876841668,0.0030199024696552436,-0.0029650178675295212,-0.019674460291053266,-0.013202760172455828
37,1000,1,0.01354357498225742,0.014074914054323318,0.002101644245856202,0.0003576007079201024,-0.02300904588921562,-0.012965773562496624
37,1000,10,0.016343098466574103,0.013047457891342052,0.000636616100581889,0.0003593496413030397,-0.020056954212593216,-0.017054543064674042
37,1000,100,0.018758043940444617,0.006912363887242678,-0.001575277615815846,-0.0012979931021130436,-0.022461004867567927,-0.021592861636086855
37,100,1,0.011934222539665966,0.020117665894573537,-0.011869801190502101,0.012885360012235291,-0.0024244151449877055,-0.03608076850140599
37,100,10,0.01690582552736469,0.01412099367665143,0.0014481713208700149,-0.00034430801124613226,-0.02029889108712724,-0.018026488189332987
37,100,100,0.019582900405823906,0.009459635906565516,-0.0010756558042672954,-0.0018063008771841771,-0.02403711870326728,-0.020678055028569904
38,1000,1,0.01626735334164587,0.015364508757509322,0.0005891602837251509,0.0038977843381015104,-0.009443006469127747,-0.016404642237776008
38,1000,10,0.013396130339419964,0.017574253676417167,-0.001468169833365899,0.003938180675015058,-0.018560150429254924,-0.01919740202973606
38,1000,100,0.007748483436951598,0.017416421122160075,-0.00231313881318023,0.0006762573040543802,-0.021492945434402333,-0.01704187156562328
38,100,1,0.005694076417426278,0.044485293684877095,-0.002824645082281907,0.011634656131904416,-0.03118095401224502,-0.02215234610679301
38,100,10,0.013069298268654635,0.01896887324690948,-0.0016497608929094412,0.0026990533346674507,-0.018851358682941684,-0.019570070689505763
38,100,100,0.006947510295652756,0.017306088856335708,-0.0015094764105707625,0.001285831983486636,-0.02167364517378552,-0.015432642504950774
39,1000,1,0.020635798792428293,0.028350902059533983,-0.0005856207484397242,0.00797103763362119,-0.016891520615507326,-0.016247446891146957
39,1000,10,0.02365719478638523,0.032566923211893715,-0.003859673037161932,0.00473942021232468,-0.021049431984866702,-0.01807367368854589
39,1000,100,0.01649115763766175,0.026638659601126394,-0.0030851379867983457,0.0006553161868200638,-0.022975913360247183,-0.02523208388594609
39,100,1,0.03013728662697193,0.027358101316169454,0.016304325026793104,0.020384903437982185,-0.008396891084757503,-0.037652175202622803
39,100,10,0.022942009997627997,0.03517285366952384,-0.0036981851657271357,0.003826669018365781,-0.02185917160223761,-0.016375108911693435
39,100,100,0.016653098635774036,0.026212997392716274,-0.006215965565980073,-0.00047099133571920914,-0.021829342147631915,-0.023436428641726372
40,1000,1,0.02368600633438636,0.025826488056320193,-0.0036039990806547343,0.0029117457680587974,-0.012650940861435986,-0.02570194063900738
40,1000,10,0.018990380247561143,0.02324634017377357,-0.0013097585046485053,3.372856840377892e-05,-0.01703833134580119,-0.02022904014682985
40,1000,100,0.01170080582251633,0.013675975098995919,0.0015652321475051927,-0.0016907807677821087,-0.022093053321337507,-0.022310234590956744
40,100,1,0.00890685119119043,0.01300294439046798,-0.017137313691118972,0.0037736079187563666,-0.016662639017722608,-0.02206513135441306
40,100,10,0.019544326191726708,0.02157989580698816,-0.002121125174460598,-0.000283380825856402,-0.017212430251424396,-0.019300860907826945
40,100,100,0.013112581783047207,0.012875761960454197,0.002258487433275184,-0.0026957615334779928,-0.024664965423204722,-0.016901541659421895
41,1000,1,0.0175672058694203,0.019119224239565896,0.008574821857864075,0.0011683191744230827,-0.015648139242478386,-0.02313783405174826
41,1000,10,0.016434098167908202,0.014712642618852603,0.004955104877173441,0.0005270635878910988,-0.019574428970401243,-0.024692101125863748
41,1000,100,0.01244976021738186,0.014822649248142144,0.005516398286987187,0.0031585301124244414,-0.024107086553650268,-0.025558897317116438
41,100,1,0.012898907442388141,0.003452832724072147,0.021900205219980547,0.01616022318292041,0.003757339911766216,-0.03143917208457985
41,100,10,0.018028012259712775,0.013996353147497753,0.004732299360973433,0.0013612065036907738,-0.0219214434559832,-0.026201065678988656
41,100,100,0.013895913246165188,0.016008751108676667,0.004494687194336139,0.004938266960200335,-0.026398030420091187,-0.02456929507112088
42,1000,1,0.015604050848792465,0.01108262449043441,-0.006004469143045001,-0.002073653111709513,-0.006038980730634809,-0.01430233903265115
42,1000,10,0.01942323185220261,0.011123969189462828,-0.004049764211698329,-0.0013992224672092388,-0.013628818659615618,-0.01278345263520458
42,1000,100,0.012903790501977774,0.007203504163737098,-0.005752111526006412,-0.0023491175082415348,-0.012324347333900997,-0.008788342465236883
42,100,1,1.8031160961201403e-06,0.023172223322380486,-0.002238431023061897,-0.0277042157986317,0.001377845850411136,-0.017384445316691463
42,100,10,0.021584432497110465,0.01225858499981888,-0.003693731963875212,-0.001587360591267958,-0.014580662244637669,-0.012831024654292108
42,100,100,0.013815922148815446,0.00716562445256243,-0.0037145409395826917,-0.003214295888123804,-0.010926895751711805,-0.00797623304649026
43,1000,1,0.020573390586250715,0.015885695712481235,-0.00011863293108334057,0.0014765333794621285,-0.02490511902078283,-0.025004891193686804
43,1000,10,0.016728772017598877,0.01609172385249521,-0.0009136811032591552,0.0004460074372557631,-0.02269941017410665,-0.02015377464395957
43,1000,100,0.012568222320768806,0.014196053526868636,-0.0004486098417434926,0.0007291117788201256,-0.02527404913316389,-0.021549145149201823
43,100,1,0.026618649064395563,0.01924879722294423,-0.012276725526692388,0.018468290786315657,-0.023905237154783134,-0.06757546756026951
43,100,10,0.01684934333781217,0.013761616337528664,-0.0018768700552500984,0.0016778312595447725,-0.022752649524323616,-0.0220503910739443
43,100,100,0.011554015009755995,0.011827935974033,-0.0010343897272369442,0.0014186635610259006,-0.023954240901992697,-0.0202823798388179
44,1000,1,0.025661112081619357,0.022302369288162965,-0.004422828601050656,0.003413746912516844,-0.02385844560357415,-0.016665931205617733
44,1000,10,0.02107066472672239,0.020435322293873744,-0.005047367170874329,0.0014331330565681896,-0.017979757464404823,-0.020216618742287692
44,1000,100,0.01577117967526179,0.019977550235087713,-0.00396585624809763,0.0010864216432395497,-0.019746699735250832,-0.013833403340210763
44,100,1,0.029853969967649472,0.018585996035442382,0.010377491388968147,-0.011590074973611244,-0.018083827476920923,-0.012494129144237308
44,100,10,0.0204301685092541,0.020790872601758374,-0.004945528416123449,0.0005879180182429935,-0.01646355914009573,-0.020292919990262615
44,100,100,0.014897274109617331,0.02139541499906224,-0.004107994254873246,-0.0008697050480931577,-0.02077168328470183,-0.016633889679151966
45,1000,1,0.020764703951464986,0.025624989634816773,1.8405490632505774e-05,-0.003000894268634395,-0.021691204208147616,-0.01292318637559458
45,1000,10,0.01877476944065393,0.02233988014964726,0.002235452844713599,0.0005351984292309652,-0.02775616437192045,-0.015260046791948551
45,1000,100,0.018521828434309395,0.01792890223119498,0.00011759722701207921,0.00036307566169102476,-0.025665269500922513,-0.016633888072376094
45,100,1,0.013517272628513696,0.006945686320317863,-0.012211753991674474,0.015849719931318982,-0.01957848456616455,-0.027548726687929598
45,100,10,0.018979832958705055,0.024242811847035126,0.0018352280766107836,-0.0001407399270091276,-0.03038655057035542,-0.014998483817533097
45,100,100,0.01749050574922774,0.019396279680789788,0.0012341398947224873,-0.0019271271664736682,-0.02330217150426348,-0.015077788080591013
46,1000,1,0.015184119726574234,0.024533203192247968,0.0017814449746176978,0.0005532599294624173,-0.030412624977833418,-0.017943823889081324
46,1000,10,0.014887814572936368,0.023225390799515695,0.006779338545731194,0.0006033581030264621,-0.02316834539640459,-0.015275170396567707
46,1000,100,0.011001968985872808,0.01387285919426959,0.0068722600622267765,5.592488770179063e-05,-0.01683469253400566,-0.022311200537972167
46,100,1,0.025362688027343747,-0.0030452252921382827,0.007931436265235866,0.0044718078160272,-0.05718205466595054,-0.008231663187408839
46,100,10,0.013955799336315949,0.02384939103010841,0.006452000610640145,-3.8253751298726066e-05,-0.022278753429182764,-0.01562790138616923
46,100,100,0.008515269089291143,0.013867219314456648,0.006297166016869537,-0.000249227593222665,-0.022148156910167745,-0.02385242900221738
47,1000,1,0.024670897580529077,0.018666860576445274,-0.0041826418896463505,0.004592689824542939,-0.01813735562152201,-0.010875106451513255
47,1000,10,0.023699020407255134,0.017838558374737384,-0.003713006472428866,0.004729629034203697,-0.013328216840535043,-0.013869969849414021
47,1000,100,0.0231514174749606,0.018567918984040154,-0.002305191779794559,0.0035796956494142467,-0.011182202792003545,-0.013549933130272153
47,100,1,0.01314189188619978,0.04920498960131062,-0.018475264807860017,0.02624961808847304,-0.01471049368026565,-0.028261353500232254
47,100,10,0.02482199001839031,0.01739927600197556,-0.004182081339258368,0.005748939644695571,-0.015447016444629376,-0.01395457806701654
47,100,100,0.025745923989356243,0.01863435587305391,-0.001732001285851087,0.006353322999525685,-0.013518601962407185,-0.014784734258702786
48,1000,1,0.012973902007900573,0.01622505466085222,0.0035326678572720573,-0.007094813661637935,-0.018860144150227024,-0.018875386871537867
48,1000,10,0.015003231755146472,0.017721821545185663,0.005323848358628478,-0.009201224946192728,-0.021037618713419037,-0.016956214282379842
48,1000,100,0.013672622107711014,0.010252445062340592,0.004956853088385141,-0.009137804707406256,-0.024190892451227422,-0.021593950063883663
48,100,1,0.04078863124581083,-0.0038886207298729535,0.017437920161402186,-0.014219052806713534,-0.000895057738605057,-0.009094438557487516
48,100,10,0.014168614365257117,0.020896207818346686,0.00683625399007934,-0.010114103100200408,-0.01974510206921691,-0.016213994356061932
48,100,100,0.011666471020507219,0.012897945205763315,0.005731363537048063,-0.008390809411488804,-0.022751136089997737,-0.01539819565317377
49,1000,1,0.02388129590310109,0.02294296104460216,0.0015959605797027348,-0.0038196091596710106,-0.018093737053942485,-0.013935737968353032
49,1000,10,0.02099041112845532,0.021900148159354,0.00028459877382842945,0.0010113074152923666,-0.020803111302816084,-0.017626649604633136
49,1000,100,0.017399101110529912,0.015074580686366317,0.00043822870878677984,0.002522102461299993,-0.010199477706688623,-0.02247240947610178
49,100,1,0.004669350702563407,0.04982574186548314,0.004220295055704852,-0.0008720619499555578,-0.02378838503234712,0.004698920910909392
49,100,10,0.022739621209974872,0.021727344003293143,-0.0006245079056736168,0.0010732344201924598,-0.022704788932092438,-0.016278840434707148
49,100,100,0.018132586270747455,0.014674153360034898,-0.00025724201098980014,0.002050742666549,-0.01324848558906691,-0.025131451913916858
50,1000,1,0.02018485961520935,0.010566930563508487,0.000387257434630504,-0.003841693983992592,-0.017867062111049083,-0.01738753607001762
50,1000,10,0.018859954593707613,0.012786744158615136,0.0002250446090452454,-0.0031036224339390404,-0.023272418155960938,-0.02056603226414006
50,1000,100,0.014726638432250127,0.007148863084761392,-0.0004955187648688541,-0.004130688168551709,-0.023273339323329437,-0.015015367197379339
50,100,1,0.00763351183172845,0.026197778196397282,0.0005551777718515074,-0.017646680904389204,-0.007074176883878286,-0.0307236507906134
50,100,10,0.019589723927462763,0.013286559847469206,0.0005344696442539721,-0.0033400106330441527,-0.02079496891145778,-0.020785493370131886
50,100,100,0.01641952917275393,0.007667554278627185,0.0007813406769330909,-0.006448992027301436,-0.0252053818268249,-0.014089815101524052
51,1000,1,0.015054223739163179,0.009640982165385073,-0.001850347114685921,-0.002731799696694626,-0.01721079701126972,-0.023371829845940058
51,1000,10,0.015618521148249985,0.015012068273608865,-0.002665270573202369,-0.005085597608557744,-0.018625773212874983,-0.0204840992754326
51,1000,100,0.013411315331969025,0.013187899985220648,-0.0017727197397924943,-0.004311727100342,-0.017118735904156364,-0.033895415102391475
51,100,1,0.00026585496292658644,-0.007110284648701961,-0.004400521701089767,-0.006607071154456232,-0.006512050430966948,-0.04407314275754685
51,100,10,0.015698036155140767,0.01538381787345515,-0.002857796682723788,-0.003881374601913755,-0.01752150352282824,-0.02100336858913865
51,100,100,0.013387732815692893,0.013967670372697904,-0.003411577577544223,-0.002855581660829491,-0.018191714881480216,-0.027444528127821475
52,1000,1,0.01574542706998985,0.029721905427496455,0.0009959116010396752,0.0012462207640117863,-0.027594985794775748,-0.017545256249324095
52,1000,10,0.01251141682118651,0.026624031830647633,-4.3896251777091385e-05,0.003975449192568531,-0.02358733114343336,-0.01624154627555658
52,1000,100,0.011375503654531683,0.01868830580451428,-0.001291655620635591,0.006192028376670771,-0.020957039087580745,-0.019167680560792443
52,100,1,0.03077464902480995,0.028445371867874727,-0.003280312574534252,-0.016772225591868056,-0.04467254029529383,-0.01208526065033608
52,100,10,0.012430526724193777,0.0265091024532621,0.00017643722369842382,0.0044538957293427705,-0.02147462369578686,-0.015316245405009992
52,100,100,0.010217476214037192,0.019058832015656665,-0.0005815630204897654,0.005567792628562957,-0.023096260732236803,-0.016279277436290058
53,1000,1,0.01714619408448294,0.020411456221846334,-0.0008851893649528874,-0.0023301804004580012,-0.014633270477054929,-0.018138625689454537
53,1000,10,0.016892096433811794,0.02153086443114659,0.0024950894247091496,-0.0012692858034673475,-0.016164873213518748,-0.02029951670863135
53,1000,100,0.012216900137636582,0.013951144347895007,0.0019283178504607345,-0.00034708083399258885,-0.012666862369097963,-0.014169921141981146
53,100,1,0.021390901282546542,0.00018728055744897566,0.008238236404085946,-0.011728204580677545,0.024314594400430104,-0.030729464361221398
53,100,10,0.016878589180738684,0.02036275433563757,0.0019171224088303464,-0.0009904230425573958,-0.015241906388127108,-0.020974498293763882
53,100,100,0.013560777688513381,0.012360177715622145,0.0017628036952069776,-0.0003892237069930785,-0.01506565552049744,-0.012305043464875464
54,1000,1,0.013592127634955669,0.022967158214724573,-0.008771871342634697,0.0027871422915053874,-0.012609394083894868,-0.01998143423340365
54,1000,10,0.012472375082664848,0.020912442344804993,-0.005449501659219544,0.0017545876856123392,-0.0102834434217978,-0.025196089012943883
54,1000,100,0.011749014633138339,0.017579973352443556,-0.006529631305162272,0.0016237153651816607,-0.012886344228373642,-0.0269603297744106
54,100,1,0.020223753761576285,0.025306386136739797,0.007080449552531011,-0.017768719280730823,0.01992395780588824,-0.007006514424404346
54,100,10,0.011825748726350888,0.020400429249657438,-0.00524003937289358,0.0017841421627542687,-0.009995354546253105,-0.028566280322006275
54,100,100,0.011729947371814355,0.017270948938497236,-0.005837363014746914,0.001289061224530517,-0.01568735832493475,-0.03456137193216025
55,1000,1,0.017751859732250658,0.011969975245544218,-0.0040740284397727655,0.005046798932594728,-0.01353453647953577,-0.02488691882845055
55,1000,10,0.01908504439998441,0.01736869471775318,-0.003562484568834364,0.0028601139161742836,-0.015080712961899832,-0.02294041201957862
55,1000,100,0.014593284120043836,0.01628827744493738,-0.0046501423365933724,0.002923242191590061,-0.01193858257513324,-0.028496127879385737
55,100,1,0.028939704585581528,-0.008156777302130238,-0.0072643948145278145,0.012664319462756259,0.012493066717962232,-0.0706302869736428
55,100,10,0.01924078012771284,0.01518117020533429,-0.004107414871786003,0.002806427074482937,-0.013085485657242874,-0.024170942470016568
55,100,100,0.015090910581039218,0.017988172650704903,-0.006226905002325262,0.004142230406700548,-0.008847912085035313,-0.04070665176999678
56,1000,1,0.00997798356420736,0.020193512177318088,-0.0024482089904592956,0.0010579990984052475,-0.02875642697079541,-0.020039867569024296
56,1000,10,0.010216036159158517,0.019107065077832972,-0.002834241967122249,0.002944339544220035,-0.026032960966115168,-0.021571729229783523
56,1000,100,0.0072406078600065794,0.01511814595104492,-0.0030129587550760577,0.0017090937957235952,-0.01813067091369056,-0.01881986633469028
56,100,1,0.010433668547773561,0.04389206831869043,-0.011300841622944443,0.011639846916925729,-0.008046284234333416,-0.016228545192694913
56,100,10,0.010367218708951187,0.018763383147399577,-0.0031153255795784243,0.0029260013592839248,-0.027965165887347054,-0.023841605688328504
56,100,100,0.007227414932671367,0.017200337105978535,-0.0033976484625979934,0.0004839682508509739,-0.01898568582255204,-0.021751186980570516
57,1000,1,0.015984914898175936,0.012979071034306563,0.003639443653106405,-0.003312067565739419,-0.018677735127283428,-0.01584735587289932
57,1000,10,0.010817645376386647,0.01477616766612293,0.0047269548830596525,-0.000133299861545694,-0.023292535557453368,-0.014760721581242097
57,1000,100,0.009269462794452682,0.012803927311535745,0.003892361081083935,-2.3641029236832207e-05,-0.025509428834557434,-0.013700586806159707
57,100,1,0.023358023305421256,0.013994064007645707,0.013535191890014016,-0.0014286462717026287,-0.04646880607171796,-0.01701481478639762
57,100,10,0.011928149204994569,0.01555736952982548,0.004759334071552566,-0.0004589927764072808,-0.023949851063160284,-0.015595009006058137
57,100,100,0.007400391694679187,0.012898704282349165,0.004853246905116535,-0.00048333480042979604,-0.026737122695948686,-0.011496633537411672
58,1000,1,0.027575815379153573,0.01558799888373425,-0.004584752621142904,-0.00534307985417549,-0.01104815624344294,-0.02212181187503963
58,1000,10,0.02013351150478112,0.015769215452089567,-0.0030951711719331377,-0.002688032253294913,-0.0158125005655826,-0.02419007003814765
58,1000,100,0.013432652158338306,0.014616272803704516,-0.00023199335968279288,-0.002158758110924255,-0.009377848155786201,-0.022681635782434997
58,100,1,0.06634000015028342,0.014006633886810567,-0.010581652507009204,-0.00972705977088292,0.0034342792131859833,0.014916752180153496
58,100,10,0.02113446316994416,0.016332077384417804,-0.0017736755280128545,-0.0017396712112429154,-0.01618843168614226,-0.028379793247346092
58,100,100,0.013612324555348937,0.014913012797321969,0.00185273043301465,-0.0014970297247267632,-0.011830907257390201,-0.02228938477662342
59,1000,1,0.012583247695710207,0.0132676133199648,0.005060744258638922,-1.5772025495761e-05,-0.022233710350499328,-0.02146358373822758
59,1000,10,0.013771334316849543,0.012146516834195572,0.007478679440149987,-0.0007595826821215467,-0.02235501631509782,-0.02460316698693952
59,1000,100,0.01264824658868589,0.009451315537893705,0.00856355437143734,-0.0016167399524426793,-0.022007222286697225,-0.02919867257753915
59,100,1,0.028463263351875843,-0.005422394432222475,0.009484119629952088,-0.0014860380594658269,-0.033105848998834814,-0.0245941547121622
59,100,10,0.01363093875245183,0.01147658530719723,0.007601394208314302,-0.0007646893495051794,-0.021983584867057145,-0.02661985082479156
59,100,100,0.013668383636176019,0.00864359141284811,0.01087156214483838,-0.002038276671717171,-0.018882250680626853,-0.04019097007982604
60,1000,1,0.011098382755205954,0.01963644372527973,-0.004863584688678952,0.0018926677858918457,-0.02309878463130732,-0.011198642303024593
60,1000,10,0.01396216528127793,0.019503765619965068,-0.0038108777251217594,0.0003084130104919657,-0.02133439691429434,-0.013912580990826854
60,1000,100,0.010313455972087479,0.015671902521085662,-0.005096871745138641,-0.0005145677074463301,-0.030035416203742483,-0.016960766815390927
60,100,1,0.03702165422128678,0.03625796065478479,-0.008760571251172562,0.0144901561443152,-0.03807684639962933,0.00874255553126986
60,100,10,0.013389971713278827,0.019505253665116642,-0.003812549229133966,0.0012157450352988125,-0.021174859974078124,-0.014470944013900203
60,100,100,0.009885171829456864,0.01581108359247848,-0.006965078767779126,-0.001738276538460361,-0.03528439941518983,-0.020836743796936487
61,1000,1,0.017451874242519115,0.0204155281214971,2.041739350931414e-05,0.0002630042368067002,-0.018548269363940367,-0.028372963787150807
61,1000,10,0.017396862613895427,0.02187232460331942,-0.001116323921618917,0.002394587789214271,-0.018650334137224167,-0.024761553896648122
61,1000,100,0.01678454360449052,0.01629192419945423,-9.457260201931396e-05,0.0024542013896435063,-0.021530461738178085,-0.021234187466180533
61,100,1,0.0354063584047118,-0.002540359841382044,-0.004197643208425132,-0.0028755679461025634,-0.017743205950999836,-0.003223944343486979
61,100,10,0.01698480229708101,0.021248186438452835,-0.0017569007129649285,0.0016845978539306266,-0.016522554993016324,-0.02406602780010341
61,100,100,0.016575404185873374,0.017650284506758943,-0.0010330038532729935,0.0020243913834107185,-0.016717311036474787,-0.02254896505018026
62,1000,1,0.026694226427501726,0.01571510467135938,-0.005299565055890164,0.00891147647772205,-0.04134887303220945,-0.023613828515814367
62,1000,10,0.023889000674364138,0.01663395955409167,-0.004925770861842753,0.006280430472777262,-0.03598183728967486,-0.022926628779283687
62,1000,100,0.01804357722518016,0.012231306926321593,-0.0012783110590243827,0.0054555029850264355,-0.03191151132327519,-0.01808001016109034
62,100,1,0.012583914960917052,-0.00048821840187899493,-0.003432861642564471,0.011084283330341784,-0.05562816353020038,-0.04095761090766564
62,100,10,0.024587530118644795,0.01677405889148469,-0.0039110471967243555,0.005975388378809845,-0.03656865282757145,-0.02565240340197364
62,100,100,0.019502760891002016,0.012624004549729671,-0.0006538759226491524,0.005965104069171451,-0.031060596183696144,-0.022117187292182525
63,1000,1,0.02323736111993683,0.026279330090272546,0.0010964256676786893,-0.0004464372868852629,-0.01709136066503298,-0.020363755993775025
63,1000,10,0.02353624914469289,0.023928600762403517,-0.0036117140291831466,-0.0017908180932605996,-0.01578226567333922,-0.01874381177034843
63,1000,100,0.019021967304916156,0.02603791589154319,-0.00574917284838048,-0.0025078550567356256,-0.021088432388024814,-0.020297782879795126
63,100,1,0.02603023374833453,0.029915687214648306,-0.009683741141731383,0.01331512496965665,0.002102334903674227,-0.005572928871977347
63,100,10,0.023855919377528456,0.02408782137810112,-0.0036227834484822093,-0.002818665226164939,-0.016471759668779392,-0.020940251475857367
63,100,100,0.018610119629548085,0.023845314491547445,-0.006199265793073025,-0.002857930437172858,-0.02472405390648108,-0.018921025013211305
64,1000,1,0.018321517385154328,0.01880437421734701,-0.0012608770074205343,-0.0008301899017469014,-0.010788888551893656,-0.020398320216053784
64,1000,10,0.018669107586727133,0.018411722484788517,-0.00010505936855557694,-0.000768582143432398,-0.013169641156264317,-0.02310332454384695
64,1000,100,0.011996199097122654,0.014982917612674167,-0.001649282135548038,-0.0023395146205815944,-0.009181055853556688,-0.021913135938417563
64,100,1,0.019246980537074163,0.017263713672758713,-0.005085441186560996,0.011831679344322492,-0.006916952275243709,0.004282123176532678
64,100,10,0.01947321364736848,0.018134635585250726,-0.0010004394811747388,4.4217974215410966e-05,-0.01560996871321526,-0.026257091457190736
64,100,100,0.012605231309035443,0.015384577512691034,-0.0028921109726370037,-0.00280556705043311,-0.009160331120107118,-0.0275232909763913
65,1000,1,0.021036200611580704,0.02649907363685699,0.0030326758718658576,-0.0055346778130773485,-0.0339763063488656,-0.027035795237629678
65,1000,10,0.018875504423370184,0.023152177249916518,0.004127586454039328,-0.005537580066619937,-0.03219224976534013,-0.026032805832811413
65,1000,100,0.008851578737443867,0.019294710857071875,0.007488674868627026,-0.005746959916035891,-0.023308120958650466,-0.026308145107772685
65,100,1,0.045872932271308814,0.038877821178876996,0.0050383321877336806,-0.01243711113400629,-0.05282335958061755,-0.043904925871346506
65,100,10,0.01885111452978109,0.02266674284550722,0.0049863794673119105,-0.005627195818225984,-0.03288157408746748,-0.027564151067424734
65,100,100,0.008896852876391834,0.017735074722224863,0.00928635549026734,-0.005570553345279555,-0.028642554446044678,-0.025699639666492993
66,1000,1,0.019574123856422918,0.028793769231367353,-0.001583739211313003,-0.004436883634705539,-0.02134697442434055,-0.010516993344011055
66,1000,10,0.017913059921263942,0.02623857634487725,6.024468837394873e-06,-0.005217169834801869,-0.021148481139672326,-0.011527725906095103
66,1000,100,0.015116858657819227,0.028176217291432593,0.002942901660140122,-0.0038387974900653903,-0.026532119724327508,-0.012912456206648538
66,100,1,0.02305424186818144,0.01279278451358046,-0.003447438367603483,-0.029328611001597917,-0.01723770541986563,-0.023138664261514907
66,100,10,0.017642344780810358,0.02668465006321807,0.0007545462440189895,-0.004753108440604768,-0.02017495790148942,-0.010369110000692948
66,100,100,0.01584712874001867,0.028485831984031037,0.004024054821623663,-0.0017415211279304206,-0.025644081085731428,-0.009957975142440798
67,1000,1,0.015136471819468268,0.020421128557299835,-0.0030079462607569304,-0.0033136416933374213,-0.01305279507388226,-0.013252446484113537
67,1000,10,0.014243433170831005,0.019123605609309893,-0.0028093960370395776,-0.005143675939141389,-0.013812811999750601,-0.017895132293797397
67,1000,100,0.013960154319016505,0.014201103161851874,-0.005241211199623976,-0.006526698016706717,-0.013017971508858821,-0.016440959171047955
67,100,1,0.02969235701583009,0.022491746084705985,-0.0022817716805839374,-0.026040958067118095,-0.021959843250995214,-0.04585503232978425
67,100,10,0.014200435744390165,0.018779252405411995,-0.0025923318462122216,-0.005356498110192253,-0.014241634891500153,-0.0199058315857248
67,100,100,0.012259240694198082,0.014034480230008278,-0.005320965655428913,-0.006301545959384835,-0.018392647630599054,-0.015775436996985956
68,1000,1,0.012827703262491798,0.01955283490670356,0.003228548746795589,0.0009025182103554293,-0.013246019495009346,-0.028330961006566596
68,1000,10,0.013994210491458266,0.018223482892976713,0.001395128492634119,-0.0005126616870845932,-0.013010944208157377,-0.02590869794324022
68,1000,100,0.01107841532557331,0.01013043969040667,0.0037860320636076807,-0.0005977833555740494,-0.012268892783782147,-0.020230839052543498
68,100,1,0.0046414575296785145,0.023443474570811525,0.005492599271287802,0.009443133781898719,-0.022393451511046113,-0.046477202856585575
68,100,10,0.013450060258854672,0.019058844809461736,0.0020343587720786306,-0.0006786896854684654,-0.012188249169978653,-0.026189534420328283
68,100,100,0.011790468447747159,0.012047318251288625,0.003364751409057583,-0.001473721071940444,-0.009556206121606356,-0.021475312096311285
69,1000,1,0.019563211174093875,0.02381594057986078,-0.0009926207247299783,0.0011908171460521379,-0.015308907620764443,-0.02144296299112128
69,1000,10,0.017964507259809286,0.024218401769991592,0.0011282937533612313,0.0017489866365920353,-0.016642885131199738,-0.021062920683922026
69,1000,100,0.01345735327481809,0.018268818198078074,-0.002475828372844444,0.002158634604242685,-0.016659035257390573,-0.01765166482361485
69,100,1,0.016777356868764547,0.044513356352055125,0.014880084406524151,-0.02303704479370723,-0.033591713069323126,-0.027095338872231877
69,100,10,0.01936580988678514,0.025301817494038904,0.0003251440746415164,0.0014880030439568062,-0.017411150871012544,-0.024100491640411368
69,100,100,0.015230301461023504,0.02213826672313012,-0.005055728572415117,0.0017993951357451513,-0.018840158111538195,-0.02329213593922531
70,1000,1,0.013843904394992645,0.023526321620255513,-0.003026905461595115,0.004478335845202997,-0.013561226297367059,-0.01710752957748746
70,1000,10,0.018206765924098478,0.021706902708271813,-0.003332034546792313,0.002722025703483692,-0.015999759103547846,-0.014527668927240936
70,1000,100,0.015891539134108623,0.011379284855395284,-0.004140175748449607,0.002134126375151077,-0.016932056933383913,-0.013298603578226846
70,100,1,0.013775427257312284,0.022021191096161546,0.009076927330747844,0.010346879071237781,-0.008668744832320042,-0.027045694319365435
70,100,10,0.019121884919827525,0.021636634319346086,-0.0021804301836144523,0.002517410688022934,-0.01566911502508642,-0.013401138070493666
70,100,100,0.016628686992665353,0.012294101619416452,-0.003768766811140194,0.0026143048441306643,-0.01668201397842784,-0.010003257501201176
71,1000,1,0.019280259819331968,0.0211282035534268,0.0028598435212530793,-0.0016809515525231017,-0.02042799084912025,-0.03144735561848115
71,1000,10,0.01661258701640639,0.017508977470883532,0.002058617762381809,0.0016168786659943978,-0.017732912776587395,-0.02683003075931946
71,1000,100,0.018168737402073077,0.013782252241674908,0.0010073929889257522,0.0011308604782833019,-0.018437141097747838,-0.03236644878740364
71,100,1,0.017822361240846313,0.028546186075103903,0.001064476866814769,0.003663111428385091,-0.005776205950687867,-0.07812177267224904
71,100,10,0.015574902174604546,0.016071978147937385,0.0019676212856217807,0.0020624822613376282,-0.01720435921655744,-0.029532431918321517
71,100,100,0.01801581728038142,0.014617838063067155,-0.001123069657466078,0.0009364070129617083,-0.018843839467908043,-0.04456383835891848
72,1000,1,0.015118506829637961,0.01193127127602997,0.0023171148878607414,0.0011371614747887036,-0.024006563923178497,-0.022017355417720996
72,1000,10,0.01949245864934319,0.013084751777521934,-0.00015232524601999222,0.0025745043397467308,-0.023773138451579162,-0.021258944521878227
72,1000,100,0.017698055493978525,0.009483739550373129,-0.00206087750121579,0.0001926275962620235,-0.031980767490798284,-0.01838677821570255
72,100,1,0.03404792963814928,0.024090873721652282,-0.018251444395088124,0.00994903634205674,-0.026854109809773385,0.00779269886848803
72,100,10,0.020335032733670558,0.013329124276825529,0.0005369526115669508,0.0016533371857537275,-0.023862210052396516,-0.021125245172624284
72,100,100,0.014601424382335403,0.008401947466517476,-0.0016597049545398735,-0.0008358955882041536,-0.03410572884223757,-0.017461014571537394
73,1000,1,0.02257274063868238,0.01537118362901354,-0.0025696219345786773,-0.00293949232704148,-0.021461313223341286,-0.018048356722482246
73,1000,10,0.020648304733107904,0.012260487475613552,-0.003412609079449984,-0.0029822606464053937,-0.016110640452349834,-0.020113292373429587
73,1000,100,0.014761231760476522,0.0071883784944428855,-0.0030462178092996593,-0.004191039784832121,-0.019252511042963594,-0.022182862797423108
73,100,1,0.013259078677380388,0.004508922719021753,-0.002626085210985894,-0.002447876005407739,-0.048654380894127706,-0.005666544541672758
73,100,10,0.021530248616563125,0.008297673141458867,-0.0030711402970968198,-0.0013258330839570041,-0.01543242156102801,-0.021575102065805273
73,100,100,0.016889644516151513,0.0034815525079041616,-0.002822931536299683,-0.001741752606715282,-0.023442260335249075,-0.024980725371265097
74,1000,1,0.02019257215823332,0.018795493556538395,-0.002577758886330354,-0.0018934845900313714,-0.01989470018673203,-0.021471748134735534
74,1000,10,0.020104545748865894,0.018916420319951603,-0.0009389320630300819,0.00105813377238281,-0.016698040827713697,-0.021530768176021817
74,1000,100,0.01746811607954551,0.014775003455392099,-0.003123687099827599,-0.0012754112323333916,-0.01828236858571379,-0.02394743466322337
74,100,1,0.03849250092392154,0.03202935561114138,-0.008368054751771797,-0.0036106548326279636,-0.014201580773641857,-0.0198844873176972
74,100,10,0.019392397462101852,0.019661810949053945,-0.000864304219413291,0.0009926331798799594,-0.018082165275344803,-0.021614899575886862
74,100,100,0.01901854842397774,0.015318904258703291,-0.0025613392659395023,-0.0011811391986699324,-0.019355229493358425,-0.021879896751130258
75,1000,1,0.01949106937187812,0.016400377173223468,-0.0005538808822126279,0.0017461922921882017,-0.022573611470346453,-0.017435637099306834
75,1000,10,0.020992648885627407,0.014544924829009594,-0.0015568528705104069,0.0010768642646925468,-0.022219917568351913,-0.016465002993632714
75,1000,100,0.01626827332984737,0.012340989577853652,-0.0021868784864548566,-0.0006624199100514943,-0.024509734609130827,-0.02002096351629052
75,100,1,0.03131971357535449,0.012118568657215521,0.004187103925598312,0.016330852882264074,-0.03558913228894669,0.00493688261387713
75,100,10,0.022178032858982785,0.015894669631119178,-0.0014624364217769095,0.0018476866134993408,-0.022713129112680964,-0.014938462861604865
75,100,100,0.018765490299375426,0.011769054513961218,-0.001240116344077828,-0.0006965637985990735,-0.0201755484859468,-0.01459395418968741
76,1000,1,0.02234799013616669,0.022461077518963965,-0.0014724440792163666,-0.0043858232883310444,-0.018297127881709434,-0.018262382875448558
76,1000,10,0.024565807161232186,0.021913481594825684,-0.00019838843706914945,-0.0021252177902920787,-0.015740568867231988,-0.019162170220275474
76,1000,100,0.0193632896002572,0.022335911060094193,-0.0020587532590049342,-0.004868214145983949,-0.010632200519356386,-0.01225321910239945
76,100,1,0.03343177520949118,0.029623145988483122,-0.0021200869254829053,0.005736106754343161,-0.017922630139328103,0.003944818702426022
76,100,10,0.023731480435228772,0.021458839418073798,-0.0007380947778040218,-0.0029367970583676637,-0.01360089586888207,-0.016756020869816497
76,100,100,0.0187783291819114,0.01984701611388262,-0.003548960177899253,-0.0049701847986545885,-0.007322221770429812,-0.013682024266790849
77,1000,1,0.01762693034490701,0.024328014457071688,-0.006442370783364062,0.00666271479842394,-0.022817281459697834,-0.01777337663507592
77,1000,10,0.019830446393668395,0.022709539396994053,-0.0023056526911280767,0.0055170338835916315,-0.023969640203364322,-0.017794209825451615
77,1000,100,0.013181117190082796,0.02057790408273691,-0.0029260254399812472,0.005417255383709117,-0.019402046844108272,-0.011882330688587572
77,100,1,0.015645385462506888,0.006904130643766113,-0.00016209441202361393,0.007368444015277373,-0.018127075793129672,-0.026633441224873666
77,100,10,0.019904242468275844,0.022807215853135165,-0.0030823812222546057,0.0070694746711992065,-0.02637246117253788,-0.018236258882020427
77,100,100,0.01609529001808399,0.023299132873127494,-0.0024099780510174243,0.00552387562980198,-0.021695744398018045,-0.012888177295004077
78,1000,1,0.011820083488774651,0.019726771093534292,0.0005125172699361909,-0.0034043979901214874,-0.016812942150700904,-0.01829251497216379
78,1000,10,0.012236342081637265,0.017845424664786797,0.0020927421627815147,-0.004543197447233552,-0.015927294241351083,-0.015204993934387647
78,1000,100,0.010803173650279075,0.014060929523420897,-0.0010458532911829534,-0.00399980292939197,-0.01864566225474705,-0.02007516845822078
78,100,1,0.011246862631122826,0.01844071201366447,-0.0019676903534112866,0.0018774239426967059,-0.02456708098643812,-0.03785408255813367
78,100,10,0.01172745026522717,0.016430202143779313,0.0026594597781051887,-0.0060677188552067125,-0.015415865745337484,-0.017790121692021713
78,100,100,0.01181745762439005,0.014711858739285289,-0.0013555075015987432,-0.0047987231531139455,-0.017523063727062645,-0.02294877337423521
79,1000,1,0.02318381247822424,0.016890467528530045,0.0009415858087386722,-0.001384658912947928,-0.022736070079177245,-0.018070543331144894
79,1000,10,0.022169914838075976,0.0173167545371102,0.000929495098879884,-0.0008384924691307727,-0.018395281325350107,-0.017233641733390082
79,1000,100,0.01720705697321465,0.013902229499517691,0.00018294588751646817,-0.0008378857458542503,-0.012639850096755266,-0.014997502689074094
79,100,1,0.01715164063760233,-0.0027687853471105024,-0.007936736611240218,0.001794958196861126,-0.009616574433480256,-0.024344820017040584
79,100,10,0.021516158726719595,0.016562423194065333,0.00100270126083819,-0.0015231498465543313,-0.018908380033013674,-0.017797995595229765
79,100,100,0.016156033732336497,0.01497273958773972,0.0008585261480698936,-0.0034482963473772706,-0.008846857594482642,-0.019075654720255717
80,1000,1,0.019793922581195496,0.023604688077572045,-0.0008909941754054229,0.004697974417257515,-0.015183920672796183,-0.021112335004207988
80,1000,10,0.017095626684544542,0.025203016179065178,1.8023058434657205e-06,0.00418637057435304,-0.013850471967705516,-0.02061747577626023
80,1000,100,0.01224460659402759,0.025117940831851936,-8.96363066471481e-05,0.0056767310127126954,-0.01334598956642175,-0.01885756301079175
80,100,1,0.006796868940964143,-0.0027883015998952927,-0.014124785252159254,-0.005609084429036323,-0.035996958416971425,-0.017359622764549467
80,100,10,0.017213881923884868,0.023442683059809587,-2.163116869941503e-05,0.004495065430915115,-0.013662898189780294,-0.021022338282567072
80,100,100,0.011520275563778559,0.016882036593088647,0.0001920272190280768,0.005908574979145285,-0.013771040733468076,-0.01933454385985662
81,1000,1,0.015884003506790652,0.013053890675085346,-0.006270101757548093,-0.0033251396416896875,-0.024765686811009657,-0.0161676432849305
81,1000,10,0.01689179991661596,0.01757686350085934,-0.005852072421984095,-0.0054832214003905045,-0.02257606497917948,-0.01800165578374055
81,1000,100,0.014365898194693883,0.013767505926700369,-0.007654022654094722,-0.006525940145327074,-0.018925463002424873,-0.011325638575341001
81,100,1,-0.001755301280257644,-0.00759246982383257,-0.023620837863734007,-0.026981726387112114,-0.0221181680555942,-0.022417592103361497
81,100,10,0.018200192929832174,0.019184436672751548,-0.006157093517536964,-0.005302631399650852,-0.023043927200672474,-0.018924991594429418
81,100,100,0.015162095388954605,0.016433722431303137,-0.00650532963257425,-0.0060106978508359795,-0.022008101423019025,-0.011704214201153935
82,1000,1,0.01945241092858824,0.021614766053437286,-0.0006428219317469966,-0.004126119005356237,-0.015076023479929689,-0.02586285317010124
82,1000,10,0.017470479232722644,0.022843597424535456,0.002689831686099269,-0.0007834174395938853,-0.016447650538803624,-0.0332563568063237
82,1000,100,0.015354440918276676,0.014709053074137272,0.003263984092061846,0.0019087691566538633,-0.0165605332633937,-0.02488478823194112
82,100,1,0.025622511388152032,0.008728326924133504,0.0008055303913143974,-0.012261178419189122,-0.03845654528684018,-0.0060913172229703555
82,100,10,0.019075110891232268,0.02407943009872096,0.0026359990175941826,-0.0013961825767497683,-0.01561671513433173,-0.03393448704626289
82,100,100,0.016306220734189133,0.01623290400236509,0.0037359218069438985,0.0023091348661367114,-0.014285068931668256,-0.023831114839691983
83,1000,1,0.022938567526178556,0.017515235341343426,-0.0038710331030665855,0.0016004501597671709,-0.020906763367446964,-0.029328293329208315
83,1000,10,0.01868544065444435,0.016098239990445705,-0.003549798825491806,0.00196011396537177,-0.022711730714030917,-0.02404599999332115
83,1000,100,0.019704781376634745,0.014103154321722905,-0.004036452147052554,0.0015149761024363473,-0.025898851698019584,-0.024537996594514846
83,100,1,0.028295373922228265,0.054276416833661745,0.008563490632582306,0.0036182320404292818,-0.035536558930969325,-0.025320897183558806
83,100,10,0.019567632328272085,0.017088426063022803,-0.0038688987617673054,0.0030983434083613043,-0.020843759217023132,-0.02713889145279578
83,100,100,0.020865858940153612,0.016377363034773114,-0.006064327984427757,-0.000768698540380059,-0.02912757239445244,-0.03020975694428275
84,1000,1,0.018228590246043997,0.021436290815314108,-0.00034651616248106593,-0.0011353138679872808,-0.022331401157163804,-0.024432245297589847
84,1000,10,0.017862651072364632,0.019225761778211725,0.00020427720600716914,-0.0026584063055719426,-0.01819862637659599,-0.023089416007107413
84,1000,100,0.012431995273926334,0.012080591627046272,-0.002862155186366025,-0.003701901471993173,-0.012141236657830201,-0.018725431761583353
84,100,1,0.0022307315960969965,0.029485439811535317,-0.010564307638621123,0.012451535929852502,-0.015970423581455333,-0.04785024580671275
84,100,10,0.018269329008877018,0.02021808661194453,-0.0005253697072842105,-0.0027546674354032596,-0.018519563725164008,-0.023702454400971937
84,100,100,0.016516987463915538,0.01477469381125559,-0.0035506236862085138,-0.00510200100798511,-0.013435216444174171,-0.019635737070669193
85,1000,1,0.009956854949309177,0.016214285123690535,0.00137719093454606,-0.0042032098990081035,-0.022757777302392698,-0.026260547231582353
85,1000,10,0.013423396367903228,0.018987547757413608,0.0007421175202243349,-0.0018068965494587952,-0.02144105097018995,-0.02280350761323985
85,1000,100,0.01056735126064112,0.014587320208303545,-0.0010304870601400699,-0.00467020754725215,-0.015484556934845477,-0.02080433817984513
85,100,1,-0.03182965725945797,0.04677860860118121,-0.009676189630060686,-0.0057567904410322,-0.07980187642433774,-0.057322632083099546
85,100,10,0.015765891501678116,0.01741424419543558,-4.736953972330778e-05,-0.0028851043073632172,-0.022172625515734,-0.02371178520024157
85,100,100,0.013932202425567652,0.014951319128532837,-0.002346230632137576,-0.0077690686434894966,-0.014117486746175629,-0.014894008225437133
86,1000,1,0.01985961630341033,0.013553415283711583,0.0031380711141983228,-0.003007764521330155,-0.020242014304867613,-0.0242354824694848
86,1000,10,0.015237066158204965,0.01669005103854755,0.0031599788607102235,-0.0013830176556479258,-0.02324401951824288,-0.02068152514957852
86,1000,100,0.015059803044916824,0.014663927674267151,0.002409865123046782,-0.0014682294660677783,-0.03190813346368563,-0.01900754370797639
86,100,1,-0.00379212819993486,0.023557355248442272,-0.006433324428499604,-0.007647983962652214,-0.023833427259833204,-0.03763438168328208
86,100,10,0.017166336391532023,0.017088147744662333,0.0038246048871377154,-0.0012026136733358616,-0.02335984313820639,-0.022460651775530915
86,100,100,0.020294810099003715,0.01654151120152918,0.0021283661093225467,-0.00078921901835162,-0.035111251178805584,-0.01916121432218051
87,1000,1,0.02288220391433164,0.01710540971169491,-0.0012825839184699348,0.003080697785239005,-0.022006592805524725,-0.013371789960952533
87,1000,10,0.01919924691720595,0.017894141217179128,-0.0011146478085354203,0.004696717501571361,-0.020557312905135038,-0.013728579922320563
87,1000,100,0.016007787410411704,0.012819879958785807,-0.0009284126732041748,0.003426008193883004,-0.01757273465351209,-0.015799537923816873
87,100,1,0.01748151996551903,-0.0016071663035040725,-0.021760640835971918,0.005990609321288948,-0.042771022309762555,-0.014175845930085638
87,100,10,0.020256349835712603,0.017841647030713913,-0.0007966533289571481,0.0055688507932614055,-0.020971405376213798,-0.013501733587099695
87,100,100,0.01356270847184937,0.01246819375663676,0.0006135295834550647,0.0031659327634034314,-0.019186540244017808,-0.015726330081527216
88,1000,1,0.013322885658700325,0.01673790323341247,0.00013503108696189347,-0.0006571695688813708,-0.023904111347734753,-0.012082061024755621
88,1000,10,0.013830056555042417,0.013065082253971804,-0.003100587275825117,-0.002580752464351941,-0.018148556720070454,-0.01261330453657382
88,1000,100,0.010602505028424117,0.01396238867203792,-0.0031537784164517167,-0.003333424909623775,-0.01785663646756191,-0.016054600061787747
88,100,1,0.013422385353590697,0.01315124609705501,-0.010116153787148467,0.005964059570834049,-0.027697708396217748,-0.010886882096733963
88,100,10,0.014023183093422046,0.013219599253600183,-0.0028641355606161068,-0.002427623795338918,-0.017318310845901387,-0.01181886456333835
88,100,100,0.010372853081675619,0.014950120131817207,-0.0044170769073877,-0.004317749591314451,-0.016963844964867053,-0.013735583020883924
89,1000,1,0.025671166796153708,0.018203348394238504,0.005913718506122959,0.0005663137452774643,-0.0231528076789435,-0.007791257105372096
89,1000,10,0.025457124634530225,0.016104724607742538,0.0043467032915540625,-0.0009372213467888906,-0.01881770194349524,-0.012707923087956602
89,1000,100,0.019509538634852577,0.012980741942474793,0.002736793098818557,-0.0020360728139133216,-0.016377062340116776,-0.014443188412935948
89,100,1,0.03178469633735187,0.0038830251393543866,0.008533213962910829,0.02221696504708898,-0.031448151165772334,-0.0022974882914675206
89,100,10,0.025749927636058264,0.016818866301284065,0.004361521297740911,-0.0019033043598795274,-0.01756734463918078,-0.012013516907768508
89,100,100,0.017994228928333456,0.01533704121154507,0.003558667662031197,-0.0019849187498652814,-0.011915349404856439,-0.014750988014477521
90,1000,1,0.014315629947149083,0.02347825771168572,0.0009021558215796634,0.007253550268701637,-0.014371048518750918,-0.025606349517311517
90,1000,10,0.013290329830236812,0.021961482939192478,0.000955641829215021,0.0034611469760585335,-0.018845871705082794,-0.02251454550507498
90,1000,100,0.01222589276753892,0.015948889288483356,0.0005718510253672943,0.0005879559616756238,-0.013192816478632123,-0.018103477533618635
90,100,1,0.02465938633144795,0.018618546623323497,0.007440241919014979,-0.0004029819957506536,-0.004994299322542774,-0.04255846927983934
90,100,10,0.013197007943089183,0.021883970990687552,0.0010586181967478213,0.0037136604189374196,-0.01875683344558893,-0.020691723683896372
90,100,100,0.012034230656111039,0.014994099130621134,-0.00046401424838523605,0.0015734974865580294,-0.013256003603780419,-0.014920274666275072
91,1000,1,0.020574386941339992,0.017063476495024973,0.0018445443410528744,-0.0002792898865552187,-0.0144148624344717,-0.021305823682308957
91,1000,10,0.020188371342391757,0.01840501380887415,0.0023845855766953697,-0.0026211232820791616,-0.019983122701333532,-0.017494513227176847
91,1000,100,0.012425183696373033,0.011730049907933549,0.0002680168450464955,-0.001849816907635341,-0.013434369606844541,-0.013311764477247901
91,100,1,0.010376273803938761,0.013537498135253118,-0.003623584743733396,-0.0017843265828633827,-0.0034521513813892445,-0.03692353974837232
91,100,10,0.020556341308602597,0.018226157152618928,0.0028760843167242446,-0.0023379856334746207,-0.0219356154060159,-0.016698011296148008
91,100,100,0.011011562586395659,0.01097030082945518,-0.0012342638761877382,-0.0014864331086615597,-0.013954933488576786,-0.01067261261453794
92,1000,1,0.02301774366964704,0.01795976850971844,0.00509654682170406,-0.0038724202164262416,-0.01975266417093057,-0.018357156078749215
92,1000,10,0.019863675560490436,0.01737027578965202,0.0019379787295277116,-0.004666041676356317,-0.020686912165287518,-0.017122641428247147
92,1000,100,0.013847357746491921,0.010936732301600858,0.0017149012032263232,-0.003075151739501011,-0.021126765064016974,-0.013612458684978328
92,100,1,0.0046210481136164635,0.0164728057658746,0.020681730552569177,-0.009883463399095174,-0.031569927655905654,-0.041371397877533245
92,100,10,0.020849998601290824,0.017468808150140746,0.0020161401145234676,-0.005583683928844168,-0.0197238450915197,-0.017838193298046937
92,100,100,0.013419637470553192,0.008599210659638467,0.002599318540122891,-0.004952762700078772,-0.020867523452838953,-0.014013081698153839
93,1000,1,0.02176244469203186,0.021715416187162242,-0.003282499655660097,0.0010356077257026198,-0.027358273232017567,-0.027191786153707327
93,1000,10,0.02407572448460513,0.022151461655416673,-0.001978523779099374,0.0016255156996191444,-0.023774986368392606,-0.02528914710621808
93,1000,100,0.014107329490748244,0.022921271288719815,0.0020991041605457673,-0.001738122682529691,-0.022007981936524403,-0.02974415121701302
93,100,1,0.01997817506862876,0.03671869758155506,0.00898268423378345,-0.011390499444038594,-0.018113021717581668,-0.04296896454153291
93,100,10,0.023966319770759293,0.023112217031901725,-0.0009362638851108003,0.0012944580108625264,-0.0244437798259801,-0.025659587906353466
93,100,100,0.010958242379235705,0.024690349938530688,0.0028960752990705926,-0.0033105202938276475,-0.017483909500056953,-0.026393726924421046
94,1000,1,0.020571642006112344,0.019355119439431853,0.0029014088938922405,-0.006970539766234279,-0.017681489683424857,-0.013648334563748369
94,1000,10,0.021050711415797015,0.017296380508422346,0.0006441614981985367,-0.0029245190571463827,-0.02234958800987588,-0.019875580889525124
94,1000,100,0.019361878704177198,0.01200236006316891,0.0011653232132801197,-0.0011563510083645555,-0.02923189669215419,-0.025663732967589045
94,100,1,0.009283819113341862,0.02194282837847739,0.00424347652355105,-0.019818294359172494,-0.03996235154381154,-0.05268723003853981
94,100,10,0.020004007016210856,0.017650565765311512,0.0009136713901475518,-0.0027841447792339336,-0.022705259527581876,-0.018388867202152815
94,100,100,0.021492302829915197,0.012966453395656396,0.0017024345856937032,-0.002986216375068582,-0.032623134631566394,-0.024062275405870314
95,1000,1,0.02612678681387345,0.018900796260789016,-0.00037593431633134124,0.004100038638273195,-0.018892480813240447,-0.025360060915024036
95,1000,10,0.027979650686017574,0.016969413660480024,0.002656072902399952,0.0030630603381880802,-0.018265480728201035,-0.024587880293277336
95,1000,100,0.018056326694657475,0.011854836519865018,0.0026142427270314053,0.0022498310424272274,-0.01859675398200125,-0.020007563268003556
95,100,1,0.015343852891527286,0.021933143551097413,0.0045167179843990275,0.01865252714381202,-0.027280950805862854,-0.039715237841249446
95,100,10,0.027623857586351837,0.017335800744661525,0.003179942454612645,0.0037978728185194413,-0.017716890487254812,-0.02733058045381682
95,100,100,0.0159733369846034,0.010415910892136988,0.002459067504030919,0.002551168765060809,-0.01623602849527929,-0.023189221155201615
96,1000,1,0.01838523332779413,0.029969456494439342,0.011128045212820487,0.0019746887205511496,-0.025354025610284072,-0.02174424768761943
96,1000,10,0.018817233147035685,0.02669274335311978,0.007600997567193404,-0.0011119659492557748,-0.020717908072665315,-0.01923245761808744
96,1000,100,0.017456525645767183,0.01896346939025867,0.006078874643730191,-0.0012183697851708237,-0.021184914068104802,-0.02019812545465345
96,100,1,0.03592461208034563,0.023523680205697683,0.004988691008013212,0.003507288093905915,-0.052217965813347596,-0.03293570523027898
96,100,10,0.019980976467650888,0.02542341101082325,0.007854067900300585,-0.0028478803718941796,-0.0203220297256959,-0.01881230726305728
96,100,100,0.016212432254562942,0.020243811172747792,0.004925430525833476,-0.0029121848053781656,-0.01997557862175912,-0.01900976965917102
97,1000,1,0.021932485562849123,0.012552921995971425,-0.0030560351736303986,0.002335566020112561,-0.010531857522454535,-0.01992177650637236
97,1000,10,0.022701186632972593,0.013576606333101801,-0.004499908330797569,5.868269578376706e-05,-0.01116456741675626,-0.0188150078772495
97,1000,100,0.01822227766812127,0.010382835969693692,-0.007018013532657099,0.001239179089441579,-0.010739039689767131,-0.019412009608606305
97,100,1,0.045023856065972784,0.009623014792764336,-0.008113815159739846,0.006622150943548647,-0.014409667733542261,-0.01040651031435023
97,100,10,0.0228096473569487,0.014063691833591062,-0.0037839284801989576,-0.00042651962898129623,-0.010263134380004013,-0.019438107445311017
97,100,100,0.017620370622944033,0.009930501979637948,-0.007681123394854319,0.00171932878539971,-0.010233675144775231,-0.02137060676203883
98,1000,1,0.017623906192643073,0.0172732410992597,0.001974677974318925,-0.010791060347711183,-0.021822489446443296,-0.01486037117018151
98,1000,10,0.020624940751902958,0.017032342978913567,0.0012927422357519125,-0.009844135651682634,-0.02848203965241231,-0.015145225032563008
98,1000,100,0.017067229345190827,0.01217802161082032,-0.0010503481976007856,-0.012703534001756613,-0.016299032293210846,-0.012720620878058742
98,100,1,0.0031994263375171653,0.0284117543548866,0.023429560374508895,-0.03487239444608531,-0.027341805196997186,-0.02154460687431804
98,100,10,0.02119363303411667,0.017841994353753648,0.002778413593360285,-0.009916768987714604,-0.029395812224041116,-0.014635696295633186
98,100,100,0.01956476415608754,0.01598582691795978,-0.000993822108804533,-0.013343084546381138,-0.013274932272166983,-0.008652010474099732
99,1000,1,0.01798973250323177,0.017048847881661812,0.0009832696019194686,0.010632994330257101,-0.015996207255146788,-0.012061166585818102
99,1000,10,0.017804017650842812,0.02039649834929318,0.004090930659249009,0.009038150066670733,-0.012774789781803575,-0.01877869217136091
99,1000,100,0.011181051552479867,0.017865725146607694,0.0021804116097807955,0.007144022561038723,-0.01906100658424432,-0.015266556111646701
99,100,1,0.038248964432568866,0.005845831977000562,0.0040783100525122965,0.026343548619717667,-0.021543801747255422,0.015893249626416577
99,100,10,0.019449750495415318,0.020374222204326303,0.004842615399467507,0.009040079411663716,-0.012568866789235978,-0.01882928054428798
99,100,100,0.012179576213349991,0.018864310689394023,0.0020445049995683052,0.006202343352593528,-0.022546374728999497,-0.015449417766331623
