polymorphic_index,HXB2_index,nucleotide,TF,epitope,sc_old,sc_MPL,pc_MPL,f_at_0,f_at_14,f_at_32,f_at_102,f_at_159,xp_at_0,xp_at_14,xp_at_32,xp_at_102,xp_at_159
28,6000,A,G,DLLKTVRLI,0.008997,-0.001786,0.07534910000000002,0.0,0.06666699999999999,0.0,0.0,0.0,0.000000,0.800000,0.750000,1.000000,1.000000
31,6012,G,A,DLLKTVRLI,0.003956,4.5e-05,0.07534910000000002,0.0,0.06666699999999999,0.0,0.0,0.0,0.000000,0.800000,0.750000,1.000000,1.000000
32,6013,T,C,DLLKTVRLI,-0.000772,-0.004475,0.07534910000000002,0.0,0.0,0.083333,0.0,0.0,0.000000,0.800000,0.750000,1.000000,1.000000
34,6018,G,A,DLLKTVRLI,0.009163,0.0029,0.07534910000000002,0.0,0.0,0.0,0.2,0.0,0.000000,0.800000,0.750000,1.000000,1.000000
35,6021,A,T,DLLKTVRLI,0.04442,0.010327,0.07534910000000002,0.0,0.0,0.0,0.2,0.090909,0.000000,0.800000,0.750000,1.000000,1.000000
35,6021,C,T,DLLKTVRLI,0.06898,0.014525999999999999,0.07534910000000002,0.0,0.66667,0.75,0.6,0.90909,0.000000,0.800000,0.750000,1.000000,1.000000
35,6021,G,T,DLLKTVRLI,0.04007,0.007702,0.07534910000000002,0.0,0.0,0.0,0.2,0.0,0.000000,0.800000,0.750000,1.000000,1.000000
82,7251,G,A,TLSHVVDKL,0.004005,0.0036509999999999997,0.01847147,0.0,0.0,0.0,0.0,0.090909,0.000000,0.000000,0.000000,0.200000,0.636364
83,7252,A,G,TLSHVVDKL,0.004136,0.0035060000000000004,0.01847147,0.0,0.0,0.0,0.0,0.090909,0.000000,0.000000,0.000000,0.200000,0.636364
84,7254,T,C,TLSHVVDKL,0.001289,-0.005258,0.01847147,0.0,0.0,0.0,0.2,0.0,0.000000,0.000000,0.000000,0.200000,0.636364
85,7263,A,G,TLSHVVDKL,0.0072109999999999995,0.001703,0.01847147,0.0,0.0,0.0,0.0,0.45455,0.000000,0.000000,0.000000,0.200000,0.636364
87,7285,A,G,QF-RNKTIVF,0.09141200000000001,0.027869,0.1402319,0.0,0.73333,1.0,1.0,1.0,0.000000,0.866667,1.000000,1.000000,1.000000
88,7286,C,G,QF-RNKTIVF,0.010018,0.00164,0.1402319,0.0,0.06666699999999999,0.0,0.2,0.18182,0.000000,0.866667,1.000000,1.000000,1.000000
89,7296,G,A,QF-RNKTIVF,0.007821999999999999,0.0012980000000000001,0.1402319,0.0,0.06666699999999999,0.0,0.0,0.0,0.000000,0.866667,1.000000,1.000000,1.000000
122,8704,G,A,DRVIEELQR,0.005654,0.001393,0.06135437,0.0,0.0,0.0,0.2,0.0,0.000000,0.000000,0.000000,1.000000,1.000000
123,8709,A,G,DRVIEELQR,0.0008789999999999999,0.000792,0.06135437,0.0,0.0,0.0,0.0,0.090909,0.000000,0.000000,0.000000,1.000000,1.000000
124,8719,C,A,DRVIEELQR,0.017133000000000002,0.008056,0.06135437,0.0,0.0,0.0,0.0,0.090909,0.000000,0.000000,0.000000,1.000000,1.000000
124,8719,G,A,DRVIEELQR,0.029914,0.013956999999999999,0.06135437,0.0,0.0,0.0,0.8,0.54545,0.000000,0.000000,0.000000,1.000000,1.000000
125,8722,C,T,DRVIEELQR,0.008023,-0.002159,0.06135437,0.0,0.0,0.0,0.2,0.36364,0.000000,0.000000,0.000000,1.000000,1.000000
149,8865y,A,G,DEPAAVGVG,0.028763,0.002535,0.03446023,0.0,0.06666699999999999,0.25,0.2,0.090909,0.000000,0.066667,0.666667,0.200000,0.545455
150,8865z,G,A,DEPAAVGVG,0.000315,0.000778,0.03446023,0.0,0.0,0.083333,0.0,0.0,0.000000,0.066667,0.666667,0.200000,0.545455
151,8865A,A,T,DEPAAVGVG,0.0141,0.005243,0.03446023,0.0,0.0,0.083333,0.0,0.0,0.000000,0.066667,0.666667,0.200000,0.545455
151,8865A,G,T,DEPAAVGVG,0.027770999999999997,0.009362,0.03446023,0.0,0.0,0.25,0.0,0.27273000000000003,0.000000,0.066667,0.666667,0.200000,0.545455
152,8866,A,G,DEPAAVGVG,-1.1e-05,0.000452,0.03446023,0.0,0.0,0.083333,0.0,0.0,0.000000,0.066667,0.666667,0.200000,0.545455
153,8867,G,A,DEPAAVGVG,0.000315,0.000778,0.03446023,0.0,0.0,0.083333,0.0,0.0,0.000000,0.066667,0.666667,0.200000,0.545455
154,8869,T,C,DEPAAVGVG,0.030179,0.003443,0.03446023,0.0,0.0,0.16667,0.0,0.0,0.000000,0.066667,0.666667,0.200000,0.545455
156,8875,-,G,DEPAAVGVG,0.0016820000000000001,0.001448,0.03446023,0.0,0.0,0.0,0.0,0.090909,0.000000,0.066667,0.666667,0.200000,0.545455
157,8876,-,C,DEPAAVGVG,0.001691,0.001458,0.03446023,0.0,0.0,0.0,0.0,0.090909,0.000000,0.066667,0.666667,0.200000,0.545455
158,8877,-,A,DEPAAVGVG,0.001846,0.0016129999999999999,0.03446023,0.0,0.0,0.0,0.0,0.090909,0.000000,0.066667,0.666667,0.200000,0.545455
159,8878,-,G,DEPAAVGVG,0.0016820000000000001,0.001448,0.03446023,0.0,0.0,0.0,0.0,0.090909,0.000000,0.066667,0.666667,0.200000,0.545455
160,8879,-,T,DEPAAVGVG,0.001715,0.0014810000000000001,0.03446023,0.0,0.0,0.0,0.0,0.090909,0.000000,0.066667,0.666667,0.200000,0.545455
161,8880,-,G,DEPAAVGVG,0.007593000000000001,0.00232,0.03446023,0.0,0.0,0.0,0.0,0.090909,0.000000,0.066667,0.666667,0.200000,0.545455
161,8880,A,G,DEPAAVGVG,0.012272,0.002076,0.03446023,0.0,0.0,0.083333,0.0,0.0,0.000000,0.066667,0.666667,0.200000,0.545455
162,8881,-,G,DEPAAVGVG,0.0016820000000000001,0.001448,0.03446023,0.0,0.0,0.0,0.0,0.090909,0.000000,0.066667,0.666667,0.200000,0.545455
163,8882,-,G,DEPAAVGVG,0.0016820000000000001,0.001448,0.03446023,0.0,0.0,0.0,0.0,0.090909,0.000000,0.066667,0.666667,0.200000,0.545455
164,8883,-,G,DEPAAVGVG,0.0016820000000000001,0.001448,0.03446023,0.0,0.0,0.0,0.0,0.090909,0.000000,0.066667,0.666667,0.200000,0.545455
165,8884,-,G,DEPAAVGVG,0.0016820000000000001,0.001448,0.03446023,0.0,0.0,0.0,0.0,0.090909,0.000000,0.066667,0.666667,0.200000,0.545455
166,8885,-,T,DEPAAVGVG,0.001715,0.0014810000000000001,0.03446023,0.0,0.0,0.0,0.0,0.090909,0.000000,0.066667,0.666667,0.200000,0.545455
167,8886,-,G,DEPAAVGVG,0.0016820000000000001,0.001448,0.03446023,0.0,0.0,0.0,0.0,0.090909,0.000000,0.066667,0.666667,0.200000,0.545455
168,8887,-,G,DEPAAVGVG,0.0016820000000000001,0.001448,0.03446023,0.0,0.0,0.0,0.0,0.090909,0.000000,0.066667,0.666667,0.200000,0.545455
169,8888,-,G,DEPAAVGVG,0.0016820000000000001,0.001448,0.03446023,0.0,0.0,0.0,0.0,0.090909,0.000000,0.066667,0.666667,0.200000,0.545455
170,8889,-,A,DEPAAVGVG,0.001846,0.0016129999999999999,0.03446023,0.0,0.0,0.0,0.0,0.090909,0.000000,0.066667,0.666667,0.200000,0.545455
171,8890,-,C,DEPAAVGVG,0.002849,0.000295,0.03446023,0.0,0.0,0.0,0.0,0.090909,0.000000,0.066667,0.666667,0.200000,0.545455
171,8890,A,C,DEPAAVGVG,0.001475,-0.002549,0.03446023,0.0,0.0,0.0,0.0,0.090909,0.000000,0.066667,0.666667,0.200000,0.545455
171,8890,T,C,DEPAAVGVG,0.003151,-1.8e-05,0.03446023,0.0,0.0,0.0,0.0,0.090909,0.000000,0.066667,0.666667,0.200000,0.545455
186,9040,C,A,KAALDLSHF,0.062299,0.034365,0.1921038,0.0,0.0,0.66667,0.6,0.63636,0.000000,0.000000,1.000000,1.000000,1.000000
187,9041,C,A,KAALDLSHF,0.020885,0.007151,0.1921038,0.0,0.0,0.25,0.0,0.0,0.000000,0.000000,1.000000,1.000000,1.000000
188,9044,G,C,KAALDLSHF,0.025932,0.010147,0.1921038,0.0,0.0,0.0,0.4,0.36364,0.000000,0.000000,1.000000,1.000000,1.000000
189,9050,A,T,KAALDLSHF,0.011514,0.001434,0.1921038,0.0,0.0,0.083333,0.0,0.0,0.000000,0.000000,1.000000,1.000000,1.000000
190,9055,A,C,KAALDLSHF,0.018456,0.0017980000000000001,0.1921038,0.0,0.0,0.083333,0.0,0.0,0.000000,0.000000,1.000000,1.000000,1.000000
