trajectory,ns,delta_t,sc_0,sc_1,sc_2,sc_3,sc_4,sc_5,sc_6,sc_7,sc_8,sc_11,sc_12,sc_13,sc_14,sc_15,sc_16,sc_17,sc_18,sc_19
0,1000,1,0.020548,0.015420,0.018211,0.021631,-0.000837,-0.000970,-0.002320,-0.000079,-0.002634,0.002654,-0.000428,-0.001991,-0.002227,-0.006849,-0.022325,-0.019054,-0.018566,-0.010146
1,1000,1,0.013706,0.017517,0.014416,0.016347,0.000243,-0.004185,0.004343,0.000615,0.000680,0.001973,-0.000563,-0.008544,0.003193,0.001628,-0.021309,-0.018777,-0.014682,-0.014050
2,1000,1,0.010935,0.029924,0.015448,0.017593,0.001564,-0.005935,0.003352,-0.000614,0.001247,-0.007043,-0.002178,-0.009067,-0.001758,0.000166,-0.016340,-0.009095,-0.016972,-0.015561
3,1000,1,0.019365,0.021078,0.017473,0.017594,-0.000296,-0.002029,-0.003336,-0.003877,0.002833,0.002456,0.001126,-0.000813,0.003794,-0.000787,-0.017668,-0.014427,-0.020648,-0.014539
4,1000,1,0.021278,0.018582,0.017070,0.017562,0.001885,-0.000402,0.003620,0.001808,0.003751,-0.000690,0.002124,-0.002100,-0.003625,-0.001634,-0.023169,-0.017960,-0.021031,-0.021826
5,1000,1,0.024343,0.021573,0.014651,0.026579,-0.000835,0.001304,0.000659,0.000086,0.001863,-0.002906,-0.003947,-0.002243,-0.002273,0.000915,-0.018163,-0.020498,-0.021204,-0.020600
6,1000,1,0.021002,0.015541,0.019853,0.019144,0.002443,-0.000546,-0.003353,0.002866,0.005756,-0.001555,-0.000155,0.001573,0.002309,-0.006887,-0.007889,-0.014745,-0.024845,-0.021475
7,1000,1,0.022981,0.021819,0.016653,0.018341,0.000628,-0.000616,-0.003324,-0.001991,-0.000748,-0.001866,0.001258,-0.004121,0.000307,0.003152,-0.021239,-0.024560,-0.010971,-0.015307
8,1000,1,0.013155,0.022013,0.018723,0.016331,-0.003137,-0.001903,0.000827,0.001265,0.002668,-0.005360,0.007898,-0.004255,-0.000815,-0.003387,-0.013831,-0.012359,-0.016188,-0.020848
9,1000,1,0.016413,0.015144,0.012088,0.023161,-0.000601,-0.008859,-0.013343,0.004160,0.000258,-0.004035,0.000025,-0.001580,-0.001661,-0.003268,-0.023345,-0.024007,-0.026004,-0.020241
10,1000,1,0.017305,0.016422,0.014534,0.025834,-0.000031,0.000819,0.001997,-0.001991,0.000587,0.007806,-0.004666,0.002192,-0.002379,-0.010220,-0.021234,-0.022174,-0.009024,-0.016303
11,1000,1,0.016838,0.013884,0.013421,0.016790,-0.000038,-0.000459,-0.000157,-0.001542,-0.002575,-0.003152,0.002145,-0.002706,-0.001753,0.002120,-0.013601,-0.019737,-0.018319,-0.017063
12,1000,1,0.024606,0.025587,0.021748,0.016897,0.004537,0.000630,-0.007410,-0.002356,-0.001811,-0.005767,-0.000874,0.006046,0.001352,0.003627,-0.022486,-0.013004,-0.016479,-0.017637
13,1000,1,0.016457,0.011457,0.018763,0.018167,-0.001385,-0.003117,-0.003680,0.007264,0.005276,0.000347,-0.000196,-0.000402,-0.000837,0.003238,-0.021492,-0.021037,-0.018281,-0.018645
14,1000,1,0.019655,0.020039,0.022262,0.016420,0.000269,0.000510,-0.007060,-0.004002,0.003694,-0.006333,0.000566,0.003336,0.001111,-0.010881,-0.018130,-0.024965,-0.018615,-0.022885
15,1000,1,0.019866,0.015260,0.022578,0.015499,0.001296,0.001109,-0.000837,0.000709,0.002471,0.004530,-0.000682,-0.000417,-0.001518,-0.001592,-0.019519,-0.016071,-0.020888,-0.015813
16,1000,1,0.018867,0.014981,0.014106,0.023382,-0.002438,-0.000137,-0.001303,0.000150,-0.006217,0.002433,0.001116,0.002483,-0.002145,-0.001273,-0.019488,-0.031533,-0.019479,-0.024066
17,1000,1,0.017025,0.015394,0.023294,0.016886,-0.001078,-0.002265,0.002404,0.002890,0.002114,-0.002413,-0.000258,-0.000705,0.002367,-0.005085,-0.013368,-0.019452,-0.009166,-0.021688
18,1000,1,0.021392,0.017713,0.024018,0.014784,-0.000803,-0.002252,0.001447,-0.000921,-0.002443,0.004101,-0.007474,0.000569,0.004907,-0.000575,-0.025862,-0.016792,-0.013451,-0.016903
19,1000,1,0.026782,0.017398,0.018634,0.022655,0.001773,0.002370,-0.001352,-0.004832,0.001147,-0.000931,-0.003799,0.000342,0.005162,-0.000514,-0.009347,-0.017983,-0.020047,-0.024794
20,1000,1,0.020200,0.021837,0.020046,0.019688,0.000952,0.003216,-0.003215,0.000933,-0.000974,0.001414,-0.000053,-0.004780,0.000061,0.004082,-0.018074,-0.024104,-0.011918,-0.015054
21,1000,1,0.014056,0.020222,0.020121,0.033683,-0.002531,-0.004674,0.001882,-0.008217,-0.002967,0.002863,-0.002404,-0.007679,-0.001952,0.000773,-0.019660,-0.027938,-0.026389,-0.021857
22,1000,1,0.022705,0.019776,0.019228,0.019117,0.005019,0.002220,0.001533,-0.005229,0.003009,0.001603,-0.000242,0.001745,0.003705,0.002713,-0.024622,-0.019463,-0.016198,-0.016303
23,1000,1,0.025959,0.020838,0.020563,0.020748,0.005522,0.001102,0.002755,-0.002832,-0.003698,0.006031,-0.002124,-0.008135,-0.000934,-0.010106,-0.014956,-0.010005,-0.017030,-0.016125
24,1000,1,0.031512,0.014820,0.018839,0.017915,0.002266,0.003125,0.003860,-0.000908,0.002361,0.000993,0.002598,0.002165,0.003981,0.002006,-0.018030,-0.022351,-0.026147,-0.008495
25,1000,1,0.022876,0.015185,0.017604,0.033197,0.002388,-0.004779,-0.015144,-0.002990,-0.011496,-0.005580,0.003742,0.002149,0.002824,-0.000692,-0.017597,-0.024649,-0.022792,-0.017931
26,1000,1,0.011114,0.024363,0.009501,0.016060,0.001845,0.000608,0.002128,0.001726,-0.013965,-0.006239,0.004017,-0.001045,0.000471,0.003499,-0.019854,-0.013511,-0.013609,-0.016554
27,1000,1,0.021035,0.017328,0.023756,0.018978,-0.001766,-0.002785,0.003483,-0.006342,-0.002900,-0.004437,0.001562,0.000442,-0.001477,-0.000530,-0.021362,-0.016742,-0.012221,-0.021024
28,1000,1,0.020589,0.023692,0.020139,0.026109,-0.000246,-0.004919,0.000594,-0.008801,0.002700,-0.000052,0.010165,0.005811,-0.001215,0.000682,-0.020666,-0.017683,-0.024673,-0.017245
29,1000,1,0.016835,0.019757,0.020282,0.015981,0.002374,-0.002957,0.004346,-0.003454,0.002844,0.009882,-0.001056,-0.009975,-0.001274,0.002910,-0.020959,-0.014538,-0.014532,-0.019100
30,1000,1,0.011961,0.027393,0.028378,0.018664,0.002657,0.000557,0.001170,-0.003191,0.002009,-0.006404,0.001066,0.001783,0.006085,0.000501,-0.014608,-0.019424,-0.021923,-0.014458
31,1000,1,0.024955,0.015322,0.023056,0.012783,0.000271,-0.000075,-0.001800,0.002086,0.002629,0.003022,-0.001690,-0.000973,0.002870,0.000238,-0.016085,-0.024766,-0.022998,-0.020612
32,1000,1,0.021937,0.023639,0.016335,0.015206,0.004645,0.000605,-0.003395,0.002898,0.000221,0.002938,0.001766,0.003225,-0.002002,0.001136,-0.020380,-0.023043,-0.016693,-0.015882
33,1000,1,0.018753,0.019450,0.019173,0.017456,-0.000942,-0.000101,0.000377,-0.001033,-0.002012,-0.008997,0.000605,0.001218,-0.001152,0.003034,-0.018288,-0.016951,-0.024115,-0.011143
34,1000,1,0.011753,0.022348,0.027859,0.015159,-0.001669,0.001318,0.005964,-0.003405,-0.000023,-0.000479,0.008469,-0.001296,0.000449,-0.002508,-0.015913,-0.026375,-0.018541,-0.017538
35,1000,1,0.025310,0.016742,0.034124,0.021175,0.002356,-0.001338,0.003385,0.000962,-0.003491,0.013173,-0.004153,0.008629,0.001003,0.000761,-0.015932,-0.034725,-0.019319,-0.015664
36,1000,1,0.017993,0.021648,0.019828,0.019806,-0.001630,0.001459,0.000702,0.000417,-0.001015,0.004336,0.003402,-0.002896,-0.000808,0.000635,-0.020742,-0.019808,-0.021575,-0.015807
37,1000,1,0.018479,0.010746,0.019094,0.021249,-0.002147,-0.003960,0.002186,0.003097,-0.000237,0.001694,0.003134,0.000654,-0.001278,0.000861,-0.016145,-0.020424,-0.019916,-0.024205
38,1000,1,0.014316,0.020831,0.015293,0.025035,-0.001297,0.000425,0.003897,0.001195,-0.001480,0.000378,-0.002412,-0.002084,-0.004860,0.005544,-0.015683,-0.026769,-0.019415,-0.017936
39,1000,1,0.017372,0.016318,0.020093,0.010891,0.008318,-0.001797,-0.001574,-0.000588,-0.002376,-0.002315,-0.001667,-0.001421,0.000748,-0.003522,-0.019505,-0.010394,-0.021999,-0.017195
40,1000,1,0.016167,0.026587,0.022093,0.010305,-0.002772,-0.000005,0.001900,0.002728,-0.005549,-0.001221,-0.004094,0.004128,-0.001455,0.001305,-0.020245,-0.027610,-0.016913,-0.016033
41,1000,1,0.020454,0.019228,0.018467,0.019908,0.003783,-0.001354,0.004930,0.002361,0.003485,0.004546,0.003243,-0.003240,0.000409,-0.001191,-0.022894,-0.024367,-0.016921,-0.022870
42,1000,1,0.014972,0.018033,0.014065,0.017038,0.005246,-0.003891,-0.000083,0.003698,-0.001681,-0.008124,-0.002401,0.006317,-0.004283,-0.007994,-0.017385,-0.017979,-0.018301,-0.019923
43,1000,1,0.017611,0.019579,0.013386,0.016533,-0.001994,-0.001375,-0.005207,0.006031,-0.002421,0.000449,0.006352,-0.005885,-0.002815,-0.001626,-0.018734,-0.024309,-0.021895,-0.014650
44,1000,1,0.018454,0.020722,0.021807,0.015710,-0.007227,-0.004452,-0.000483,0.001786,-0.000978,0.003685,0.001394,0.001742,0.003129,0.007294,-0.018783,-0.015745,-0.011666,-0.020013
45,1000,1,0.026627,0.021388,0.018584,0.025597,0.002471,-0.001681,-0.001660,0.001119,-0.000405,0.002412,0.000446,-0.001902,-0.001186,-0.000902,-0.013679,-0.022558,-0.021870,-0.017396
46,1000,1,0.025186,0.016254,0.016311,0.012179,-0.002653,-0.000718,-0.008495,0.003864,0.002487,0.003218,-0.003646,0.000082,-0.000805,-0.001650,-0.016459,-0.022885,-0.017074,-0.019317
47,1000,1,0.018237,0.026230,0.015644,0.012094,0.003874,0.000839,0.002973,-0.006596,-0.000510,-0.000389,-0.000484,-0.001095,0.000048,0.002903,-0.014951,-0.019859,-0.023495,-0.023176
48,1000,1,0.019338,0.012068,0.018041,0.015467,-0.001089,-0.005453,-0.001675,0.007054,0.000037,0.000481,0.006691,0.000968,-0.000084,-0.001047,-0.013998,-0.012693,-0.017745,-0.016787
49,1000,1,0.018859,0.016184,0.018580,0.020322,-0.000903,-0.002257,0.002140,-0.007432,-0.000205,0.002726,0.001626,0.001331,-0.001492,-0.002861,-0.018991,-0.019453,-0.024705,-0.015563
50,1000,1,0.017762,0.014859,0.025385,0.017356,-0.002774,-0.001378,-0.001914,-0.003726,-0.005379,0.003738,-0.001287,0.001798,-0.000505,-0.000818,-0.016099,-0.012850,-0.021335,-0.014713
51,1000,1,0.021386,0.021338,0.012225,0.014171,0.004570,-0.001973,-0.002601,0.003469,0.001817,-0.000231,-0.000074,-0.000619,-0.000610,0.000160,-0.025133,-0.013245,-0.018286,-0.014549
52,1000,1,0.017769,0.010874,0.014633,0.020989,-0.000652,0.003965,0.002239,0.001009,0.000182,0.007334,0.000952,-0.002768,0.000493,-0.004305,-0.022352,-0.018747,-0.012338,-0.023031
53,1000,1,0.014096,0.017685,0.007798,0.020079,0.003365,-0.000815,-0.008607,0.002565,-0.002241,-0.004057,-0.000831,0.000383,-0.003968,0.001154,-0.022396,-0.016870,-0.015398,-0.030027
54,1000,1,0.011862,0.026500,0.018444,0.021581,-0.003575,0.000573,-0.006628,0.004179,-0.003778,0.003410,0.002845,0.003197,-0.004538,0.001866,-0.020755,-0.023979,-0.020752,-0.024605
55,1000,1,0.015326,0.018185,0.013837,0.017872,-0.000774,-0.005201,0.000015,-0.001098,0.004864,-0.000635,0.002452,-0.003593,-0.010914,-0.004790,-0.017034,-0.016720,-0.021834,-0.015529
56,1000,1,0.015091,0.020347,0.023792,0.018003,0.000215,-0.002432,0.001487,-0.003902,0.003152,0.000425,0.000163,0.001353,0.003012,-0.014627,-0.027092,-0.016691,-0.021274,-0.031688
57,1000,1,0.024389,0.010961,0.023132,0.021204,0.002054,-0.001819,-0.002569,-0.000784,0.003327,-0.000190,0.001551,0.000670,0.004550,0.000133,-0.023930,-0.021567,-0.011659,-0.032029
58,1000,1,0.022927,0.021587,0.016774,0.021379,0.001114,0.000322,0.001061,0.003679,-0.003766,0.000799,-0.001529,0.002421,-0.003843,-0.001218,-0.010876,-0.015813,-0.017950,-0.025261
59,1000,1,0.019100,0.022964,0.015325,0.013709,-0.003326,-0.005322,-0.005994,0.000413,-0.005060,-0.001874,-0.001017,0.002574,-0.002168,-0.001939,-0.021881,-0.015191,-0.019019,-0.020576
60,1000,1,0.028597,0.011113,0.013473,0.012189,-0.001195,-0.001801,-0.000759,0.001039,0.001295,-0.002291,-0.003235,-0.002588,-0.002343,0.004786,-0.019368,-0.022228,-0.023090,-0.018939
61,1000,1,0.019011,0.015841,0.032598,0.017534,-0.004614,-0.001275,0.006907,-0.000375,-0.001132,0.003056,-0.000971,0.000971,0.001308,0.000016,-0.017648,-0.022474,-0.022203,-0.019455
62,1000,1,0.018746,0.017787,0.022533,0.020289,-0.000904,0.001534,-0.003759,-0.001402,-0.001553,0.003229,0.001799,0.000193,-0.005334,-0.004036,-0.017662,-0.019869,-0.015324,-0.021176
63,1000,1,0.015859,0.015164,0.022087,0.012303,-0.000823,0.001508,0.002632,0.003727,-0.002569,0.001947,-0.000167,0.003912,-0.000292,-0.000736,-0.014860,-0.024872,-0.020853,-0.027120
64,1000,1,0.012982,0.022408,0.014186,0.014482,-0.001446,-0.006571,-0.001690,0.003635,-0.002512,-0.000373,-0.005613,-0.000328,0.006496,-0.002222,-0.014470,-0.013711,-0.016691,-0.013727
65,1000,1,0.023132,0.016102,0.018247,0.024063,0.003202,0.001510,-0.000118,0.006559,-0.001946,-0.001604,0.003024,-0.003463,0.000877,-0.001226,-0.022006,-0.026135,-0.019425,-0.020708
66,1000,1,0.022297,0.019828,0.017506,0.019235,0.001247,0.003242,-0.005505,-0.002483,-0.004122,0.003264,-0.002139,-0.002134,0.001161,0.001123,-0.017639,-0.019311,-0.018392,-0.015518
67,1000,1,0.024725,0.020022,0.020859,0.018647,-0.000442,-0.003443,0.000972,0.002316,0.002882,0.003068,-0.000333,0.001045,-0.009711,0.006325,-0.022716,-0.024857,-0.029497,-0.023221
68,1000,1,0.015283,0.018489,0.019648,0.012046,-0.006806,-0.001581,-0.006055,0.005511,0.000117,-0.003839,-0.003743,-0.000576,0.003993,0.001206,-0.017806,-0.022965,-0.014551,-0.018629
69,1000,1,0.019917,0.022443,0.023131,0.018317,0.001592,-0.000407,-0.000997,0.001261,0.000828,-0.005706,-0.000712,0.007821,-0.002670,-0.000501,-0.018947,-0.018667,-0.036412,-0.019679
70,1000,1,0.017870,0.016534,0.025203,0.015036,0.001848,-0.000163,-0.001449,0.001926,-0.009139,0.001748,0.003898,0.003403,0.001250,0.001639,-0.018191,-0.010658,-0.015617,-0.027295
71,1000,1,0.017842,0.018760,0.019480,0.016436,0.001309,-0.001305,-0.000429,0.000251,0.000312,-0.002122,-0.001565,0.000078,-0.001345,-0.000349,-0.014084,-0.020495,-0.016042,-0.018605
72,1000,1,0.018526,0.018597,0.022874,0.017611,-0.001122,-0.003341,-0.000621,-0.002629,0.000773,-0.003467,0.011641,0.001617,0.001586,-0.004394,-0.012269,-0.019662,-0.023472,-0.016285
73,1000,1,0.021908,0.020325,0.019245,0.019046,-0.002045,-0.002384,-0.002767,0.003676,-0.002988,0.008232,0.000976,0.001257,-0.000127,0.000010,-0.024045,-0.024139,-0.015366,-0.019331
74,1000,1,0.013937,0.015282,0.023294,0.016679,0.001063,0.001385,-0.003734,0.001836,0.001483,-0.000494,0.000778,-0.006153,0.002369,-0.002361,-0.024393,-0.021078,-0.013606,-0.023971
75,1000,1,0.022326,0.017449,0.020814,0.021971,0.000170,-0.004881,-0.002460,0.000899,-0.001026,-0.000653,-0.001990,0.005603,0.000252,0.002077,-0.014557,-0.013803,-0.018096,-0.013516
76,1000,1,0.024762,0.015025,0.019394,0.015299,0.004194,0.000902,-0.004894,-0.001601,0.002159,-0.003621,0.000400,-0.001597,-0.003377,-0.001676,-0.014072,-0.019041,-0.020026,-0.024242
77,1000,1,0.016997,0.017286,0.016557,0.021652,-0.002493,-0.001356,-0.003225,-0.002444,-0.007535,0.002234,0.000015,0.002825,0.002409,-0.001825,-0.018669,-0.017581,-0.020317,-0.011246
78,1000,1,0.013675,0.020469,0.023352,0.024804,0.004429,0.003424,0.002276,0.001639,-0.001719,0.001851,0.003541,-0.010013,-0.001467,0.000836,-0.024160,-0.019908,-0.020461,-0.009791
79,1000,1,0.016358,0.029843,0.014579,0.018388,-0.002808,0.005976,0.000880,0.003187,-0.000141,0.001263,0.003093,0.001468,-0.001185,0.001377,-0.025526,-0.015411,-0.017717,-0.017660
80,1000,1,0.023629,0.020317,0.020497,0.019262,-0.002391,0.007652,0.004123,-0.004093,-0.000556,0.000464,0.002196,-0.004730,-0.001659,0.001085,-0.025125,-0.017549,-0.026768,-0.026641
81,1000,1,0.018914,0.029027,0.013061,0.014828,0.004916,-0.000695,-0.002269,0.004626,-0.001535,0.002726,0.000375,0.003766,-0.001117,-0.002487,-0.021873,-0.019388,-0.022788,-0.018927
82,1000,1,0.010309,0.018378,0.023176,0.013953,-0.000179,-0.005877,-0.002126,0.000851,0.000189,0.001657,-0.005788,-0.000176,0.004710,-0.004559,-0.015411,-0.009943,-0.016095,-0.013187
83,1000,1,0.028690,0.006832,0.019724,0.018277,-0.007729,0.004947,0.002769,0.002986,-0.002387,-0.001355,-0.002478,-0.003962,0.003713,-0.002178,-0.018607,-0.022613,-0.014615,-0.018911
84,1000,1,0.012416,0.019685,0.017579,0.020158,-0.004900,0.007623,-0.000244,0.000799,-0.004300,0.000261,0.002485,0.001997,0.001290,-0.000993,-0.017699,-0.012530,-0.015965,-0.013709
85,1000,1,0.019905,0.014781,0.017305,0.027918,-0.003693,0.001007,0.001086,0.002284,-0.003083,-0.001513,0.002440,-0.003814,0.003359,-0.001781,-0.013892,-0.020609,-0.022315,-0.016550
86,1000,1,0.022940,0.022674,0.023327,0.018171,-0.001255,0.005736,-0.001586,-0.007251,-0.000808,0.000143,-0.001183,-0.001955,0.000822,-0.001029,-0.020882,-0.027658,-0.024700,-0.023044
87,1000,1,0.016232,0.018762,0.019119,0.009995,0.005162,0.004035,-0.003816,0.003349,0.005254,-0.001001,-0.000985,0.002552,-0.001125,-0.004415,-0.018999,-0.022536,-0.014344,-0.012800
88,1000,1,0.015926,0.015674,0.025927,0.014037,0.007491,0.002811,-0.004966,0.002502,0.001617,0.000001,0.000153,-0.001779,0.003978,-0.007770,-0.015138,-0.016249,-0.019040,-0.033883
89,1000,1,0.019941,0.018917,0.018767,0.017926,-0.008843,0.000195,0.005199,0.001969,-0.003209,-0.003445,-0.000951,-0.001909,0.001650,0.000135,-0.021646,-0.017931,-0.028228,-0.020313
90,1000,1,0.019332,0.024708,0.020786,0.023618,0.000352,0.002329,0.000659,0.001952,0.002040,0.000809,-0.000520,0.002997,-0.001388,-0.004031,-0.032970,-0.016972,-0.018852,-0.019799
91,1000,1,0.021772,0.027118,0.017532,0.018793,-0.001395,0.000982,-0.003316,-0.000501,0.003845,0.000491,0.001071,0.002252,-0.000043,-0.005037,-0.018823,-0.011726,-0.017945,-0.018660
92,1000,1,0.013848,0.022372,0.027555,0.017870,-0.005600,-0.001851,0.000613,0.001636,-0.000342,-0.004114,0.002030,0.004599,-0.001539,0.003348,-0.009917,-0.032402,-0.021335,-0.016236
93,1000,1,0.021983,0.015662,0.019539,0.020370,-0.001587,-0.003020,0.000579,0.001920,0.000773,0.003728,-0.005841,0.000317,0.000504,-0.003963,-0.020552,-0.015892,-0.016779,-0.026396
94,1000,1,0.024866,0.013750,0.016577,0.024627,0.002209,0.000479,-0.000580,0.001141,0.005332,-0.005865,0.001235,0.000413,0.000439,-0.004048,-0.020031,-0.019479,-0.018229,-0.016651
95,1000,1,0.014176,0.015992,0.011542,0.015476,0.007508,-0.004316,0.006218,-0.000337,0.005898,0.003153,0.006037,-0.000971,-0.003601,0.003935,-0.019937,-0.019461,-0.018622,-0.017061
96,1000,1,0.013229,0.014799,0.013994,0.016494,0.003604,0.002720,0.000810,0.003150,0.001647,-0.001886,0.003540,-0.000849,0.002816,0.000298,-0.016232,-0.019954,-0.016416,-0.017825
97,1000,1,0.013897,0.020667,0.019748,0.017091,-0.004995,-0.003456,0.008041,-0.002731,-0.000003,-0.002135,0.002380,-0.000515,0.000620,0.001549,-0.020948,-0.021248,-0.022224,-0.023963
98,1000,1,0.014716,0.011886,0.017997,0.022571,-0.001034,0.000547,-0.004080,0.003179,0.002807,0.006021,0.002029,-0.000776,-0.001196,-0.000952,-0.014566,-0.020964,-0.024636,-0.015571
99,1000,1,0.016775,0.015157,0.020281,0.018808,0.004204,-0.001510,-0.000935,-0.003829,-0.002817,-0.001672,0.001355,0.000630,-0.000250,0.001114,-0.016749,-0.015390,-0.015025,-0.019167
