polymorphic_index,alignment,HXB2_index,nucleotide,TF,epitope,escape,sc_MPL,pc_MPL,f_at_0,f_at_8,f_at_12,f_at_22,f_at_29,f_at_56,f_at_85
0,0,5041,-,A,nan,False,-0.000915,nan,0.043478,0.0,0.0,0.0,0.0,0.0,0.0
0,0,5041,A,A,nan,False,0.000000,nan,0.95652,1.0,1.0,1.0,1.0,1.0,1.0
1,1,5042,-,T,nan,False,-0.000986,nan,0.043478,0.0,0.0,0.0,0.0,0.0,0.0
1,1,5042,T,T,nan,False,0.000000,nan,0.95652,1.0,1.0,1.0,1.0,1.0,1.0
2,2,5043,-,G,nan,False,-0.001004,nan,0.043478,0.0,0.0,0.0,0.0,0.0,0.0
2,2,5043,G,G,nan,False,0.000000,nan,0.95652,1.0,1.0,1.0,1.0,1.0,1.0
3,3,5044,-,G,nan,False,-0.001004,nan,0.043478,0.0,0.0,0.0,0.0,0.0,0.0
3,3,5044,G,G,nan,False,0.000000,nan,0.95652,1.0,1.0,1.0,1.0,1.0,1.0
4,4,5045,-,A,nan,False,-0.000915,nan,0.043478,0.0,0.0,0.0,0.0,0.0,0.0
4,4,5045,A,A,nan,False,0.000000,nan,0.95652,1.0,1.0,1.0,1.0,1.0,1.0
5,5,5046,-,A,nan,False,-0.000915,nan,0.043478,0.0,0.0,0.0,0.0,0.0,0.0
5,5,5046,A,A,nan,False,0.000000,nan,0.95652,1.0,1.0,1.0,1.0,1.0,1.0
6,6,5047,-,A,nan,False,-0.000915,nan,0.043478,0.0,0.0,0.0,0.0,0.0,0.0
6,6,5047,A,A,nan,False,0.000000,nan,0.95652,1.0,1.0,1.0,1.0,1.0,1.0
7,7,5048,-,A,nan,False,-0.000915,nan,0.043478,0.0,0.0,0.0,0.0,0.0,0.0
7,7,5048,A,A,nan,False,0.000000,nan,0.95652,1.0,1.0,1.0,1.0,1.0,1.0
8,8,5049,-,C,nan,False,-0.000999,nan,0.043478,0.0,0.0,0.0,0.0,0.0,0.0
8,8,5049,C,C,nan,False,0.000000,nan,0.95652,1.0,1.0,1.0,1.0,1.0,1.0
9,9,5050,-,A,nan,False,-0.000915,nan,0.043478,0.0,0.0,0.0,0.0,0.0,0.0
9,9,5050,A,A,nan,False,0.000000,nan,0.95652,1.0,1.0,1.0,1.0,1.0,1.0
10,10,5051,-,G,nan,False,-0.001004,nan,0.043478,0.0,0.0,0.0,0.0,0.0,0.0
10,10,5051,G,G,nan,False,0.000000,nan,0.95652,1.0,1.0,1.0,1.0,1.0,1.0
11,11,5052,-,A,nan,False,-0.000915,nan,0.043478,0.0,0.0,0.0,0.0,0.0,0.0
11,11,5052,A,A,nan,False,0.000000,nan,0.95652,1.0,1.0,1.0,1.0,1.0,1.0
12,12,5053,-,T,nan,False,-0.000986,nan,0.043478,0.0,0.0,0.0,0.0,0.0,0.0
12,12,5053,T,T,nan,False,0.000000,nan,0.95652,1.0,1.0,1.0,1.0,1.0,1.0
13,13,5054,-,G,nan,False,-0.001004,nan,0.043478,0.0,0.0,0.0,0.0,0.0,0.0
13,13,5054,G,G,nan,False,0.000000,nan,0.95652,1.0,1.0,1.0,1.0,1.0,1.0
14,14,5055,-,G,nan,False,-0.001004,nan,0.043478,0.0,0.0,0.0,0.0,0.0,0.0
14,14,5055,G,G,nan,False,0.000000,nan,0.95652,1.0,1.0,1.0,1.0,1.0,1.0
15,15,5056,-,C,nan,False,-0.000999,nan,0.043478,0.0,0.0,0.0,0.0,0.0,0.0
15,15,5056,C,C,nan,False,0.000000,nan,0.95652,1.0,1.0,1.0,1.0,1.0,1.0
16,16,5057,-,A,nan,False,-0.000915,nan,0.043478,0.0,0.0,0.0,0.0,0.0,0.0
16,16,5057,A,A,nan,False,0.000000,nan,0.95652,1.0,1.0,1.0,1.0,1.0,1.0
17,17,5058,-,G,nan,False,-0.001004,nan,0.043478,0.0,0.0,0.0,0.0,0.0,0.0
17,17,5058,G,G,nan,False,0.000000,nan,0.95652,1.0,1.0,1.0,1.0,1.0,1.0
18,18,5059,-,G,nan,False,-0.001004,nan,0.043478,0.0,0.0,0.0,0.0,0.0,0.0
18,18,5059,G,G,nan,False,0.000000,nan,0.95652,1.0,1.0,1.0,1.0,1.0,1.0
19,19,5060,-,T,nan,False,-0.000986,nan,0.043478,0.0,0.0,0.0,0.0,0.0,0.0
19,19,5060,T,T,nan,False,0.000000,nan,0.95652,1.0,1.0,1.0,1.0,1.0,1.0
20,20,5061,-,G,nan,False,-0.001004,nan,0.043478,0.0,0.0,0.0,0.0,0.0,0.0
20,20,5061,G,G,nan,False,0.000000,nan,0.95652,1.0,1.0,1.0,1.0,1.0,1.0
21,21,5062,-,C,nan,False,-0.000999,nan,0.043478,0.0,0.0,0.0,0.0,0.0,0.0
21,21,5062,C,C,nan,False,0.000000,nan,0.95652,1.0,1.0,1.0,1.0,1.0,1.0
22,22,5063,-,T,nan,False,-0.000986,nan,0.043478,0.0,0.0,0.0,0.0,0.0,0.0
22,22,5063,T,T,nan,False,0.000000,nan,0.95652,1.0,1.0,1.0,1.0,1.0,1.0
23,23,5064,-,G,nan,False,-0.001004,nan,0.043478,0.0,0.0,0.0,0.0,0.0,0.0
23,23,5064,G,G,nan,False,0.000000,nan,0.95652,1.0,1.0,1.0,1.0,1.0,1.0
24,24,5065,-,A,nan,False,-0.000915,nan,0.043478,0.0,0.0,0.0,0.0,0.0,0.0
24,24,5065,A,A,nan,False,0.000000,nan,0.95652,1.0,1.0,1.0,1.0,1.0,1.0
25,25,5066,-,T,nan,False,-0.000986,nan,0.043478,0.0,0.0,0.0,0.0,0.0,0.0
25,25,5066,T,T,nan,False,0.000000,nan,0.95652,1.0,1.0,1.0,1.0,1.0,1.0
26,26,5067,-,T,nan,False,-0.000986,nan,0.043478,0.0,0.0,0.0,0.0,0.0,0.0
26,26,5067,T,T,nan,False,0.000000,nan,0.95652,1.0,1.0,1.0,1.0,1.0,1.0
27,27,5068,-,G,nan,False,-0.001004,nan,0.043478,0.0,0.0,0.0,0.0,0.0,0.0
27,27,5068,G,G,nan,False,0.000000,nan,0.95652,1.0,1.0,1.0,1.0,1.0,1.0
28,28,5069,-,T,nan,False,-0.000986,nan,0.043478,0.0,0.0,0.0,0.0,0.0,0.0
28,28,5069,T,T,nan,False,0.000000,nan,0.95652,1.0,1.0,1.0,1.0,1.0,1.0
29,29,5070,-,G,nan,False,-0.001004,nan,0.043478,0.0,0.0,0.0,0.0,0.0,0.0
29,29,5070,G,G,nan,False,0.000000,nan,0.95652,1.0,1.0,1.0,1.0,1.0,1.0
30,30,5071,-,T,nan,False,-0.000986,nan,0.043478,0.0,0.0,0.0,0.0,0.0,0.0
30,30,5071,T,T,nan,False,0.000000,nan,0.95652,1.0,1.0,1.0,1.0,1.0,1.0
31,31,5072,-,G,nan,False,-0.001004,nan,0.043478,0.0,0.0,0.0,0.0,0.0,0.0
31,31,5072,G,G,nan,False,0.000000,nan,0.95652,1.0,1.0,1.0,1.0,1.0,1.0
32,32,5073,-,G,nan,False,-0.001004,nan,0.043478,0.0,0.0,0.0,0.0,0.0,0.0
32,32,5073,G,G,nan,False,0.000000,nan,0.95652,1.0,1.0,1.0,1.0,1.0,1.0
33,33,5074,-,C,nan,False,-0.000999,nan,0.043478,0.0,0.0,0.0,0.0,0.0,0.0
33,33,5074,C,C,nan,False,0.000000,nan,0.95652,1.0,1.0,1.0,1.0,1.0,1.0
34,34,5075,-,A,nan,False,-0.000915,nan,0.043478,0.0,0.0,0.0,0.0,0.0,0.0
34,34,5075,A,A,nan,False,0.000000,nan,0.95652,1.0,1.0,1.0,1.0,1.0,1.0
35,35,5076,-,G,nan,False,-0.001004,nan,0.043478,0.0,0.0,0.0,0.0,0.0,0.0
35,35,5076,G,G,nan,False,0.000000,nan,0.95652,1.0,1.0,1.0,1.0,1.0,1.0
36,36,5077,-,G,nan,False,-0.001004,nan,0.043478,0.0,0.0,0.0,0.0,0.0,0.0
36,36,5077,G,G,nan,False,0.000000,nan,0.95652,1.0,1.0,1.0,1.0,1.0,1.0
37,37,5078,-,T,nan,False,-0.000986,nan,0.043478,0.0,0.0,0.0,0.0,0.0,0.0
37,37,5078,T,T,nan,False,0.000000,nan,0.95652,1.0,1.0,1.0,1.0,1.0,1.0
38,38,5079,-,A,nan,False,-0.000915,nan,0.043478,0.0,0.0,0.0,0.0,0.0,0.0
38,38,5079,A,A,nan,False,0.000000,nan,0.95652,1.0,1.0,1.0,1.0,1.0,1.0
39,39,5080,-,G,nan,False,-0.001004,nan,0.043478,0.0,0.0,0.0,0.0,0.0,0.0
39,39,5080,G,G,nan,False,0.000000,nan,0.95652,1.0,1.0,1.0,1.0,1.0,1.0
40,40,5081,-,A,nan,False,-0.000915,nan,0.043478,0.0,0.0,0.0,0.0,0.0,0.0
40,40,5081,A,A,nan,False,0.000000,nan,0.95652,1.0,1.0,1.0,1.0,1.0,1.0
41,41,5082,-,C,nan,False,-0.000999,nan,0.043478,0.0,0.0,0.0,0.0,0.0,0.0
41,41,5082,C,C,nan,False,0.000000,nan,0.95652,1.0,1.0,1.0,1.0,1.0,1.0
42,42,5083,-,A,nan,False,-0.000915,nan,0.043478,0.0,0.0,0.0,0.0,0.0,0.0
42,42,5083,A,A,nan,False,0.000000,nan,0.95652,1.0,1.0,1.0,1.0,1.0,1.0
43,43,5084,-,G,nan,False,-0.001004,nan,0.043478,0.0,0.0,0.0,0.0,0.0,0.0
43,43,5084,G,G,nan,False,0.000000,nan,0.95652,1.0,1.0,1.0,1.0,1.0,1.0
44,44,5085,-,G,nan,False,-0.001004,nan,0.043478,0.0,0.0,0.0,0.0,0.0,0.0
44,44,5085,G,G,nan,False,0.000000,nan,0.95652,1.0,1.0,1.0,1.0,1.0,1.0
45,45,5086,-,A,nan,False,-0.000915,nan,0.043478,0.0,0.0,0.0,0.0,0.0,0.0
45,45,5086,A,A,nan,False,0.000000,nan,0.95652,1.0,1.0,1.0,1.0,1.0,1.0
46,46,5087,-,T,nan,False,-0.000986,nan,0.043478,0.0,0.0,0.0,0.0,0.0,0.0
46,46,5087,T,T,nan,False,0.000000,nan,0.95652,1.0,1.0,1.0,1.0,1.0,1.0
47,47,5088,-,G,nan,False,-0.001004,nan,0.043478,0.0,0.0,0.0,0.0,0.0,0.0
47,47,5088,G,G,nan,False,0.000000,nan,0.95652,1.0,1.0,1.0,1.0,1.0,1.0
48,48,5089,-,A,nan,False,-0.000915,nan,0.043478,0.0,0.0,0.0,0.0,0.0,0.0
48,48,5089,A,A,nan,False,0.000000,nan,0.95652,1.0,1.0,1.0,1.0,1.0,1.0
49,49,5090,-,A,nan,False,0.001283,nan,0.043478,0.0,0.0,0.0,0.0,0.0,0.0
49,49,5090,A,A,nan,False,0.000000,nan,0.95652,1.0,1.0,1.0,1.0,0.92308,1.0
49,49,5090,G,A,nan,False,0.003855,nan,0.0,0.0,0.0,0.0,0.0,0.076923,0.0
50,50,5091,-,G,nan,False,-0.001004,nan,0.043478,0.0,0.0,0.0,0.0,0.0,0.0
50,50,5091,G,G,nan,False,0.000000,nan,0.95652,1.0,1.0,1.0,1.0,1.0,1.0
51,51,5092,-,A,nan,False,-0.000915,nan,0.043478,0.0,0.0,0.0,0.0,0.0,0.0
51,51,5092,A,A,nan,False,0.000000,nan,0.95652,1.0,1.0,1.0,1.0,1.0,1.0
52,52,5093,-,T,nan,False,-0.000986,nan,0.043478,0.0,0.0,0.0,0.0,0.0,0.0
52,52,5093,T,T,nan,False,0.000000,nan,0.95652,1.0,1.0,1.0,1.0,1.0,1.0
53,53,5094,-,T,nan,False,-0.000986,nan,0.043478,0.0,0.0,0.0,0.0,0.0,0.0
53,53,5094,T,T,nan,False,0.000000,nan,0.95652,1.0,1.0,1.0,1.0,1.0,1.0
54,54,5095,-,A,nan,False,-0.000915,nan,0.043478,0.0,0.0,0.0,0.0,0.0,0.0
54,54,5095,A,A,nan,False,0.000000,nan,0.95652,1.0,1.0,1.0,1.0,1.0,1.0
55,55,5096,-,G,nan,False,-0.001004,nan,0.043478,0.0,0.0,0.0,0.0,0.0,0.0
55,55,5096,G,G,nan,False,0.000000,nan,0.95652,1.0,1.0,1.0,1.0,1.0,1.0
56,56,5097,-,A,nan,False,-0.000915,nan,0.043478,0.0,0.0,0.0,0.0,0.0,0.0
56,56,5097,A,A,nan,False,0.000000,nan,0.95652,1.0,1.0,1.0,1.0,1.0,1.0
57,57,5098,-,A,nan,False,-0.000915,nan,0.043478,0.0,0.0,0.0,0.0,0.0,0.0
57,57,5098,A,A,nan,False,0.000000,nan,0.95652,1.0,1.0,1.0,1.0,1.0,1.0
58,58,5099,-,C,nan,False,-0.000999,nan,0.043478,0.0,0.0,0.0,0.0,0.0,0.0
58,58,5099,C,C,nan,False,0.000000,nan,0.95652,1.0,1.0,1.0,1.0,1.0,1.0
59,59,5100,-,A,nan,False,-0.000915,nan,0.043478,0.0,0.0,0.0,0.0,0.0,0.0
59,59,5100,A,A,nan,False,0.000000,nan,0.95652,1.0,1.0,1.0,1.0,1.0,1.0
60,60,5101,-,T,nan,False,-0.000986,nan,0.043478,0.0,0.0,0.0,0.0,0.0,0.0
60,60,5101,T,T,nan,False,0.000000,nan,0.95652,1.0,1.0,1.0,1.0,1.0,1.0
61,61,5102,-,G,nan,False,-0.001004,nan,0.043478,0.0,0.0,0.0,0.0,0.0,0.0
61,61,5102,G,G,nan,False,0.000000,nan,0.95652,1.0,1.0,1.0,1.0,1.0,1.0
62,62,5103,-,G,nan,False,-0.001004,nan,0.043478,0.0,0.0,0.0,0.0,0.0,0.0
62,62,5103,G,G,nan,False,0.000000,nan,0.95652,1.0,1.0,1.0,1.0,1.0,1.0
63,63,5104,-,A,nan,False,-0.000915,nan,0.043478,0.0,0.0,0.0,0.0,0.0,0.0
63,63,5104,A,A,nan,False,0.000000,nan,0.95652,1.0,1.0,1.0,1.0,1.0,1.0
64,64,5105,-,A,nan,False,-0.000915,nan,0.043478,0.0,0.0,0.0,0.0,0.0,0.0
64,64,5105,A,A,nan,False,0.000000,nan,0.95652,1.0,1.0,1.0,1.0,1.0,1.0
65,65,5106,-,T,nan,False,-0.000986,nan,0.043478,0.0,0.0,0.0,0.0,0.0,0.0
65,65,5106,T,T,nan,False,0.000000,nan,0.95652,1.0,1.0,1.0,1.0,1.0,1.0
66,66,5107,-,A,nan,False,-0.000915,nan,0.043478,0.0,0.0,0.0,0.0,0.0,0.0
66,66,5107,A,A,nan,False,0.000000,nan,0.95652,1.0,1.0,1.0,1.0,1.0,1.0
67,67,5108,-,G,nan,False,-0.001004,nan,0.043478,0.0,0.0,0.0,0.0,0.0,0.0
67,67,5108,G,G,nan,False,0.000000,nan,0.95652,1.0,1.0,1.0,1.0,1.0,1.0
68,68,5109,-,T,nan,False,-0.000986,nan,0.043478,0.0,0.0,0.0,0.0,0.0,0.0
68,68,5109,T,T,nan,False,0.000000,nan,0.95652,1.0,1.0,1.0,1.0,1.0,1.0
69,69,5110,-,T,nan,False,-0.000986,nan,0.043478,0.0,0.0,0.0,0.0,0.0,0.0
69,69,5110,T,T,nan,False,0.000000,nan,0.95652,1.0,1.0,1.0,1.0,1.0,1.0
70,70,5111,-,T,nan,False,-0.000986,nan,0.043478,0.0,0.0,0.0,0.0,0.0,0.0
70,70,5111,T,T,nan,False,0.000000,nan,0.95652,1.0,1.0,1.0,1.0,1.0,1.0
71,71,5112,-,A,nan,False,-0.000309,nan,0.043478,0.0,0.0,0.0,0.0,0.0,0.0
71,71,5112,A,A,nan,False,0.000000,nan,0.95652,1.0,1.0,1.0,1.0,0.92308,1.0
71,71,5112,G,A,nan,False,0.000671,nan,0.0,0.0,0.0,0.0,0.0,0.076923,0.0
72,72,5113,-,G,nan,False,-0.001004,nan,0.043478,0.0,0.0,0.0,0.0,0.0,0.0
72,72,5113,G,G,nan,False,0.000000,nan,0.95652,1.0,1.0,1.0,1.0,1.0,1.0
73,73,5114,-,T,nan,False,-0.000986,nan,0.043478,0.0,0.0,0.0,0.0,0.0,0.0
73,73,5114,T,T,nan,False,0.000000,nan,0.95652,1.0,1.0,1.0,1.0,1.0,1.0
74,74,5115,-,A,nan,False,-0.000915,nan,0.043478,0.0,0.0,0.0,0.0,0.0,0.0
74,74,5115,A,A,nan,False,0.000000,nan,0.95652,1.0,1.0,1.0,1.0,1.0,1.0
75,75,5116,-,A,nan,False,-0.000915,nan,0.043478,0.0,0.0,0.0,0.0,0.0,0.0
75,75,5116,A,A,nan,False,0.000000,nan,0.95652,1.0,1.0,1.0,1.0,1.0,1.0
76,76,5117,-,A,nan,False,-0.000915,nan,0.043478,0.0,0.0,0.0,0.0,0.0,0.0
76,76,5117,A,A,nan,False,0.000000,nan,0.95652,1.0,1.0,1.0,1.0,1.0,1.0
77,77,5118,-,G,nan,False,-0.001004,nan,0.043478,0.0,0.0,0.0,0.0,0.0,0.0
77,77,5118,G,G,nan,False,0.000000,nan,0.95652,1.0,1.0,1.0,1.0,1.0,1.0
78,78,5119,-,C,nan,False,-0.000999,nan,0.043478,0.0,0.0,0.0,0.0,0.0,0.0
78,78,5119,C,C,nan,False,0.000000,nan,0.95652,1.0,1.0,1.0,1.0,1.0,1.0
79,79,5120,-,A,nan,False,-0.000915,nan,0.043478,0.0,0.0,0.0,0.0,0.0,0.0
79,79,5120,A,A,nan,False,0.000000,nan,0.95652,1.0,1.0,1.0,1.0,1.0,1.0
80,80,5121,-,C,nan,False,-0.000999,nan,0.043478,0.0,0.0,0.0,0.0,0.0,0.0
80,80,5121,C,C,nan,False,0.000000,nan,0.95652,1.0,1.0,1.0,1.0,1.0,1.0
81,81,5122,-,C,nan,False,-0.000999,nan,0.043478,0.0,0.0,0.0,0.0,0.0,0.0
81,81,5122,C,C,nan,False,0.000000,nan,0.95652,1.0,1.0,1.0,1.0,1.0,1.0
82,82,5123,-,A,nan,False,-0.000915,nan,0.043478,0.0,0.0,0.0,0.0,0.0,0.0
82,82,5123,A,A,nan,False,0.000000,nan,0.95652,1.0,1.0,1.0,1.0,1.0,1.0
83,83,5124,-,T,nan,False,-0.000986,nan,0.043478,0.0,0.0,0.0,0.0,0.0,0.0
83,83,5124,T,T,nan,False,0.000000,nan,0.95652,1.0,1.0,1.0,1.0,1.0,1.0
84,84,5125,-,A,nan,False,-0.000915,nan,0.043478,0.0,0.0,0.0,0.0,0.0,0.0
84,84,5125,A,A,nan,False,0.000000,nan,0.95652,1.0,1.0,1.0,1.0,1.0,1.0
85,85,5126,-,T,nan,False,-0.000986,nan,0.043478,0.0,0.0,0.0,0.0,0.0,0.0
85,85,5126,T,T,nan,False,0.000000,nan,0.95652,1.0,1.0,1.0,1.0,1.0,1.0
86,86,5127,-,A,nan,False,-0.000915,nan,0.043478,0.0,0.0,0.0,0.0,0.0,0.0
86,86,5127,A,A,nan,False,0.000000,nan,0.95652,1.0,1.0,1.0,1.0,1.0,1.0
87,87,5128,-,T,nan,False,-0.000986,nan,0.043478,0.0,0.0,0.0,0.0,0.0,0.0
87,87,5128,T,T,nan,False,0.000000,nan,0.95652,1.0,1.0,1.0,1.0,1.0,1.0
88,88,5129,-,G,nan,False,-0.001004,nan,0.043478,0.0,0.0,0.0,0.0,0.0,0.0
88,88,5129,G,G,nan,False,0.000000,nan,0.95652,1.0,1.0,1.0,1.0,1.0,1.0
89,89,5130,-,G,nan,False,-0.001004,nan,0.043478,0.0,0.0,0.0,0.0,0.0,0.0
89,89,5130,G,G,nan,False,0.000000,nan,0.95652,1.0,1.0,1.0,1.0,1.0,1.0
90,90,5131,-,G,nan,False,-0.001004,nan,0.043478,0.0,0.0,0.0,0.0,0.0,0.0
90,90,5131,G,G,nan,False,0.000000,nan,0.95652,1.0,1.0,1.0,1.0,1.0,1.0
91,91,5132,-,C,nan,False,-0.000999,nan,0.043478,0.0,0.0,0.0,0.0,0.0,0.0
91,91,5132,C,C,nan,False,0.000000,nan,0.95652,1.0,1.0,1.0,1.0,1.0,1.0
92,92,5133,-,C,nan,False,-0.000999,nan,0.043478,0.0,0.0,0.0,0.0,0.0,0.0
92,92,5133,C,C,nan,False,0.000000,nan,0.95652,1.0,1.0,1.0,1.0,1.0,1.0
93,93,5134,-,T,nan,False,-0.000986,nan,0.043478,0.0,0.0,0.0,0.0,0.0,0.0
93,93,5134,T,T,nan,False,0.000000,nan,0.95652,1.0,1.0,1.0,1.0,1.0,1.0
94,94,5135,-,C,nan,False,-0.000999,nan,0.043478,0.0,0.0,0.0,0.0,0.0,0.0
94,94,5135,C,C,nan,False,0.000000,nan,0.95652,1.0,1.0,1.0,1.0,1.0,1.0
95,95,5136,-,A,nan,False,-0.000915,nan,0.043478,0.0,0.0,0.0,0.0,0.0,0.0
95,95,5136,A,A,nan,False,0.000000,nan,0.95652,1.0,1.0,1.0,1.0,1.0,1.0
96,96,5137,-,A,nan,False,-0.006662,nan,0.043478,0.0,0.0,0.0,0.0,0.0,0.0
96,96,5137,A,A,nan,False,0.000000,nan,0.91304,1.0,1.0,1.0,1.0,1.0,1.0
96,96,5137,G,A,nan,False,-0.012035,nan,0.043478,0.0,0.0,0.0,0.0,0.0,0.0
97,97,5138,-,A,nan,False,-0.000915,nan,0.043478,0.0,0.0,0.0,0.0,0.0,0.0
97,97,5138,A,A,nan,False,0.000000,nan,0.95652,1.0,1.0,1.0,1.0,1.0,1.0
98,98,5139,-,G,nan,False,-0.001004,nan,0.043478,0.0,0.0,0.0,0.0,0.0,0.0
98,98,5139,G,G,nan,False,0.000000,nan,0.95652,1.0,1.0,1.0,1.0,1.0,1.0
99,99,5140,-,A,nan,False,-0.000915,nan,0.043478,0.0,0.0,0.0,0.0,0.0,0.0
99,99,5140,A,A,nan,False,0.000000,nan,0.95652,1.0,1.0,1.0,1.0,1.0,1.0
100,100,5141,-,A,nan,False,-0.000915,nan,0.043478,0.0,0.0,0.0,0.0,0.0,0.0
100,100,5141,A,A,nan,False,0.000000,nan,0.95652,1.0,1.0,1.0,1.0,1.0,1.0
101,101,5142,-,A,nan,False,-0.002382,nan,0.043478,0.0,0.0,0.0,0.0,0.0,0.0
101,101,5142,A,A,nan,False,0.000000,nan,0.91304,1.0,1.0,1.0,1.0,1.0,1.0
101,101,5142,G,A,nan,False,-0.003475,nan,0.043478,0.0,0.0,0.0,0.0,0.0,0.0
102,102,5143,-,G,nan,False,-0.001004,nan,0.043478,0.0,0.0,0.0,0.0,0.0,0.0
102,102,5143,G,G,nan,False,0.000000,nan,0.95652,1.0,1.0,1.0,1.0,1.0,1.0
103,103,5144,-,C,nan,False,-0.000999,nan,0.043478,0.0,0.0,0.0,0.0,0.0,0.0
103,103,5144,C,C,nan,False,0.000000,nan,0.95652,1.0,1.0,1.0,1.0,1.0,1.0
104,104,5145,-,T,nan,False,-0.000986,nan,0.043478,0.0,0.0,0.0,0.0,0.0,0.0
104,104,5145,T,T,nan,False,0.000000,nan,0.95652,1.0,1.0,1.0,1.0,1.0,1.0
105,105,5146,-,A,nan,False,-0.000915,nan,0.043478,0.0,0.0,0.0,0.0,0.0,0.0
105,105,5146,A,A,nan,False,0.000000,nan,0.95652,1.0,1.0,1.0,1.0,1.0,1.0
106,106,5147,-,G,nan,False,-0.001004,nan,0.043478,0.0,0.0,0.0,0.0,0.0,0.0
106,106,5147,G,G,nan,False,0.000000,nan,0.95652,1.0,1.0,1.0,1.0,1.0,1.0
107,107,5148,-,T,nan,False,-0.000986,nan,0.043478,0.0,0.0,0.0,0.0,0.0,0.0
107,107,5148,T,T,nan,False,0.000000,nan,0.95652,1.0,1.0,1.0,1.0,1.0,1.0
108,108,5149,-,G,nan,False,-0.001004,nan,0.043478,0.0,0.0,0.0,0.0,0.0,0.0
108,108,5149,G,G,nan,False,0.000000,nan,0.95652,1.0,1.0,1.0,1.0,1.0,1.0
109,109,5150,-,G,nan,False,-0.001004,nan,0.043478,0.0,0.0,0.0,0.0,0.0,0.0
109,109,5150,G,G,nan,False,0.000000,nan,0.95652,1.0,1.0,1.0,1.0,1.0,1.0
110,110,5151,-,A,nan,False,-0.000915,nan,0.043478,0.0,0.0,0.0,0.0,0.0,0.0
110,110,5151,A,A,nan,False,0.000000,nan,0.95652,1.0,1.0,1.0,1.0,1.0,1.0
111,111,5152,-,T,nan,False,-0.000986,nan,0.043478,0.0,0.0,0.0,0.0,0.0,0.0
111,111,5152,T,T,nan,False,0.000000,nan,0.95652,1.0,1.0,1.0,1.0,1.0,1.0
112,112,5153,-,G,nan,False,-0.001004,nan,0.043478,0.0,0.0,0.0,0.0,0.0,0.0
112,112,5153,G,G,nan,False,0.000000,nan,0.95652,1.0,1.0,1.0,1.0,1.0,1.0
113,113,5154,-,G,nan,False,-0.001004,nan,0.043478,0.0,0.0,0.0,0.0,0.0,0.0
113,113,5154,G,G,nan,False,0.000000,nan,0.95652,1.0,1.0,1.0,1.0,1.0,1.0
114,114,5155,-,T,nan,False,-0.000986,nan,0.043478,0.0,0.0,0.0,0.0,0.0,0.0
114,114,5155,T,T,nan,False,0.000000,nan,0.95652,1.0,1.0,1.0,1.0,1.0,1.0
115,115,5156,-,T,nan,False,-0.000986,nan,0.043478,0.0,0.0,0.0,0.0,0.0,0.0
115,115,5156,T,T,nan,False,0.000000,nan,0.95652,1.0,1.0,1.0,1.0,1.0,1.0
116,116,5157,-,T,nan,False,-0.000986,nan,0.043478,0.0,0.0,0.0,0.0,0.0,0.0
116,116,5157,T,T,nan,False,0.000000,nan,0.95652,1.0,1.0,1.0,1.0,1.0,1.0
117,117,5158,-,T,nan,False,-0.000986,nan,0.043478,0.0,0.0,0.0,0.0,0.0,0.0
117,117,5158,T,T,nan,False,0.000000,nan,0.95652,1.0,1.0,1.0,1.0,1.0,1.0
118,118,5159,-,A,nan,False,-0.000915,nan,0.043478,0.0,0.0,0.0,0.0,0.0,0.0
118,118,5159,A,A,nan,False,0.000000,nan,0.95652,1.0,1.0,1.0,1.0,1.0,1.0
119,119,5160,-,C,nan,False,-0.000999,nan,0.043478,0.0,0.0,0.0,0.0,0.0,0.0
119,119,5160,C,C,nan,False,0.000000,nan,0.95652,1.0,1.0,1.0,1.0,1.0,1.0
120,120,5161,-,A,nan,False,-0.000915,nan,0.043478,0.0,0.0,0.0,0.0,0.0,0.0
120,120,5161,A,A,nan,False,0.000000,nan,0.95652,1.0,1.0,1.0,1.0,1.0,1.0
121,121,5162,-,G,nan,False,-0.001004,nan,0.043478,0.0,0.0,0.0,0.0,0.0,0.0
121,121,5162,G,G,nan,False,0.000000,nan,0.95652,1.0,1.0,1.0,1.0,1.0,1.0
122,122,5163,-,A,nan,False,-0.000915,nan,0.043478,0.0,0.0,0.0,0.0,0.0,0.0
122,122,5163,A,A,nan,False,0.000000,nan,0.95652,1.0,1.0,1.0,1.0,1.0,1.0
123,123,5164,-,C,nan,False,-0.000999,nan,0.043478,0.0,0.0,0.0,0.0,0.0,0.0
123,123,5164,C,C,nan,False,0.000000,nan,0.95652,1.0,1.0,1.0,1.0,1.0,1.0
124,124,5165,-,A,nan,False,-0.000915,nan,0.043478,0.0,0.0,0.0,0.0,0.0,0.0
124,124,5165,A,A,nan,False,0.000000,nan,0.95652,1.0,1.0,1.0,1.0,1.0,1.0
125,125,5166,-,T,nan,False,-0.000986,nan,0.043478,0.0,0.0,0.0,0.0,0.0,0.0
125,125,5166,T,T,nan,False,0.000000,nan,0.95652,1.0,1.0,1.0,1.0,1.0,1.0
126,126,5167,-,C,nan,False,-0.000999,nan,0.043478,0.0,0.0,0.0,0.0,0.0,0.0
126,126,5167,C,C,nan,False,0.000000,nan,0.95652,1.0,1.0,1.0,1.0,1.0,1.0
127,127,5168,-,A,nan,False,-0.000915,nan,0.043478,0.0,0.0,0.0,0.0,0.0,0.0
127,127,5168,A,A,nan,False,0.000000,nan,0.95652,1.0,1.0,1.0,1.0,1.0,1.0
128,128,5169,-,T,nan,False,-0.000986,nan,0.043478,0.0,0.0,0.0,0.0,0.0,0.0
128,128,5169,T,T,nan,False,0.000000,nan,0.95652,1.0,1.0,1.0,1.0,1.0,1.0
129,129,5170,-,T,nan,False,-0.000986,nan,0.043478,0.0,0.0,0.0,0.0,0.0,0.0
129,129,5170,T,T,nan,False,0.000000,nan,0.95652,1.0,1.0,1.0,1.0,1.0,1.0
130,130,5171,-,A,nan,False,-0.000915,nan,0.043478,0.0,0.0,0.0,0.0,0.0,0.0
130,130,5171,A,A,nan,False,0.000000,nan,0.95652,1.0,1.0,1.0,1.0,1.0,1.0
131,131,5172,-,T,nan,False,-0.000986,nan,0.043478,0.0,0.0,0.0,0.0,0.0,0.0
131,131,5172,T,T,nan,False,0.000000,nan,0.95652,1.0,1.0,1.0,1.0,1.0,1.0
132,132,5173,-,G,nan,False,-0.001004,nan,0.043478,0.0,0.0,0.0,0.0,0.0,0.0
132,132,5173,G,G,nan,False,0.000000,nan,0.95652,1.0,1.0,1.0,1.0,1.0,1.0
133,133,5174,-,A,nan,False,-0.000915,nan,0.043478,0.0,0.0,0.0,0.0,0.0,0.0
133,133,5174,A,A,nan,False,0.000000,nan,0.95652,1.0,1.0,1.0,1.0,1.0,1.0
134,134,5175,-,A,nan,False,-0.000915,nan,0.043478,0.0,0.0,0.0,0.0,0.0,0.0
134,134,5175,A,A,nan,False,0.000000,nan,0.95652,1.0,1.0,1.0,1.0,1.0,1.0
135,135,5176,-,A,nan,False,-0.000915,nan,0.043478,0.0,0.0,0.0,0.0,0.0,0.0
135,135,5176,A,A,nan,False,0.000000,nan,0.95652,1.0,1.0,1.0,1.0,1.0,1.0
136,187,5228,A,G,nan,False,0.002143,nan,0.0,0.0,0.0,0.0,0.0,0.0,0.1
136,187,5228,G,G,nan,False,0.000000,nan,1.0,1.0,1.0,1.0,1.0,1.0,0.9
137,287,5328,A,A,nan,False,0.000000,nan,1.0,1.0,1.0,1.0,1.0,1.0,0.8
137,287,5328,G,A,nan,False,0.006676,nan,0.0,0.0,0.0,0.0,0.0,0.0,0.2
138,296,5337,C,C,nan,False,0.000000,nan,1.0,1.0,1.0,1.0,1.0,0.92308,1.0
138,296,5337,T,C,nan,False,-0.007059,nan,0.0,0.0,0.0,0.0,0.0,0.076923,0.0
139,360,5401,A,A,nan,False,0.000000,nan,1.0,1.0,1.0,1.0,1.0,1.0,0.9
139,360,5401,G,A,nan,False,0.017240,nan,0.0,0.0,0.0,0.0,0.0,0.0,0.1
140,436,5477,A,A,nan,False,0.000000,nan,0.95652,1.0,1.0,1.0,1.0,1.0,1.0
140,436,5477,C,A,nan,False,-0.009670,nan,0.043478,0.0,0.0,0.0,0.0,0.0,0.0
141,500,5541,A,G,nan,False,0.004714,nan,0.0,0.0,0.0,0.0,0.0,0.0,0.1
141,500,5541,G,G,nan,False,0.000000,nan,1.0,1.0,1.0,1.0,1.0,1.0,0.9
142,560,5601,G,T,nan,False,-0.001366,nan,0.0,0.0,0.0,0.0,0.0,0.076923,0.0
142,560,5601,T,T,nan,False,0.000000,nan,1.0,1.0,1.0,1.0,1.0,0.92308,1.0
143,599,5640,C,C,nan,False,0.000000,nan,1.0,1.0,1.0,1.0,0.85714,1.0,1.0
143,599,5640,T,C,nan,False,-0.000576,nan,0.0,0.0,0.0,0.0,0.14286,0.0,0.0
144,659,5700,A,G,nan,False,0.001599,nan,0.0,0.0,0.076923,0.0,0.0,0.0,0.0
144,659,5700,G,G,nan,False,0.000000,nan,1.0,1.0,0.92308,1.0,1.0,1.0,1.0
145,675,5716,A,C,nan,False,0.004810,nan,0.0,0.0,0.0,0.0,0.0,0.0,0.1
145,675,5716,C,C,nan,False,0.000000,nan,1.0,1.0,1.0,1.0,1.0,1.0,0.9
146,680,5721,A,A,nan,False,0.000000,nan,1.0,1.0,1.0,1.0,1.0,1.0,0.9
146,680,5721,G,A,nan,False,0.001167,nan,0.0,0.0,0.0,0.0,0.0,0.0,0.1
147,754,5795,A,G,nan,False,-0.009598,nan,0.043478,0.0,0.0,0.0,0.0,0.0,0.0
147,754,5795,G,G,nan,False,0.000000,nan,0.95652,1.0,1.0,1.0,1.0,1.0,1.0
148,779,5820,-,A,nan,False,-0.003199,nan,0.043478,0.0,0.0,0.0,0.0,0.0,0.0
148,779,5820,A,A,nan,False,0.000000,nan,0.95652,1.0,1.0,1.0,1.0,1.0,1.0
149,942,5983,G,G,nan,False,0.000000,nan,1.0,1.0,1.0,1.0,1.0,1.0,0.9
149,942,5983,T,G,nan,False,0.001065,nan,0.0,0.0,0.0,0.0,0.0,0.0,0.1
150,951,5992,G,G,nan,False,0.000000,nan,1.0,1.0,1.0,1.0,1.0,1.0,0.9
150,951,5992,T,G,nan,False,0.001065,nan,0.0,0.0,0.0,0.0,0.0,0.0,0.1
151,961,6002,A,G,nan,False,-0.000617,nan,0.0,0.0,0.0,0.0,0.14286,0.0,0.0
151,961,6002,G,G,nan,False,0.000000,nan,1.0,1.0,1.0,1.0,0.85714,1.0,1.0
152,1036,6070,A,A,nan,False,0.000000,nan,1.0,1.0,1.0,1.0,1.0,0.92308,1.0
152,1036,6070,G,A,nan,False,-0.009870,nan,0.0,0.0,0.0,0.0,0.0,0.076923,0.0
153,1037,6070a,G,T,nan,False,0.008322,nan,0.0,0.0,0.0,0.0,0.0,0.076923,0.1
153,1037,6070a,T,T,nan,False,0.000000,nan,1.0,1.0,1.0,1.0,1.0,0.92308,0.9
154,1102,6121,A,A,nan,False,0.000000,nan,1.0,1.0,0.92308,1.0,1.0,1.0,1.0
154,1102,6121,G,A,nan,False,-0.017164,nan,0.0,0.0,0.076923,0.0,0.0,0.0,0.0
155,1113,6132,C,C,nan,False,0.000000,nan,1.0,1.0,1.0,1.0,1.0,0.92308,1.0
155,1113,6132,T,C,nan,False,-0.010004,nan,0.0,0.0,0.0,0.0,0.0,0.076923,0.0
156,1152,6171,A,G,nan,False,-0.010030,nan,0.043478,0.0,0.0,0.0,0.0,0.0,0.0
156,1152,6171,G,G,nan,False,0.000000,nan,0.95652,1.0,1.0,1.0,1.0,1.0,1.0
157,1245,6255,C,T,nan,False,-0.000888,nan,0.0,0.083333,0.0,0.0,0.0,0.0,0.0
157,1245,6255,T,T,nan,False,0.000000,nan,1.0,0.91667,1.0,1.0,1.0,1.0,1.0
158,1268,6278,A,C,nan,False,-0.018816,nan,0.0,0.0,0.0,0.0,0.14286,0.0,0.0
158,1268,6278,C,C,nan,False,0.000000,nan,1.0,1.0,1.0,1.0,0.85714,1.0,1.0
159,1322,6332,C,C,nan,False,0.000000,nan,1.0,1.0,0.92308,1.0,1.0,1.0,1.0
159,1322,6332,T,C,nan,False,0.004682,nan,0.0,0.0,0.076923,0.0,0.0,0.0,0.0
160,1327,6337,C,T,nan,False,-0.000885,nan,0.0,0.083333,0.0,0.0,0.0,0.0,0.0
160,1327,6337,T,T,nan,False,0.000000,nan,1.0,0.91667,1.0,1.0,1.0,1.0,1.0
161,1385,6395,G,T,nan,False,0.016722,nan,0.0,0.0,0.0,0.0,0.0,0.0,0.7
161,1385,6395,T,T,nan,False,0.000000,nan,1.0,1.0,1.0,1.0,1.0,1.0,0.3
162,1386,6396,A,G,nan,False,-0.007100,nan,0.0,0.0,0.0,0.0,0.0,0.076923,0.0
162,1386,6396,G,G,nan,False,0.000000,nan,1.0,1.0,1.0,1.0,1.0,0.92308,1.0
163,1403,6413,A,A,nan,False,0.000000,nan,1.0,1.0,1.0,1.0,1.0,0.84615,1.0
163,1403,6413,G,A,nan,False,0.013967,nan,0.0,0.0,0.0,0.0,0.0,0.15385,0.0
164,1468,6478,G,T,nan,False,-0.009032,nan,0.0,0.0,0.0,0.0,0.0,0.076923,0.0
164,1468,6478,T,T,nan,False,0.000000,nan,1.0,1.0,1.0,1.0,1.0,0.92308,1.0
165,1473,6483,A,G,nan,False,-0.002470,nan,0.0,0.25,0.0,0.0,0.0,0.0,0.0
165,1473,6483,G,G,nan,False,0.000000,nan,1.0,0.75,1.0,1.0,1.0,1.0,1.0
166,1484,6494,A,A,nan,False,0.000000,nan,1.0,1.0,1.0,1.0,1.0,0.92308,0.9
166,1484,6494,G,A,nan,False,0.008371,nan,0.0,0.0,0.0,0.0,0.0,0.076923,0.1
167,1503,6513,-,A,nan,False,0.005034,nan,0.0,0.0,0.076923,0.0,0.0,0.0,0.0
167,1503,6513,A,A,nan,False,0.000000,nan,1.0,1.0,0.92308,1.0,1.0,1.0,1.0
168,1529,6539,A,T,nan,False,-0.008905,nan,0.043478,0.083333,0.0,0.0,0.0,0.0,0.0
168,1529,6539,T,T,nan,False,0.000000,nan,0.95652,0.91667,1.0,1.0,1.0,1.0,1.0
169,1560,6570,A,C,nan,False,0.020698,nan,0.0,0.0,0.0,0.0,0.0,0.076923,0.0
169,1560,6570,C,C,nan,False,0.000000,nan,1.0,1.0,1.0,1.0,1.0,0.92308,1.0
170,1632,6642,A,A,nan,False,0.000000,nan,1.0,1.0,1.0,1.0,1.0,0.92308,1.0
170,1632,6642,T,A,nan,False,-0.000342,nan,0.0,0.0,0.0,0.0,0.0,0.076923,0.0
171,1634,6644,A,T,nan,False,-0.000433,nan,0.0,0.0,0.0,0.0,0.0,0.076923,0.0
171,1634,6644,T,T,nan,False,0.000000,nan,1.0,1.0,1.0,1.0,1.0,0.92308,1.0
172,1635,6645,A,A,nan,False,0.000000,nan,1.0,1.0,1.0,1.0,1.0,0.92308,1.0
172,1635,6645,T,A,nan,False,-0.000342,nan,0.0,0.0,0.0,0.0,0.0,0.076923,0.0
173,1636,6646,-,A,nan,False,-0.000341,nan,0.0,0.0,0.0,0.0,0.0,0.076923,0.0
173,1636,6646,A,A,nan,False,0.000000,nan,1.0,1.0,1.0,1.0,1.0,0.92308,1.0
174,1637,6647,-,T,nan,False,-0.000410,nan,0.0,0.0,0.0,0.0,0.0,0.076923,0.0
174,1637,6647,T,T,nan,False,0.000000,nan,1.0,1.0,1.0,1.0,1.0,0.92308,1.0
175,1662,6672,A,G,nan,False,0.020702,nan,0.0,0.0,0.0,0.0,0.0,0.076923,0.0
175,1662,6672,G,G,nan,False,0.000000,nan,1.0,1.0,1.0,1.0,1.0,0.92308,1.0
176,1697,6707,A,G,nan,False,0.009324,nan,0.0,0.0,0.0,0.0,0.0,0.076923,0.0
176,1697,6707,G,G,nan,False,0.000000,nan,1.0,1.0,1.0,1.0,1.0,0.92308,1.0
177,1732,6742,A,G,nan,False,0.020702,nan,0.0,0.0,0.0,0.0,0.0,0.076923,0.0
177,1732,6742,G,G,nan,False,0.000000,nan,1.0,1.0,1.0,1.0,1.0,0.92308,1.0
178,1764,6774,C,C,nan,False,0.000000,nan,0.95652,1.0,1.0,1.0,1.0,1.0,1.0
178,1764,6774,T,C,nan,False,-0.009434,nan,0.043478,0.0,0.0,0.0,0.0,0.0,0.0
179,1795,6787,A,G,nan,False,0.000947,nan,0.0,0.0,0.0,0.0,0.0,0.0,0.1
179,1795,6787,G,G,nan,False,0.000000,nan,1.0,1.0,1.0,1.0,1.0,1.0,0.9
180,1812,6804,A,A,nan,False,0.000000,nan,1.0,1.0,1.0,1.0,1.0,1.0,0.3
180,1812,6804,G,A,nan,False,0.016777,nan,0.0,0.0,0.0,0.0,0.0,0.0,0.7
181,1831,6823,C,C,nan,False,0.000000,nan,1.0,1.0,0.92308,1.0,1.0,1.0,1.0
181,1831,6823,T,C,nan,False,-0.004508,nan,0.0,0.0,0.076923,0.0,0.0,0.0,0.0
182,1915,6907,G,G,nan,False,0.000000,nan,0.95652,1.0,1.0,1.0,1.0,1.0,1.0
182,1915,6907,T,G,nan,False,-0.009767,nan,0.043478,0.0,0.0,0.0,0.0,0.0,0.0
183,1955,6947,G,T,nan,False,0.020730,nan,0.0,0.0,0.0,0.0,0.0,0.076923,0.0
183,1955,6947,T,T,nan,False,0.000000,nan,1.0,1.0,1.0,1.0,1.0,0.92308,1.0
184,2144,7136,-,A,nan,False,0.024405,nan,0.0,0.0,0.0,0.0,0.0,0.0,0.1
184,2144,7136,A,A,nan,False,0.000000,nan,1.0,1.0,1.0,1.0,1.0,1.0,0.9
185,2191,7183,C,C,nan,False,0.000000,nan,1.0,1.0,1.0,1.0,1.0,0.92308,1.0
185,2191,7183,T,C,nan,False,0.004146,nan,0.0,0.0,0.0,0.0,0.0,0.076923,0.0
186,2198,7187c,A,A,nan,False,0.000000,nan,1.0,1.0,1.0,1.0,1.0,0.92308,1.0
186,2198,7187c,C,A,nan,False,0.002829,nan,0.0,0.0,0.0,0.0,0.0,0.076923,0.0
187,2308,7297,C,C,nan,False,0.000000,nan,1.0,1.0,1.0,1.0,1.0,0.92308,1.0
187,2308,7297,T,C,nan,False,0.020644,nan,0.0,0.0,0.0,0.0,0.0,0.076923,0.0
188,2340,7329,C,C,nan,False,0.000000,nan,0.95652,0.91667,0.92308,1.0,1.0,0.69231,0.1
188,2340,7329,T,C,nan,False,0.018719,nan,0.043478,0.083333,0.076923,0.0,0.0,0.30769,0.9
189,2355,7344,C,C,nan,False,0.000000,nan,1.0,1.0,1.0,1.0,1.0,0.92308,1.0
189,2355,7344,T,C,nan,False,-0.000516,nan,0.0,0.0,0.0,0.0,0.0,0.076923,0.0
190,2381,7370,C,T,nan,False,-0.000487,nan,0.0,0.0,0.0,0.0,0.0,0.076923,0.0
190,2381,7370,T,T,nan,False,0.000000,nan,1.0,1.0,1.0,1.0,1.0,0.92308,1.0
191,2416,7405,C,C,nan,False,0.000000,nan,1.0,1.0,1.0,1.0,1.0,1.0,0.9
191,2416,7405,T,C,nan,False,0.001033,nan,0.0,0.0,0.0,0.0,0.0,0.0,0.1
192,2469,7458,A,G,nan,False,0.002615,nan,0.0,0.0,0.0,0.0,0.0,0.076923,0.0
192,2469,7458,G,G,nan,False,0.000000,nan,1.0,1.0,1.0,1.0,1.0,0.92308,1.0
193,2472,7461,A,G,nan,False,0.013822,nan,0.086957,0.083333,0.076923,0.0,0.0,0.30769,0.9
193,2472,7461,G,G,nan,False,0.000000,nan,0.91304,0.91667,0.92308,1.0,1.0,0.69231,0.1
194,2561,7550,A,C,nan,False,0.004810,nan,0.0,0.0,0.0,0.0,0.0,0.0,0.1
194,2561,7550,C,C,nan,False,0.000000,nan,1.0,1.0,1.0,1.0,1.0,1.0,0.9
195,2579,7568,C,T,nan,False,0.020674,nan,0.0,0.0,0.0,0.0,0.0,0.076923,0.0
195,2579,7568,T,T,nan,False,0.000000,nan,1.0,1.0,1.0,1.0,1.0,0.92308,1.0
196,2603,7592,G,T,nan,False,-0.000431,nan,0.0,0.0,0.0,0.0,0.0,0.076923,0.0
196,2603,7592,T,T,nan,False,0.000000,nan,1.0,1.0,1.0,1.0,1.0,0.92308,1.0
197,2607,7596,A,G,nan,False,0.001599,nan,0.0,0.0,0.076923,0.0,0.0,0.0,0.0
197,2607,7596,G,G,nan,False,0.000000,nan,1.0,1.0,0.92308,1.0,1.0,1.0,1.0
198,2636,7619,A,A,nan,False,0.000000,nan,1.0,1.0,1.0,1.0,0.85714,1.0,1.0
198,2636,7619,G,A,nan,False,-0.000212,nan,0.0,0.0,0.0,0.0,0.14286,0.0,0.0
199,2653,7636,C,C,nan,False,0.000000,nan,1.0,1.0,1.0,0.83333,1.0,1.0,1.0
199,2653,7636,T,C,nan,False,-0.016334,nan,0.0,0.0,0.0,0.16667,0.0,0.0,0.0
200,2663,7646,C,T,nan,False,-0.010994,nan,0.043478,0.083333,0.076923,0.0,0.14286,0.15385,0.0
200,2663,7646,T,T,nan,False,0.000000,nan,0.95652,0.91667,0.92308,1.0,0.85714,0.84615,1.0
201,2767,7750,A,A,nan,False,0.000000,nan,1.0,1.0,1.0,1.0,0.85714,1.0,1.0
201,2767,7750,C,A,nan,False,-0.020828,nan,0.0,0.0,0.0,0.0,0.14286,0.0,0.0
202,2793,7776,A,A,nan,False,0.000000,nan,1.0,1.0,0.84615,1.0,0.85714,1.0,1.0
202,2793,7776,G,A,nan,False,-0.008167,nan,0.0,0.0,0.15385,0.0,0.14286,0.0,0.0
203,2804,7787,A,G,nan,False,0.001446,nan,0.0,0.0,0.0,0.0,0.0,0.0,0.1
203,2804,7787,G,G,nan,False,0.000000,nan,1.0,1.0,1.0,1.0,1.0,1.0,0.9
204,2808,7791,C,T,nan,False,-0.016304,nan,0.0,0.0,0.0,0.16667,0.0,0.0,0.0
204,2808,7791,T,T,nan,False,0.000000,nan,1.0,1.0,1.0,0.83333,1.0,1.0,1.0
205,2814,7797,A,G,nan,False,0.004714,nan,0.0,0.0,0.0,0.0,0.0,0.0,0.1
205,2814,7797,G,G,nan,False,0.000000,nan,1.0,1.0,1.0,1.0,1.0,1.0,0.9
206,2841,7824,G,T,nan,False,0.014476,nan,0.13043,0.083333,0.076923,0.16667,0.0,0.0,0.0
206,2841,7824,T,T,nan,False,0.000000,nan,0.86957,0.91667,0.92308,0.83333,1.0,1.0,1.0
207,2867,7850,A,A,nan,False,0.000000,nan,1.0,1.0,1.0,1.0,1.0,0.92308,1.0
207,2867,7850,G,A,nan,False,-0.009870,nan,0.0,0.0,0.0,0.0,0.0,0.076923,0.0
208,2921,7904,A,G,nan,False,0.027807,nan,0.0,0.083333,0.23077,0.16667,0.57143,0.15385,0.1
208,2921,7904,G,G,nan,False,0.000000,nan,1.0,0.91667,0.76923,0.83333,0.42857,0.84615,0.9
209,2924,7907,A,G,nan,False,0.004714,nan,0.0,0.0,0.0,0.0,0.0,0.0,0.1
209,2924,7907,G,G,nan,False,0.000000,nan,1.0,1.0,1.0,1.0,1.0,1.0,0.9
210,3006,7989,A,G,nan,False,0.008171,nan,0.0,0.0,0.0,0.0,0.0,0.076923,0.0
210,3006,7989,G,G,nan,False,0.000000,nan,1.0,1.0,1.0,1.0,1.0,0.92308,1.0
211,3009,7992,A,C,nan,False,0.001089,nan,0.0,0.0,0.0,0.0,0.0,0.0,0.1
211,3009,7992,C,C,nan,False,0.000000,nan,1.0,1.0,1.0,1.0,1.0,1.0,0.9
212,3013,7996,A,A,nan,False,0.000000,nan,1.0,1.0,1.0,1.0,0.85714,1.0,1.0
212,3013,7996,G,A,nan,False,-0.005077,nan,0.0,0.0,0.0,0.0,0.14286,0.0,0.0
213,3088,8071,A,A,nan,False,0.000000,nan,1.0,1.0,1.0,1.0,1.0,0.92308,1.0
213,3088,8071,G,A,nan,False,0.004280,nan,0.0,0.0,0.0,0.0,0.0,0.076923,0.0
214,3099,8082,A,G,nan,False,-0.008955,nan,0.043478,0.083333,0.0,0.0,0.0,0.0,0.0
214,3099,8082,G,G,nan,False,0.000000,nan,0.95652,0.91667,1.0,1.0,1.0,1.0,1.0
215,3170,8153,C,C,nan,False,0.000000,nan,1.0,1.0,1.0,1.0,1.0,1.0,0.9
215,3170,8153,T,C,nan,False,0.000988,nan,0.0,0.0,0.0,0.0,0.0,0.0,0.1
216,3229,8212,G,T,nan,False,0.003490,nan,0.0,0.0,0.0,0.0,0.0,0.0,0.2
216,3229,8212,T,T,nan,False,0.000000,nan,1.0,1.0,1.0,1.0,1.0,1.0,0.8
217,3240,8223,A,A,nan,False,0.000000,nan,1.0,1.0,1.0,1.0,1.0,1.0,0.9
217,3240,8223,G,A,nan,False,0.002317,nan,0.0,0.0,0.0,0.0,0.0,0.0,0.1
218,3253,8236,A,A,nan,False,0.000000,nan,1.0,1.0,1.0,1.0,1.0,1.0,0.8
218,3253,8236,C,A,nan,False,0.002942,nan,0.0,0.0,0.0,0.0,0.0,0.0,0.2
219,3293,8276,A,A,nan,False,0.000000,nan,1.0,0.91667,1.0,1.0,1.0,1.0,1.0
219,3293,8276,G,A,nan,False,-0.003748,nan,0.0,0.083333,0.0,0.0,0.0,0.0,0.0
220,3315,8298,G,T,nan,False,-0.016911,nan,0.13043,0.083333,0.076923,0.0,0.0,0.076923,0.0
220,3315,8298,T,T,nan,False,0.000000,nan,0.86957,0.91667,0.92308,1.0,1.0,0.92308,1.0
221,3474,8457,C,T,nan,False,-0.009961,nan,0.043478,0.0,0.0,0.0,0.0,0.0,0.0
221,3474,8457,T,T,nan,False,0.000000,nan,0.95652,1.0,1.0,1.0,1.0,1.0,1.0
222,3481,8464,A,G,nan,False,-0.007470,nan,0.043478,0.0,0.0,0.0,0.0,0.0,0.0
222,3481,8464,G,G,nan,False,0.000000,nan,0.95652,1.0,1.0,1.0,1.0,1.0,1.0
223,3518,8501,C,C,PTEPVPFQL,False,0.000000,nan,1.0,1.0,1.0,0.83333,0.85714,0.69231,0.1
223,3518,8501,T,C,PTEPVPFQL,True,0.013573,0.1089869,0.0,0.0,0.0,0.16667,0.14286,0.30769,0.9
224,3519,8502,A,C,PTEPVPFQL,True,0.030734,0.1089869,0.0,0.0,0.0,0.0,0.0,0.30769,0.1
224,3519,8502,C,C,PTEPVPFQL,False,0.000000,nan,1.0,1.0,1.0,1.0,1.0,0.61538,0.9
224,3519,8502,T,C,PTEPVPFQL,True,0.022438,0.1089869,0.0,0.0,0.0,0.0,0.0,0.076923,0.0
225,3528,8511,C,C,PTEPVPFQL,False,0.000000,nan,1.0,1.0,1.0,1.0,1.0,0.92308,1.0
225,3528,8511,T,C,PTEPVPFQL,True,0.010081,0.1089869,0.0,0.0,0.0,0.0,0.0,0.076923,0.0
226,3533,8516,C,C,PTEPVPFQL,False,0.000000,nan,1.0,1.0,1.0,0.83333,0.85714,1.0,1.0
226,3533,8516,T,C,PTEPVPFQL,True,-0.021825,0.1089869,0.0,0.0,0.0,0.16667,0.14286,0.0,0.0
227,3536,8519,C,T,PTEPVPFQL,False,0.085342,nan,0.0,0.0,0.0,0.0,0.42857,0.076923,0.0
227,3536,8519,T,T,PTEPVPFQL,False,0.000000,nan,1.0,1.0,1.0,1.0,0.57143,0.92308,1.0
228,3538,8521,A,T,PTEPVPFQL,True,-0.017339,0.1089869,0.0,0.0,0.0,0.0,0.14286,0.0,0.0
228,3538,8521,G,T,PTEPVPFQL,True,-0.006572,0.1089869,0.0,0.0,0.0,0.0,0.0,0.076923,0.0
228,3538,8521,T,T,PTEPVPFQL,False,0.000000,nan,1.0,1.0,1.0,1.0,0.85714,0.92308,1.0
229,3572,8555,C,T,nan,False,-0.000546,nan,0.0,0.0,0.0,0.0,0.14286,0.0,0.0
229,3572,8555,T,T,nan,False,0.000000,nan,1.0,1.0,1.0,1.0,0.85714,1.0,1.0
230,3574,8557,G,T,nan,False,-0.000491,nan,0.0,0.0,0.0,0.0,0.14286,0.0,0.0
230,3574,8557,T,T,nan,False,0.000000,nan,1.0,1.0,1.0,1.0,0.85714,1.0,1.0
231,3604,8587,A,G,nan,False,0.002071,nan,0.0,0.0,0.076923,0.0,0.0,0.0,0.0
231,3604,8587,G,G,nan,False,0.000000,nan,1.0,1.0,0.92308,1.0,1.0,1.0,1.0
232,3608,8591,A,G,nan,False,0.002615,nan,0.0,0.0,0.0,0.0,0.0,0.076923,0.0
232,3608,8591,G,G,nan,False,0.000000,nan,1.0,1.0,1.0,1.0,1.0,0.92308,1.0
233,3689,8672,C,T,nan,False,0.009886,nan,0.0,0.0,0.0,0.0,0.0,0.0,0.5
233,3689,8672,T,T,nan,False,0.000000,nan,1.0,1.0,1.0,1.0,1.0,1.0,0.5
234,3795,8778,A,G,nan,False,0.001599,nan,0.0,0.0,0.076923,0.0,0.0,0.0,0.0
234,3795,8778,G,G,nan,False,0.000000,nan,1.0,1.0,0.92308,1.0,1.0,1.0,1.0
235,3805,8788,C,T,nan,False,0.005867,nan,0.0,0.0,0.076923,0.0,0.0,0.0,0.0
235,3805,8788,T,T,nan,False,0.000000,nan,1.0,1.0,0.92308,1.0,1.0,1.0,1.0
236,3857,8840,C,C,nan,False,0.000000,nan,0.95652,1.0,1.0,1.0,1.0,1.0,1.0
236,3857,8840,T,C,nan,False,-0.011371,nan,0.043478,0.0,0.0,0.0,0.0,0.0,0.0
237,3918,8895,A,G,nan,False,0.004105,nan,0.0,0.0,0.0,0.0,0.0,0.076923,0.0
237,3918,8895,G,G,nan,False,0.000000,nan,1.0,1.0,1.0,1.0,1.0,0.92308,1.0
238,3933,8910,G,T,nan,False,-0.018785,nan,0.0,0.0,0.0,0.0,0.14286,0.0,0.0
238,3933,8910,T,T,nan,False,0.000000,nan,1.0,1.0,1.0,1.0,0.85714,1.0,1.0
239,3972,8949,C,C,nan,False,0.000000,nan,1.0,1.0,1.0,1.0,1.0,0.92308,1.0
239,3972,8949,T,C,nan,False,-0.007059,nan,0.0,0.0,0.0,0.0,0.0,0.076923,0.0
240,4012,8988a,A,A,nan,False,0.000000,nan,0.47826,0.58333,0.38462,0.33333,0.14286,0.15385,0.0
240,4012,8988a,G,A,nan,False,0.040059,nan,0.52174,0.41667,0.61538,0.66667,0.85714,0.84615,1.0
241,4013,8988b,A,A,nan,False,0.000000,nan,1.0,0.91667,0.61538,0.83333,0.42857,0.76923,0.2
241,4013,8988b,G,A,nan,False,0.038573,nan,0.0,0.083333,0.38462,0.16667,0.57143,0.23077,0.8
242,4015,8989,A,G,nan,False,-0.011411,nan,0.043478,0.0,0.0,0.0,0.0,0.0,0.0
242,4015,8989,G,G,nan,False,0.000000,nan,0.95652,1.0,1.0,1.0,1.0,1.0,1.0
243,4016,8990,A,A,nan,False,0.000000,nan,0.95652,0.91667,0.92308,1.0,0.85714,0.84615,1.0
243,4016,8990,G,A,nan,False,-0.010895,nan,0.043478,0.083333,0.076923,0.0,0.14286,0.15385,0.0
244,4034,9008,A,A,nan,False,0.000000,nan,1.0,1.0,1.0,1.0,1.0,0.84615,0.0
244,4034,9008,G,A,nan,False,0.047046,nan,0.0,0.0,0.0,0.0,0.0,0.15385,1.0
245,4036,9010,A,C,nan,False,-0.047960,nan,0.26087,0.25,0.0,0.0,0.0,0.0,0.0
245,4036,9010,C,C,nan,False,0.000000,nan,0.73913,0.75,1.0,1.0,1.0,1.0,1.0
246,4053,9027,A,A,nan,False,0.000000,nan,1.0,1.0,1.0,1.0,1.0,1.0,0.9
246,4053,9027,G,A,nan,False,0.001167,nan,0.0,0.0,0.0,0.0,0.0,0.0,0.1
247,4190,9164,A,A,nan,False,0.000000,nan,0.95652,1.0,1.0,1.0,1.0,1.0,1.0
247,4190,9164,C,A,nan,False,-0.007253,nan,0.043478,0.0,0.0,0.0,0.0,0.0,0.0
248,4203,9177,C,C,nan,False,0.000000,nan,1.0,1.0,1.0,1.0,1.0,0.92308,1.0
248,4203,9177,T,C,nan,False,0.008212,nan,0.0,0.0,0.0,0.0,0.0,0.076923,0.0
249,4245,9219,A,G,nan,False,0.001446,nan,0.0,0.0,0.0,0.0,0.0,0.0,0.1
249,4245,9219,G,G,nan,False,0.000000,nan,1.0,1.0,1.0,1.0,1.0,1.0,0.9
250,4274,9248,A,G,nan,False,-0.000617,nan,0.0,0.0,0.0,0.0,0.14286,0.0,0.0
250,4274,9248,G,G,nan,False,0.000000,nan,1.0,1.0,1.0,1.0,0.85714,1.0,1.0
251,4281,9255,A,A,nan,False,0.000000,nan,1.0,1.0,1.0,1.0,1.0,0.92308,1.0
251,4281,9255,G,A,nan,False,0.004280,nan,0.0,0.0,0.0,0.0,0.0,0.076923,0.0
252,4321,9295,A,C,nan,False,-0.010269,nan,0.043478,0.0,0.0,0.0,0.0,0.0,0.0
252,4321,9295,C,C,nan,False,0.000000,nan,0.95652,1.0,1.0,1.0,1.0,1.0,1.0
253,4348,9322,A,G,nan,False,0.004643,nan,0.0,0.0,0.076923,0.0,0.0,0.0,0.0
253,4348,9322,G,G,nan,False,0.000000,nan,1.0,1.0,0.92308,1.0,1.0,1.0,1.0
254,4354,9328,A,A,REVLIWKFD,False,0.000000,nan,1.0,1.0,1.0,1.0,1.0,0.84615,1.0
254,4354,9328,G,A,REVLIWKFD,True,-0.001585,0.22267,0.0,0.0,0.0,0.0,0.0,0.15385,0.0
255,4355,9329,A,G,REVLIWKFD,True,-0.008959,0.22267,0.0,0.0,0.0,0.16667,0.42857,0.076923,0.0
255,4355,9329,G,G,REVLIWKFD,False,0.000000,nan,1.0,1.0,1.0,0.83333,0.57143,0.92308,1.0
256,4356,9330,A,A,REVLIWKFD,False,0.000000,nan,1.0,0.91667,1.0,1.0,1.0,1.0,1.0
256,4356,9330,G,A,REVLIWKFD,False,0.000738,nan,0.0,0.083333,0.0,0.0,0.0,0.0,0.0
257,4357,9331,A,G,REVLIWKFD,True,-0.017339,0.22267,0.0,0.0,0.076923,0.0,0.0,0.0,0.0
257,4357,9331,G,G,REVLIWKFD,False,0.000000,nan,1.0,1.0,0.92308,1.0,1.0,1.0,1.0
258,4359,9333,A,A,REVLIWKFD,False,0.000000,nan,1.0,1.0,1.0,1.0,1.0,0.76923,0.1
258,4359,9333,C,A,REVLIWKFD,True,0.010731,0.22267,0.0,0.0,0.0,0.0,0.0,0.15385,0.1
258,4359,9333,T,A,REVLIWKFD,True,0.024345,0.22267,0.0,0.0,0.0,0.0,0.0,0.076923,0.8
259,4361,9335,A,T,REVLIWKFD,True,-0.009226,0.22267,0.0,0.0,0.0,0.0,0.28571,0.15385,0.0
259,4361,9335,T,T,REVLIWKFD,False,0.000000,nan,1.0,1.0,1.0,1.0,0.71429,0.84615,1.0
260,4365,9339,A,A,REVLIWKFD,False,0.000000,nan,1.0,1.0,1.0,1.0,1.0,0.92308,1.0
260,4365,9339,C,A,REVLIWKFD,True,0.020817,0.22267,0.0,0.0,0.0,0.0,0.0,0.076923,0.0
261,4367,9341,A,T,REVLIWKFD,True,0.025344,0.22267,0.0,0.0,0.0,0.0,0.0,0.15385,0.0
261,4367,9341,C,T,REVLIWKFD,True,0.023470,0.22267,0.0,0.0,0.0,0.0,0.0,0.076923,0.0
261,4367,9341,G,T,REVLIWKFD,True,0.024703,0.22267,0.0,0.0,0.0,0.0,0.14286,0.076923,0.1
261,4367,9341,T,T,REVLIWKFD,False,0.000000,nan,1.0,1.0,1.0,1.0,0.85714,0.69231,0.9
262,4447,9421,-,A,nan,False,-0.007246,nan,0.043478,0.0,0.0,0.0,0.0,0.0,0.0
262,4447,9421,A,A,nan,False,0.000000,nan,0.95652,1.0,1.0,1.0,1.0,1.0,1.0
263,4448,9422,-,G,nan,False,-0.007335,nan,0.043478,0.0,0.0,0.0,0.0,0.0,0.0
263,4448,9422,G,G,nan,False,0.000000,nan,0.95652,1.0,1.0,1.0,1.0,1.0,1.0
264,4449,9423,-,A,nan,False,-0.007246,nan,0.043478,0.0,0.0,0.0,0.0,0.0,0.0
264,4449,9423,A,A,nan,False,0.000000,nan,0.95652,1.0,1.0,1.0,1.0,1.0,1.0
265,4450,9424,-,A,nan,False,0.004876,nan,0.0,0.0,0.15385,0.0,0.0,0.0,0.0
265,4450,9424,A,A,nan,False,0.000000,nan,1.0,1.0,0.84615,1.0,1.0,1.0,1.0
266,4451,9425,-,-,nan,False,0.000000,nan,0.95652,1.0,1.0,1.0,1.0,1.0,1.0
266,4451,9425,G,-,nan,False,-0.007181,nan,0.043478,0.0,0.0,0.0,0.0,0.0,0.0
267,4452,9426,-,-,nan,False,0.000000,nan,0.95652,1.0,1.0,1.0,1.0,1.0,1.0
267,4452,9426,C,-,nan,False,-0.007181,nan,0.043478,0.0,0.0,0.0,0.0,0.0,0.0
268,4453,9427,-,-,nan,False,0.000000,nan,0.95652,1.0,0.84615,1.0,1.0,1.0,1.0
268,4453,9427,T,-,nan,False,-0.002240,nan,0.043478,0.0,0.15385,0.0,0.0,0.0,0.0
269,4471,9445,A,G,nan,False,-0.002526,nan,0.043478,0.0,0.15385,0.0,0.0,0.0,0.0
269,4471,9445,G,G,nan,False,0.000000,nan,0.95652,1.0,0.84615,1.0,1.0,1.0,1.0
270,4474,9448,-,-,nan,False,0.000000,nan,0.95652,1.0,0.84615,1.0,1.0,1.0,1.0
270,4474,9448,G,-,nan,False,-0.002240,nan,0.043478,0.0,0.15385,0.0,0.0,0.0,0.0
271,4475,9449,-,G,nan,False,-0.002393,nan,0.043478,0.0,0.15385,0.0,0.0,0.0,0.0
271,4475,9449,G,G,nan,False,0.000000,nan,0.95652,1.0,0.84615,1.0,1.0,1.0,1.0
272,4476,9450,-,G,nan,False,-0.002393,nan,0.043478,0.0,0.15385,0.0,0.0,0.0,0.0
272,4476,9450,G,G,nan,False,0.000000,nan,0.95652,1.0,0.84615,1.0,1.0,1.0,1.0
273,4478,9452,A,A,nan,False,0.000000,nan,0.95652,1.0,0.84615,1.0,1.0,1.0,1.0
273,4478,9452,G,A,nan,False,-0.002351,nan,0.043478,0.0,0.15385,0.0,0.0,0.0,0.0
274,4480,9454,G,T,nan,False,-0.002398,nan,0.043478,0.0,0.15385,0.0,0.0,0.0,0.0
274,4480,9454,T,T,nan,False,0.000000,nan,0.95652,1.0,0.84615,1.0,1.0,1.0,1.0
275,4485,9458a,-,A,nan,False,-0.002305,nan,0.043478,0.0,0.15385,0.0,0.0,0.0,0.0
275,4485,9458a,A,A,nan,False,0.000000,nan,0.95652,1.0,0.84615,1.0,1.0,1.0,1.0
276,4486,9458b,-,C,nan,False,-0.002388,nan,0.043478,0.0,0.15385,0.0,0.0,0.0,0.0
276,4486,9458b,C,C,nan,False,0.000000,nan,0.95652,1.0,0.84615,1.0,1.0,1.0,1.0
277,4487,9458c,-,T,nan,False,-0.002376,nan,0.043478,0.0,0.15385,0.0,0.0,0.0,0.0
277,4487,9458c,T,T,nan,False,0.000000,nan,0.95652,1.0,0.84615,1.0,1.0,1.0,1.0
278,4488,9458d,-,G,nan,False,-0.002393,nan,0.043478,0.0,0.15385,0.0,0.0,0.0,0.0
278,4488,9458d,G,G,nan,False,0.000000,nan,0.95652,1.0,0.84615,1.0,1.0,1.0,1.0
279,4489,9458e,-,G,nan,False,-0.002393,nan,0.043478,0.0,0.15385,0.0,0.0,0.0,0.0
279,4489,9458e,G,G,nan,False,0.000000,nan,0.95652,1.0,0.84615,1.0,1.0,1.0,1.0
280,4490,9458f,-,G,nan,False,-0.002393,nan,0.043478,0.0,0.15385,0.0,0.0,0.0,0.0
280,4490,9458f,G,G,nan,False,0.000000,nan,0.95652,1.0,0.84615,1.0,1.0,1.0,1.0
281,4491,9458g,-,C,nan,False,-0.002388,nan,0.043478,0.0,0.15385,0.0,0.0,0.0,0.0
281,4491,9458g,C,C,nan,False,0.000000,nan,0.95652,1.0,0.84615,1.0,1.0,1.0,1.0
282,4492,9458h,-,G,nan,False,-0.002393,nan,0.043478,0.0,0.15385,0.0,0.0,0.0,0.0
282,4492,9458h,G,G,nan,False,0.000000,nan,0.95652,1.0,0.84615,1.0,1.0,1.0,1.0
283,4493,9458i,-,T,nan,False,-0.002376,nan,0.043478,0.0,0.15385,0.0,0.0,0.0,0.0
283,4493,9458i,T,T,nan,False,0.000000,nan,0.95652,1.0,0.84615,1.0,1.0,1.0,1.0
284,4494,9458j,-,T,nan,False,-0.002376,nan,0.043478,0.0,0.15385,0.0,0.0,0.0,0.0
284,4494,9458j,T,T,nan,False,0.000000,nan,0.95652,1.0,0.84615,1.0,1.0,1.0,1.0
285,4495,9458k,-,C,nan,False,-0.002388,nan,0.043478,0.0,0.15385,0.0,0.0,0.0,0.0
285,4495,9458k,C,C,nan,False,0.000000,nan,0.95652,1.0,0.84615,1.0,1.0,1.0,1.0
286,4496,9459,-,C,nan,False,-0.002388,nan,0.043478,0.0,0.15385,0.0,0.0,0.0,0.0
286,4496,9459,C,C,nan,False,0.000000,nan,0.95652,1.0,0.84615,1.0,1.0,1.0,1.0
287,4519,9482,C,C,nan,False,0.000000,nan,1.0,0.75,0.92308,1.0,1.0,1.0,1.0
287,4519,9482,T,C,nan,False,0.002503,nan,0.0,0.25,0.076923,0.0,0.0,0.0,0.0
288,4521,9484,-,-,nan,False,0.000000,nan,0.95652,1.0,1.0,1.0,1.0,1.0,1.0
288,4521,9484,G,-,nan,False,-0.009184,nan,0.043478,0.0,0.0,0.0,0.0,0.0,0.0
289,4522,9485,A,G,nan,False,-0.010624,nan,0.0,0.083333,0.0,0.0,0.0,0.0,0.0
289,4522,9485,G,G,nan,False,0.000000,nan,1.0,0.91667,1.0,1.0,1.0,1.0,1.0
290,4555,9518,C,C,nan,False,0.000000,nan,1.0,1.0,1.0,1.0,1.0,1.0,0.9
290,4555,9518,T,C,nan,False,0.002183,nan,0.0,0.0,0.0,0.0,0.0,0.0,0.1
291,4575,9538,G,T,nan,False,-0.017341,nan,0.086957,0.083333,0.0,0.0,0.0,0.0,0.0
291,4575,9538,T,T,nan,False,0.000000,nan,0.91304,0.91667,1.0,1.0,1.0,1.0,1.0
292,4589,9552,A,T,nan,False,0.004770,nan,0.0,0.0,0.076923,0.0,0.0,0.0,0.0
292,4589,9552,T,T,nan,False,0.000000,nan,1.0,1.0,0.92308,1.0,1.0,1.0,1.0
293,4609,9572,-,G,nan,False,-0.002661,nan,0.043478,0.0,0.0,0.0,0.0,0.0,0.0
293,4609,9572,G,G,nan,False,0.000000,nan,0.95652,1.0,1.0,1.0,1.0,1.0,1.0
294,4610,9573,-,A,nan,False,-0.002572,nan,0.043478,0.0,0.0,0.0,0.0,0.0,0.0
294,4610,9573,A,A,nan,False,0.000000,nan,0.95652,1.0,1.0,1.0,1.0,1.0,1.0
295,4611,9574,-,G,nan,False,-0.002661,nan,0.043478,0.0,0.0,0.0,0.0,0.0,0.0
295,4611,9574,G,G,nan,False,0.000000,nan,0.95652,1.0,1.0,1.0,1.0,1.0,1.0
296,4612,9575,-,C,nan,False,-0.002656,nan,0.043478,0.0,0.0,0.0,0.0,0.0,0.0
296,4612,9575,C,C,nan,False,0.000000,nan,0.95652,1.0,1.0,1.0,1.0,1.0,1.0
297,4613,9576,-,T,nan,False,-0.002643,nan,0.043478,0.0,0.0,0.0,0.0,0.0,0.0
297,4613,9576,T,T,nan,False,0.000000,nan,0.95652,1.0,1.0,1.0,1.0,1.0,1.0
298,4614,9577,-,C,nan,False,-0.010463,nan,0.13043,0.0,0.0,0.0,0.0,0.0,0.0
298,4614,9577,C,C,nan,False,0.000000,nan,0.86957,1.0,1.0,1.0,1.0,1.0,1.0
299,4615,9578,-,T,nan,False,-0.024573,nan,0.30435,0.0,0.0,0.0,0.0,0.0,0.0
299,4615,9578,T,T,nan,False,0.000000,nan,0.69565,1.0,1.0,1.0,1.0,1.0,1.0
300,4616,9579,-,C,nan,False,-0.025435,nan,0.34783,0.0,0.0,0.0,0.0,0.0,0.0
300,4616,9579,C,C,nan,False,0.000000,nan,0.65217,1.0,1.0,1.0,1.0,1.0,1.0
301,4617,9580,-,T,nan,False,-0.025423,nan,0.34783,0.0,0.0,0.0,0.0,0.0,0.0
301,4617,9580,T,T,nan,False,0.000000,nan,0.65217,1.0,1.0,1.0,1.0,1.0,1.0
302,4618,9581,-,G,nan,False,-0.025440,nan,0.34783,0.0,0.0,0.0,0.0,0.0,0.0
302,4618,9581,G,G,nan,False,0.000000,nan,0.65217,1.0,1.0,1.0,1.0,1.0,1.0
303,4619,9582,-,G,nan,False,-0.025440,nan,0.34783,0.0,0.0,0.0,0.0,0.0,0.0
303,4619,9582,G,G,nan,False,0.000000,nan,0.65217,1.0,1.0,1.0,1.0,1.0,1.0
304,4620,9583,-,C,nan,False,-0.014988,nan,0.34783,0.0,0.0,0.0,0.0,0.0,0.0
304,4620,9583,C,C,nan,False,0.000000,nan,0.65217,1.0,1.0,1.0,1.0,0.92308,1.0
304,4620,9583,T,C,nan,False,0.008004,nan,0.0,0.0,0.0,0.0,0.0,0.076923,0.0
305,4621,9584,-,T,nan,False,-0.025423,nan,0.34783,0.0,0.0,0.0,0.0,0.0,0.0
305,4621,9584,T,T,nan,False,0.000000,nan,0.65217,1.0,1.0,1.0,1.0,1.0,1.0
306,4622,9585,-,A,nan,False,-0.025353,nan,0.34783,0.0,0.0,0.0,0.0,0.0,0.0
306,4622,9585,A,A,nan,False,0.000000,nan,0.65217,1.0,1.0,1.0,1.0,1.0,1.0
307,4623,9586,-,T,nan,False,0.002591,nan,0.34783,0.0,0.0,0.16667,0.0,0.0,0.0
307,4623,9586,T,T,nan,False,0.000000,nan,0.65217,1.0,1.0,0.83333,1.0,1.0,1.0
308,4624,9587,-,C,nan,False,0.002579,nan,0.34783,0.0,0.0,0.16667,0.0,0.0,0.0
308,4624,9587,C,C,nan,False,0.000000,nan,0.65217,1.0,1.0,0.83333,1.0,1.0,1.0
309,4625,9588,-,T,nan,False,-0.006593,nan,0.3913,0.0,0.0,0.16667,0.0,0.0,0.0
309,4625,9588,T,T,nan,False,0.000000,nan,0.6087,1.0,1.0,0.83333,1.0,1.0,1.0
310,4626,9589,-,G,nan,False,-0.006610,nan,0.3913,0.0,0.0,0.16667,0.0,0.0,0.0
310,4626,9589,G,G,nan,False,0.000000,nan,0.6087,1.0,1.0,0.83333,1.0,1.0,1.0
311,4627,9590,-,G,nan,False,-0.006610,nan,0.3913,0.0,0.0,0.16667,0.0,0.0,0.0
311,4627,9590,G,G,nan,False,0.000000,nan,0.6087,1.0,1.0,0.83333,1.0,1.0,1.0
