polymorphic_index,alignment_index,HXB2_index,nonsynonymous,nucleotide,TF,consensus,epitope,exposed,edge_gap,flanking,glycan,f_at_0,f_at_25,f_at_67,f_at_180
0,10,5051,0,G,G,G,nan,False,False,0,0,9.6429e-01,1.0000e+00,1.0000e+00,1.0000e+00
0,10,5051,2,T,G,G,nan,False,False,0,0,3.5714e-02,0.0000e+00,0.0000e+00,0.0000e+00
1,29,5070,1,A,G,G,nan,False,False,0,0,0.0000e+00,0.0000e+00,0.0000e+00,6.6667e-02
1,29,5070,0,G,G,G,nan,False,False,0,0,1.0000e+00,1.0000e+00,1.0000e+00,9.3333e-01
2,69,5110,0,C,T,T,nan,False,False,0,0,0.0000e+00,0.0000e+00,0.0000e+00,6.6667e-02
2,69,5110,0,T,T,T,nan,False,False,0,0,1.0000e+00,1.0000e+00,1.0000e+00,9.3333e-01
3,116,5157,0,C,T,T,nan,False,False,0,0,0.0000e+00,0.0000e+00,3.7037e-02,0.0000e+00
3,116,5157,0,T,T,T,nan,False,False,0,0,1.0000e+00,1.0000e+00,9.6296e-01,1.0000e+00
4,167,5208,0,C,C,C,nan,False,False,0,0,9.6429e-01,1.0000e+00,1.0000e+00,1.0000e+00
4,167,5208,0,T,C,C,nan,False,False,0,0,3.5714e-02,0.0000e+00,0.0000e+00,0.0000e+00
5,212,5253,0,C,C,T,nan,False,False,0,0,1.0000e+00,1.0000e+00,1.0000e+00,9.3333e-01
5,212,5253,0,T,C,T,nan,False,False,0,0,0.0000e+00,0.0000e+00,0.0000e+00,6.6667e-02
6,213,5254,1,-,T,T,nan,False,False,0,0,0.0000e+00,0.0000e+00,0.0000e+00,6.6667e-02
6,213,5254,0,T,T,T,nan,False,False,0,0,1.0000e+00,1.0000e+00,1.0000e+00,9.3333e-01
7,227,5268,0,A,A,A,nan,False,False,0,0,1.0000e+00,1.0000e+00,1.0000e+00,9.3333e-01
7,227,5268,0,G,A,A,nan,False,False,0,0,0.0000e+00,0.0000e+00,0.0000e+00,6.6667e-02
8,260,5301,0,A,A,A,nan,False,False,0,0,1.0000e+00,1.0000e+00,1.0000e+00,9.3333e-01
8,260,5301,1,G,A,A,nan,False,False,0,0,0.0000e+00,0.0000e+00,0.0000e+00,6.6667e-02
9,284,5325,0,C,C,C,nan,False,False,0,0,1.0000e+00,1.0000e+00,1.0000e+00,9.3333e-01
9,284,5325,0,T,C,C,nan,False,False,0,0,0.0000e+00,0.0000e+00,0.0000e+00,6.6667e-02
10,296,5337,0,C,C,C,nan,False,False,0,0,1.0000e+00,1.0000e+00,9.6296e-01,1.0000e+00
10,296,5337,0,T,C,C,nan,False,False,0,0,0.0000e+00,0.0000e+00,3.7037e-02,0.0000e+00
11,370,5411,1,C,T,T,nan,False,False,0,0,0.0000e+00,0.0000e+00,0.0000e+00,6.6667e-02
11,370,5411,0,T,T,T,nan,False,False,0,0,1.0000e+00,1.0000e+00,1.0000e+00,9.3333e-01
12,375,5416,1,A,G,G,nan,False,False,0,0,0.0000e+00,0.0000e+00,3.7037e-02,0.0000e+00
12,375,5416,0,G,G,G,nan,False,False,0,0,1.0000e+00,1.0000e+00,9.6296e-01,1.0000e+00
13,445,5486,0,C,C,C,nan,False,False,0,0,9.6429e-01,1.0000e+00,1.0000e+00,1.0000e+00
13,445,5486,1,T,C,C,nan,False,False,0,0,3.5714e-02,0.0000e+00,0.0000e+00,0.0000e+00
14,451,5492,0,C,C,C,nan,False,False,0,0,1.0000e+00,9.0909e-01,1.0000e+00,1.0000e+00
14,451,5492,1,T,C,C,nan,False,False,0,0,0.0000e+00,9.0909e-02,0.0000e+00,0.0000e+00
15,495,5536,1,C,G,G,nan,False,False,0,0,3.5714e-02,0.0000e+00,0.0000e+00,0.0000e+00
15,495,5536,0,G,G,G,nan,False,False,0,0,9.6429e-01,1.0000e+00,1.0000e+00,1.0000e+00
16,499,5540,1,A,G,G,nan,False,False,0,0,0.0000e+00,0.0000e+00,0.0000e+00,6.6667e-02
16,499,5540,0,G,G,G,nan,False,False,0,0,1.0000e+00,1.0000e+00,1.0000e+00,9.3333e-01
17,541,5582,1,A,G,G,nan,False,False,0,0,0.0000e+00,0.0000e+00,3.7037e-02,0.0000e+00
17,541,5582,0,G,G,G,nan,False,False,0,0,1.0000e+00,1.0000e+00,9.6296e-01,1.0000e+00
18,591,5632,0,A,A,A,nan,False,False,0,0,9.6429e-01,1.0000e+00,1.0000e+00,1.0000e+00
18,591,5632,1,G,A,A,nan,False,False,0,0,3.5714e-02,0.0000e+00,0.0000e+00,0.0000e+00
19,646,5687,0,A,G,A,nan,False,False,0,0,0.0000e+00,0.0000e+00,0.0000e+00,1.3333e-01
19,646,5687,0,G,G,A,nan,False,False,0,0,1.0000e+00,1.0000e+00,1.0000e+00,8.6667e-01
20,681,5722,0,C,C,C,nan,False,False,0,0,1.0000e+00,1.0000e+00,9.6296e-01,1.0000e+00
20,681,5722,1,T,C,C,nan,False,False,0,0,0.0000e+00,0.0000e+00,3.7037e-02,0.0000e+00
21,712,5753,0,A,G,A,nan,False,False,0,0,0.0000e+00,0.0000e+00,3.7037e-02,0.0000e+00
21,712,5753,0,G,G,A,nan,False,False,0,0,1.0000e+00,1.0000e+00,9.6296e-01,1.0000e+00
22,792,5833,2,C,G,G,nan,False,False,0,0,3.5714e-02,0.0000e+00,0.0000e+00,0.0000e+00
22,792,5833,0,G,G,G,nan,False,False,0,0,9.6429e-01,1.0000e+00,1.0000e+00,1.0000e+00
23,833,5874,0,G,G,G,nan,False,False,0,0,9.6429e-01,1.0000e+00,1.0000e+00,1.0000e+00
23,833,5874,1,T,G,G,nan,False,False,0,0,3.5714e-02,0.0000e+00,0.0000e+00,0.0000e+00
24,940,5981,0,A,A,A,nan,False,False,0,0,9.6429e-01,1.0000e+00,1.0000e+00,1.0000e+00
24,940,5981,2,C,A,A,nan,False,False,0,0,3.5714e-02,0.0000e+00,0.0000e+00,0.0000e+00
25,947,5988,2,A,G,G,nan,False,False,0,0,0.0000e+00,0.0000e+00,0.0000e+00,6.6667e-02
25,947,5988,0,G,G,G,nan,False,False,0,0,1.0000e+00,1.0000e+00,1.0000e+00,9.3333e-01
26,983,6024,0,A,A,A,nan,False,False,0,0,9.6429e-01,1.0000e+00,1.0000e+00,1.0000e+00
26,983,6024,2,G,A,A,nan,False,False,0,0,3.5714e-02,0.0000e+00,0.0000e+00,0.0000e+00
27,1062,6079,0,A,A,A,nan,False,False,0,0,1.0000e+00,9.0909e-01,9.6296e-01,1.0000e+00
27,1062,6079,1,C,A,A,nan,False,False,0,0,0.0000e+00,9.0909e-02,0.0000e+00,0.0000e+00
27,1062,6079,1,T,A,A,nan,False,False,0,0,0.0000e+00,0.0000e+00,3.7037e-02,0.0000e+00
28,1086,6103,0,A,A,A,nan,False,False,0,0,1.0000e+00,1.0000e+00,9.6296e-01,1.0000e+00
28,1086,6103,1,G,A,A,nan,False,False,0,0,0.0000e+00,0.0000e+00,3.7037e-02,0.0000e+00
29,1090,6107,1,G,T,C,nan,False,False,0,0,0.0000e+00,0.0000e+00,3.7037e-02,0.0000e+00
29,1090,6107,0,T,T,C,nan,False,False,0,0,1.0000e+00,1.0000e+00,9.6296e-01,1.0000e+00
30,1105,6122,0,A,A,G,nan,False,False,0,0,9.6429e-01,9.0909e-01,1.0000e+00,1.0000e+00
30,1105,6122,1,G,A,G,nan,False,False,0,0,3.5714e-02,9.0909e-02,0.0000e+00,0.0000e+00
31,1125,6142,0,C,C,T,nan,False,False,0,0,1.0000e+00,1.0000e+00,9.6296e-01,1.0000e+00
31,1125,6142,0,T,C,T,nan,False,False,0,0,0.0000e+00,0.0000e+00,3.7037e-02,0.0000e+00
32,1164,6181,0,C,C,C,nan,False,False,0,0,1.0000e+00,1.0000e+00,1.0000e+00,9.3333e-01
32,1164,6181,0,T,C,C,nan,False,False,0,0,0.0000e+00,0.0000e+00,0.0000e+00,6.6667e-02
33,1178,6195,0,G,G,G,nan,False,False,0,0,9.6429e-01,1.0000e+00,1.0000e+00,1.0000e+00
33,1178,6195,1,T,G,G,nan,False,False,0,0,3.5714e-02,0.0000e+00,0.0000e+00,0.0000e+00
34,1194,6211,1,-,A,A,nan,False,False,0,0,0.0000e+00,0.0000e+00,0.0000e+00,6.6667e-02
34,1194,6211,0,A,A,A,nan,False,False,0,0,1.0000e+00,1.0000e+00,1.0000e+00,9.3333e-01
35,1216,6233,1,A,G,G,nan,False,False,0,0,3.5714e-02,0.0000e+00,0.0000e+00,0.0000e+00
35,1216,6233,0,G,G,G,nan,False,False,0,0,9.6429e-01,1.0000e+00,1.0000e+00,1.0000e+00
36,1372,6380,0,A,A,A,nan,False,False,0,0,1.0000e+00,1.0000e+00,9.6296e-01,1.0000e+00
36,1372,6380,0,G,A,A,nan,False,False,0,0,0.0000e+00,0.0000e+00,3.7037e-02,0.0000e+00
37,1387,6395,0,C,C,T,nan,True,False,0,0,1.0000e+00,1.0000e+00,1.0000e+00,9.3333e-01
37,1387,6395,0,T,C,T,nan,True,False,0,0,0.0000e+00,0.0000e+00,0.0000e+00,6.6667e-02
38,1448,6456,0,G,G,G,nan,True,False,0,0,9.6429e-01,1.0000e+00,1.0000e+00,1.0000e+00
38,1448,6456,1,T,G,G,nan,True,False,0,0,3.5714e-02,0.0000e+00,0.0000e+00,0.0000e+00
39,1472,6480,0,C,T,T,nan,False,False,0,0,0.0000e+00,0.0000e+00,0.0000e+00,6.6667e-02
39,1472,6480,0,T,T,T,nan,False,False,0,0,1.0000e+00,1.0000e+00,1.0000e+00,9.3333e-01
40,1499,6507,0,A,A,A,nan,False,False,0,0,1.0000e+00,1.0000e+00,9.6296e-01,1.0000e+00
40,1499,6507,1,G,A,A,nan,False,False,0,0,0.0000e+00,0.0000e+00,3.7037e-02,0.0000e+00
41,1520,6528,1,A,G,G,nan,True,False,0,0,3.5714e-02,0.0000e+00,0.0000e+00,0.0000e+00
41,1520,6528,0,G,G,G,nan,True,False,0,0,9.6429e-01,1.0000e+00,1.0000e+00,1.0000e+00
42,1543,6551,0,C,C,C,nan,True,False,0,0,1.0000e+00,1.0000e+00,1.0000e+00,8.0000e-01
42,1543,6551,0,T,C,C,nan,True,False,0,0,0.0000e+00,0.0000e+00,0.0000e+00,2.0000e-01
43,1648,6653,1,G,T,-,nan,True,False,0,-1,0.0000e+00,0.0000e+00,3.7037e-02,0.0000e+00
43,1648,6653,0,T,T,-,nan,True,False,0,0,1.0000e+00,1.0000e+00,9.6296e-01,1.0000e+00
44,1681,6686,1,A,G,A,nan,True,False,0,0,3.5714e-02,0.0000e+00,0.0000e+00,0.0000e+00
44,1681,6686,0,G,G,A,nan,True,False,0,0,9.6429e-01,1.0000e+00,1.0000e+00,1.0000e+00
45,1690,6695,0,C,C,C,nan,False,False,0,0,1.0000e+00,1.0000e+00,9.6296e-01,1.0000e+00
45,1690,6695,0,T,C,C,nan,False,False,0,0,0.0000e+00,0.0000e+00,3.7037e-02,0.0000e+00
46,1780,6782c,1,G,T,-,nan,True,False,0,0,0.0000e+00,0.0000e+00,3.7037e-02,0.0000e+00
46,1780,6782c,0,T,T,-,nan,True,False,0,0,1.0000e+00,1.0000e+00,9.6296e-01,1.0000e+00
47,1858,6857,0,C,T,C,nan,True,False,0,0,0.0000e+00,0.0000e+00,0.0000e+00,6.6667e-02
47,1858,6857,0,T,T,C,nan,True,False,0,0,1.0000e+00,1.0000e+00,1.0000e+00,9.3333e-01
48,1870,6869,0,A,A,A,nan,False,False,0,0,1.0000e+00,1.0000e+00,1.0000e+00,9.3333e-01
48,1870,6869,1,G,A,A,nan,False,False,0,0,0.0000e+00,0.0000e+00,0.0000e+00,6.6667e-02
49,1898,6897,0,A,A,A,nan,False,False,0,0,1.0000e+00,1.0000e+00,9.6296e-01,1.0000e+00
49,1898,6897,1,T,A,A,nan,False,False,0,0,0.0000e+00,0.0000e+00,3.7037e-02,0.0000e+00
50,1924,6923,0,C,C,C,nan,False,False,0,0,1.0000e+00,1.0000e+00,1.0000e+00,8.6667e-01
50,1924,6923,0,T,C,C,nan,False,False,0,0,0.0000e+00,0.0000e+00,0.0000e+00,1.3333e-01
51,1949,6948,0,G,G,G,nan,False,False,0,0,9.6429e-01,1.0000e+00,1.0000e+00,1.0000e+00
51,1949,6948,1,T,G,G,nan,False,False,0,0,3.5714e-02,0.0000e+00,0.0000e+00,0.0000e+00
52,1991,6990,1,-,T,T,nan,False,False,0,0,0.0000e+00,9.0909e-02,0.0000e+00,0.0000e+00
52,1991,6990,0,T,T,T,nan,False,False,0,0,1.0000e+00,9.0909e-01,1.0000e+00,1.0000e+00
53,1992,6991,1,-,C,C,nan,False,False,0,0,0.0000e+00,9.0909e-02,0.0000e+00,0.0000e+00
53,1992,6991,0,C,C,C,nan,False,False,0,0,1.0000e+00,9.0909e-01,1.0000e+00,1.0000e+00
54,1993,6992,1,-,A,A,nan,False,False,0,0,0.0000e+00,9.0909e-02,0.0000e+00,0.0000e+00
54,1993,6992,0,A,A,A,nan,False,False,0,0,1.0000e+00,9.0909e-01,1.0000e+00,1.0000e+00
55,1994,6993,1,-,A,A,nan,True,False,0,0,0.0000e+00,9.0909e-02,0.0000e+00,0.0000e+00
55,1994,6993,0,A,A,A,nan,True,False,0,0,1.0000e+00,9.0909e-01,1.0000e+00,1.0000e+00
56,1995,6994,1,-,C,C,nan,True,False,0,0,0.0000e+00,9.0909e-02,0.0000e+00,0.0000e+00
56,1995,6994,0,C,C,C,nan,True,False,0,0,1.0000e+00,9.0909e-01,1.0000e+00,1.0000e+00
57,1996,6995,1,-,A,T,nan,True,False,0,0,0.0000e+00,9.0909e-02,0.0000e+00,0.0000e+00
57,1996,6995,0,A,A,T,nan,True,False,0,0,1.0000e+00,9.0909e-01,1.0000e+00,1.0000e+00
58,1997,6996,1,-,C,C,nan,False,False,0,0,0.0000e+00,9.0909e-02,0.0000e+00,0.0000e+00
58,1997,6996,0,C,C,C,nan,False,False,0,0,1.0000e+00,9.0909e-01,1.0000e+00,1.0000e+00
59,1998,6997,1,-,A,A,nan,False,False,0,0,0.0000e+00,9.0909e-02,0.0000e+00,0.0000e+00
59,1998,6997,0,A,A,A,nan,False,False,0,0,1.0000e+00,9.0909e-01,1.0000e+00,1.0000e+00
60,1999,6998,1,-,A,A,nan,False,False,0,0,0.0000e+00,9.0909e-02,0.0000e+00,0.0000e+00
60,1999,6998,0,A,A,A,nan,False,False,0,0,1.0000e+00,9.0909e-01,1.0000e+00,1.0000e+00
61,2000,6999,1,-,C,C,nan,False,False,0,0,0.0000e+00,9.0909e-02,0.0000e+00,0.0000e+00
61,2000,6999,0,C,C,C,nan,False,False,0,0,1.0000e+00,9.0909e-01,9.6296e-01,1.0000e+00
61,2000,6999,0,T,C,C,nan,False,False,0,0,0.0000e+00,0.0000e+00,3.7037e-02,0.0000e+00
62,2001,7000,1,-,T,T,nan,False,False,0,0,0.0000e+00,9.0909e-02,0.0000e+00,0.0000e+00
62,2001,7000,0,T,T,T,nan,False,False,0,0,1.0000e+00,9.0909e-01,1.0000e+00,1.0000e+00
63,2002,7001,1,-,A,A,nan,False,False,0,0,0.0000e+00,9.0909e-02,0.0000e+00,0.0000e+00
63,2002,7001,0,A,A,A,nan,False,False,0,0,1.0000e+00,9.0909e-01,1.0000e+00,1.0000e+00
64,2003,7002,1,-,C,C,nan,False,False,0,0,0.0000e+00,9.0909e-02,0.0000e+00,0.0000e+00
64,2003,7002,1,A,C,C,nan,False,False,0,0,3.5714e-02,0.0000e+00,0.0000e+00,0.0000e+00
64,2003,7002,0,C,C,C,nan,False,False,0,0,9.6429e-01,9.0909e-01,1.0000e+00,1.0000e+00
65,2071,7070,0,A,A,A,nan,True,False,0,0,1.0000e+00,1.0000e+00,1.0000e+00,9.3333e-01
65,2071,7070,0,G,A,A,nan,True,False,0,0,0.0000e+00,0.0000e+00,0.0000e+00,6.6667e-02
66,2072,7071,0,A,A,A,nan,True,False,0,0,1.0000e+00,1.0000e+00,4.4444e-01,7.3333e-01
66,2072,7071,1,G,A,A,nan,True,False,0,0,0.0000e+00,0.0000e+00,5.5556e-01,2.6667e-01
67,2073,7072,0,C,C,C,nan,True,False,0,0,1.0000e+00,1.0000e+00,1.0000e+00,9.3333e-01
67,2073,7072,1,T,C,C,nan,True,False,0,0,0.0000e+00,0.0000e+00,0.0000e+00,6.6667e-02
68,2122,7121,0,C,C,C,nan,True,False,0,0,1.0000e+00,1.0000e+00,9.2593e-01,1.0000e+00
68,2122,7121,0,T,C,C,nan,True,False,0,0,0.0000e+00,0.0000e+00,7.4074e-02,0.0000e+00
69,2133,7132,0,C,C,C,nan,True,False,0,0,9.6429e-01,1.0000e+00,1.0000e+00,1.0000e+00
69,2133,7132,1,T,C,C,nan,True,False,0,-1,3.5714e-02,0.0000e+00,0.0000e+00,0.0000e+00
70,2168,7167,0,C,C,C,nan,True,False,0,0,1.0000e+00,1.0000e+00,1.0000e+00,9.3333e-01
70,2168,7167,1,T,C,C,nan,True,False,0,0,0.0000e+00,0.0000e+00,0.0000e+00,6.6667e-02
71,2176,7175,1,A,C,C,nan,False,False,0,0,3.5714e-02,0.0000e+00,0.0000e+00,0.0000e+00
71,2176,7175,0,C,C,C,nan,False,False,0,0,9.6429e-01,1.0000e+00,1.0000e+00,1.0000e+00
72,2177,7176,1,C,T,T,nan,True,False,0,0,3.5714e-02,0.0000e+00,0.0000e+00,0.0000e+00
72,2177,7176,0,T,T,T,nan,True,False,0,0,9.6429e-01,1.0000e+00,1.0000e+00,1.0000e+00
73,2180,7179,0,A,G,G,nan,False,False,0,0,3.5714e-02,0.0000e+00,0.0000e+00,0.0000e+00
73,2180,7179,0,G,G,G,nan,False,False,0,0,9.6429e-01,1.0000e+00,1.0000e+00,1.0000e+00
74,2181,7180,0,-,C,C,nan,False,False,0,0,3.5714e-02,0.0000e+00,0.0000e+00,0.0000e+00
74,2181,7180,0,C,C,C,nan,False,False,0,0,9.6429e-01,1.0000e+00,1.0000e+00,1.0000e+00
75,2182,7181,0,-,A,A,nan,False,False,0,0,3.5714e-02,0.0000e+00,0.0000e+00,0.0000e+00
75,2182,7181,0,A,A,A,nan,False,False,0,0,9.6429e-01,1.0000e+00,1.0000e+00,1.0000e+00
76,2183,7182,1,-,A,A,nan,False,False,0,0,3.5714e-02,0.0000e+00,0.0000e+00,0.0000e+00
76,2183,7182,0,A,A,A,nan,False,False,0,0,9.6429e-01,1.0000e+00,1.0000e+00,1.0000e+00
77,2184,7183,1,-,C,C,nan,False,False,0,0,3.5714e-02,0.0000e+00,0.0000e+00,0.0000e+00
77,2184,7183,0,C,C,C,nan,False,False,0,0,9.6429e-01,1.0000e+00,1.0000e+00,1.0000e+00
78,2185,7184,1,-,A,A,nan,False,False,0,0,3.5714e-02,0.0000e+00,0.0000e+00,0.0000e+00
78,2185,7184,0,A,A,A,nan,False,False,0,0,9.6429e-01,1.0000e+00,1.0000e+00,1.0000e+00
79,2186,7185,1,-,G,G,nan,False,False,0,0,3.5714e-02,0.0000e+00,0.0000e+00,0.0000e+00
79,2186,7185,0,G,G,G,nan,False,False,0,0,9.6429e-01,1.0000e+00,1.0000e+00,1.0000e+00
80,2187,7186,1,-,G,G,nan,False,False,0,0,3.5714e-02,0.0000e+00,0.0000e+00,0.0000e+00
80,2187,7186,1,A,G,G,nan,False,False,0,0,0.0000e+00,0.0000e+00,3.7037e-02,0.0000e+00
80,2187,7186,0,G,G,G,nan,False,False,0,0,9.6429e-01,1.0000e+00,9.6296e-01,1.0000e+00
81,2188,7187,1,-,A,A,nan,False,False,0,0,3.5714e-02,0.0000e+00,0.0000e+00,0.0000e+00
81,2188,7187,0,A,A,A,nan,False,False,0,0,9.6429e-01,1.0000e+00,1.0000e+00,1.0000e+00
82,2189,7187a,1,-,G,G,nan,False,False,0,0,3.5714e-02,0.0000e+00,0.0000e+00,0.0000e+00
82,2189,7187a,0,G,G,G,nan,False,False,0,0,9.6429e-01,1.0000e+00,1.0000e+00,1.0000e+00
83,2190,7187b,1,-,A,A,nan,False,False,0,0,3.5714e-02,0.0000e+00,0.0000e+00,0.0000e+00
83,2190,7187b,0,A,A,A,nan,False,False,0,0,9.6429e-01,1.0000e+00,1.0000e+00,1.0000e+00
84,2191,7187c,1,-,C,C,nan,False,False,0,0,3.5714e-02,0.0000e+00,0.0000e+00,0.0000e+00
84,2191,7187c,0,C,C,C,nan,False,False,0,0,9.6429e-01,1.0000e+00,1.0000e+00,1.0000e+00
85,2192,7188,1,-,A,A,nan,True,False,0,0,3.5714e-02,0.0000e+00,0.0000e+00,0.0000e+00
85,2192,7188,0,A,A,A,nan,True,False,0,0,9.6429e-01,1.0000e+00,1.0000e+00,1.0000e+00
86,2193,7189,1,-,T,T,nan,True,False,0,0,3.5714e-02,0.0000e+00,0.0000e+00,0.0000e+00
86,2193,7189,0,T,T,T,nan,True,False,0,0,9.6429e-01,1.0000e+00,1.0000e+00,1.0000e+00
87,2194,7190,1,-,A,A,nan,True,False,0,0,3.5714e-02,0.0000e+00,0.0000e+00,0.0000e+00
87,2194,7190,0,A,A,A,nan,True,False,0,0,9.6429e-01,1.0000e+00,1.0000e+00,1.0000e+00
88,2234,7230,1,A,G,G,nan,True,False,0,0,0.0000e+00,0.0000e+00,3.7037e-02,0.0000e+00
88,2234,7230,0,G,G,G,nan,True,False,0,0,1.0000e+00,1.0000e+00,9.6296e-01,1.0000e+00
89,2251,7247,0,C,T,T,nan,False,False,0,0,0.0000e+00,0.0000e+00,0.0000e+00,6.6667e-02
89,2251,7247,0,T,T,T,nan,False,False,0,0,1.0000e+00,1.0000e+00,1.0000e+00,9.3333e-01
90,2275,7271,0,A,A,A,nan,False,False,0,0,1.0000e+00,1.0000e+00,9.6296e-01,1.0000e+00
90,2275,7271,1,T,A,A,nan,False,False,0,0,0.0000e+00,0.0000e+00,3.7037e-02,0.0000e+00
91,2300,7296,0,A,A,A,nan,True,False,0,0,1.0000e+00,9.0909e-01,1.0000e+00,1.0000e+00
91,2300,7296,1,G,A,A,nan,True,False,0,-1,0.0000e+00,9.0909e-02,0.0000e+00,0.0000e+00
92,2314,7310,0,A,A,A,nan,True,False,0,0,1.0000e+00,1.0000e+00,9.6296e-01,1.0000e+00
92,2314,7310,0,G,A,A,nan,True,False,0,0,0.0000e+00,0.0000e+00,3.7037e-02,0.0000e+00
93,2406,7402,0,A,A,G,nan,True,False,0,0,1.0000e+00,1.0000e+00,9.2593e-01,8.0000e-01
93,2406,7402,1,G,A,G,nan,True,False,0,0,0.0000e+00,0.0000e+00,7.4074e-02,2.0000e-01
94,2412,7408,0,A,A,A,nan,True,False,0,0,1.0000e+00,1.0000e+00,9.6296e-01,1.0000e+00
94,2412,7408,1,G,A,A,nan,True,False,0,0,0.0000e+00,0.0000e+00,3.7037e-02,0.0000e+00
95,2452,7448,0,A,A,T,nan,True,False,0,0,1.0000e+00,1.0000e+00,1.0000e+00,9.3333e-01
95,2452,7448,1,T,A,T,nan,True,False,0,0,0.0000e+00,0.0000e+00,0.0000e+00,6.6667e-02
96,2514,7510,0,G,G,A,nan,True,False,0,0,9.6429e-01,1.0000e+00,1.0000e+00,1.0000e+00
96,2514,7510,1,T,G,A,nan,True,False,0,0,3.5714e-02,0.0000e+00,0.0000e+00,0.0000e+00
97,2562,7558,0,-,G,G,nan,True,False,0,0,3.5714e-02,0.0000e+00,0.0000e+00,0.0000e+00
97,2562,7558,0,G,G,G,nan,True,False,0,0,9.6429e-01,1.0000e+00,1.0000e+00,1.0000e+00
98,2563,7559,0,-,T,T,nan,True,False,0,0,3.5714e-02,0.0000e+00,0.0000e+00,0.0000e+00
98,2563,7559,0,T,T,T,nan,True,False,0,0,9.6429e-01,1.0000e+00,1.0000e+00,1.0000e+00
99,2630,7617,0,A,A,A,nan,True,False,0,0,1.0000e+00,1.0000e+00,1.0000e+00,9.3333e-01
99,2630,7617,1,C,A,A,nan,True,False,0,-1,0.0000e+00,0.0000e+00,0.0000e+00,6.6667e-02
100,2679,7666,1,A,G,G,nan,True,False,0,0,0.0000e+00,0.0000e+00,0.0000e+00,6.6667e-02
100,2679,7666,0,G,G,G,nan,True,False,0,0,1.0000e+00,1.0000e+00,1.0000e+00,9.3333e-01
101,2681,7668,1,A,G,G,nan,True,False,0,0,3.5714e-02,0.0000e+00,0.0000e+00,0.0000e+00
101,2681,7668,0,G,G,G,nan,True,False,0,0,9.6429e-01,1.0000e+00,1.0000e+00,1.0000e+00
102,2713,7700,0,A,G,G,nan,False,False,0,0,0.0000e+00,0.0000e+00,3.7037e-02,0.0000e+00
102,2713,7700,0,G,G,G,nan,False,False,0,0,1.0000e+00,1.0000e+00,9.6296e-01,1.0000e+00
103,2745,7732,0,G,G,G,nan,False,False,0,0,9.6429e-01,1.0000e+00,1.0000e+00,1.0000e+00
103,2745,7732,1,T,G,G,nan,False,False,0,0,3.5714e-02,0.0000e+00,0.0000e+00,0.0000e+00
104,2767,7754,0,A,A,A,nan,False,False,0,0,1.0000e+00,1.0000e+00,9.6296e-01,1.0000e+00
104,2767,7754,0,G,A,A,nan,False,False,0,0,0.0000e+00,0.0000e+00,3.7037e-02,0.0000e+00
105,2898,7885,1,-,A,A,nan,False,False,0,0,3.5714e-02,0.0000e+00,0.0000e+00,0.0000e+00
105,2898,7885,0,A,A,A,nan,False,False,0,0,9.6429e-01,1.0000e+00,1.0000e+00,1.0000e+00
106,2919,7906,0,-,C,C,nan,False,False,0,0,3.5714e-02,0.0000e+00,0.0000e+00,0.0000e+00
106,2919,7906,0,C,C,C,nan,False,False,0,0,9.6429e-01,1.0000e+00,1.0000e+00,1.0000e+00
107,2920,7907,0,-,G,G,nan,False,False,0,0,3.5714e-02,0.0000e+00,0.0000e+00,0.0000e+00
107,2920,7907,0,G,G,G,nan,False,False,0,0,9.6429e-01,1.0000e+00,1.0000e+00,1.0000e+00
108,2932,7919,0,A,G,G,nan,False,False,0,0,0.0000e+00,0.0000e+00,0.0000e+00,6.6667e-02
108,2932,7919,0,G,G,G,nan,False,False,0,0,1.0000e+00,1.0000e+00,1.0000e+00,9.3333e-01
109,3010,7997,0,A,G,G,nan,False,False,0,0,7.1429e-02,0.0000e+00,0.0000e+00,0.0000e+00
109,3010,7997,0,G,G,G,nan,False,False,0,0,9.2857e-01,1.0000e+00,1.0000e+00,1.0000e+00
110,3106,8093,0,G,G,G,nan,False,False,0,0,9.6429e-01,1.0000e+00,1.0000e+00,1.0000e+00
110,3106,8093,1,T,G,G,nan,False,False,0,0,3.5714e-02,0.0000e+00,0.0000e+00,0.0000e+00
111,3172,8159,0,A,A,G,nan,True,False,0,0,1.0000e+00,1.0000e+00,9.6296e-01,1.0000e+00
111,3172,8159,0,G,A,G,nan,True,False,0,0,0.0000e+00,0.0000e+00,3.7037e-02,0.0000e+00
112,3195,8182,0,A,A,A,nan,True,False,0,0,1.0000e+00,9.0909e-01,1.0000e+00,1.0000e+00
112,3195,8182,1,G,A,A,nan,True,False,0,0,0.0000e+00,9.0909e-02,0.0000e+00,0.0000e+00
113,3236,8223,0,A,A,A,nan,False,False,0,0,1.0000e+00,1.0000e+00,9.6296e-01,1.0000e+00
113,3236,8223,1,G,A,A,nan,False,False,0,0,0.0000e+00,0.0000e+00,3.7037e-02,0.0000e+00
114,3257,8244,1,A,G,A,nan,False,False,0,0,0.0000e+00,9.0909e-02,0.0000e+00,0.0000e+00
114,3257,8244,0,G,G,A,nan,False,False,0,0,1.0000e+00,9.0909e-01,1.0000e+00,1.0000e+00
115,3266,8253,0,A,A,A,nan,False,False,0,0,1.0000e+00,9.0909e-01,1.0000e+00,1.0000e+00
115,3266,8253,1,G,A,A,nan,False,False,0,0,0.0000e+00,9.0909e-02,0.0000e+00,0.0000e+00
116,3330,8317,1,A,T,T,nan,False,False,0,0,0.0000e+00,9.0909e-02,0.0000e+00,0.0000e+00
116,3330,8317,0,T,T,T,nan,False,False,0,0,1.0000e+00,9.0909e-01,1.0000e+00,1.0000e+00
117,3334,8321,0,C,T,T,nan,False,False,0,0,0.0000e+00,0.0000e+00,0.0000e+00,1.3333e-01
117,3334,8321,0,T,T,T,nan,False,False,0,0,1.0000e+00,1.0000e+00,1.0000e+00,8.6667e-01
118,3341,8328,0,C,C,C,nan,False,False,0,0,1.0000e+00,1.0000e+00,1.0000e+00,8.6667e-01
118,3341,8328,1,T,C,C,nan,False,False,0,0,0.0000e+00,0.0000e+00,0.0000e+00,1.3333e-01
119,3502,8489,1,C,T,T,nan,False,False,0,0,3.5714e-02,0.0000e+00,0.0000e+00,0.0000e+00
119,3502,8489,0,T,T,T,nan,False,False,0,0,9.6429e-01,1.0000e+00,1.0000e+00,1.0000e+00
120,3503,8490,0,G,G,G,nan,False,False,0,0,9.6429e-01,1.0000e+00,1.0000e+00,1.0000e+00
120,3503,8490,2,T,G,G,nan,False,False,0,0,3.5714e-02,0.0000e+00,0.0000e+00,0.0000e+00
121,3509,8496,2,A,G,G,nan,False,False,0,0,0.0000e+00,0.0000e+00,7.4074e-02,0.0000e+00
121,3509,8496,0,G,G,G,nan,False,False,0,0,1.0000e+00,1.0000e+00,9.2593e-01,1.0000e+00
122,3514,8501,0,C,C,T,nan,False,False,0,0,1.0000e+00,8.1818e-01,1.8519e-01,0.0000e+00
122,3514,8501,1,T,C,T,nan,False,False,0,0,0.0000e+00,1.8182e-01,8.1481e-01,1.0000e+00
123,3521,8508,0,A,A,A,nan,False,False,0,0,1.0000e+00,9.0909e-01,1.0000e+00,1.0000e+00
123,3521,8508,2,G,A,A,nan,False,False,0,0,0.0000e+00,9.0909e-02,0.0000e+00,0.0000e+00
124,3523,8510,0,C,C,C,nan,False,False,0,0,1.0000e+00,9.0909e-01,1.0000e+00,1.0000e+00
124,3523,8510,1,T,C,C,nan,False,False,0,0,0.0000e+00,9.0909e-02,0.0000e+00,0.0000e+00
125,3527,8514,2,A,T,T,nan,False,False,0,0,0.0000e+00,0.0000e+00,7.4074e-02,0.0000e+00
125,3527,8514,2,G,T,T,nan,False,False,0,0,0.0000e+00,0.0000e+00,3.7037e-02,0.0000e+00
125,3527,8514,0,T,T,T,nan,False,False,0,0,1.0000e+00,1.0000e+00,8.8889e-01,1.0000e+00
126,3529,8516,0,C,C,C,nan,False,False,0,0,1.0000e+00,6.3636e-01,9.2593e-01,1.0000e+00
126,3529,8516,1,T,C,C,nan,False,False,0,0,0.0000e+00,3.6364e-01,7.4074e-02,0.0000e+00
127,3530,8517,0,C,C,C,nan,False,False,0,0,1.0000e+00,9.0909e-01,1.0000e+00,1.0000e+00
127,3530,8517,2,T,C,C,nan,False,False,0,0,0.0000e+00,9.0909e-02,0.0000e+00,0.0000e+00
128,3532,8519,1,C,T,C,nan,False,False,0,0,0.0000e+00,9.0909e-02,0.0000e+00,0.0000e+00
128,3532,8519,1,G,T,C,nan,False,False,0,0,0.0000e+00,9.0909e-02,0.0000e+00,0.0000e+00
128,3532,8519,0,T,T,C,nan,False,False,0,0,1.0000e+00,8.1818e-01,1.0000e+00,1.0000e+00
129,3658,8624,0,G,G,G,nan,False,False,0,0,9.6429e-01,1.0000e+00,1.0000e+00,1.0000e+00
129,3658,8624,1,T,G,G,nan,False,False,0,0,3.5714e-02,0.0000e+00,0.0000e+00,0.0000e+00
130,3696,8662,0,A,A,G,nan,False,False,0,0,1.0000e+00,1.0000e+00,1.0000e+00,9.3333e-01
130,3696,8662,1,G,A,G,nan,False,False,0,0,0.0000e+00,0.0000e+00,0.0000e+00,6.6667e-02
131,3734,8700,0,A,A,A,nan,False,False,0,0,1.0000e+00,1.0000e+00,9.6296e-01,1.0000e+00
131,3734,8700,1,C,A,A,nan,False,False,0,0,0.0000e+00,0.0000e+00,3.7037e-02,0.0000e+00
132,3761,8727,1,A,G,A,nan,False,False,0,0,0.0000e+00,0.0000e+00,3.7037e-02,0.0000e+00
132,3761,8727,0,G,G,A,nan,False,False,0,0,1.0000e+00,1.0000e+00,9.6296e-01,1.0000e+00
133,3770,8736,0,A,A,A,nan,False,False,0,0,1.0000e+00,1.0000e+00,9.6296e-01,1.0000e+00
133,3770,8736,1,G,A,A,nan,False,False,0,0,0.0000e+00,0.0000e+00,3.7037e-02,0.0000e+00
134,3778,8744,0,C,C,C,nan,False,False,0,0,1.0000e+00,1.0000e+00,9.2593e-01,1.0000e+00
134,3778,8744,0,T,C,C,nan,False,False,0,0,0.0000e+00,0.0000e+00,7.4074e-02,0.0000e+00
135,3935,8868,0,A,G,G,nan,False,False,0,0,0.0000e+00,9.0909e-02,0.0000e+00,0.0000e+00
135,3935,8868,0,G,G,G,nan,False,False,0,0,1.0000e+00,9.0909e-01,1.0000e+00,1.0000e+00
136,3937,8870,1,A,C,C,nan,False,False,0,0,0.0000e+00,9.0909e-02,0.0000e+00,0.0000e+00
136,3937,8870,0,C,C,C,nan,False,False,0,0,1.0000e+00,9.0909e-01,1.0000e+00,1.0000e+00
137,3938,8871,0,A,A,A,nan,False,False,0,0,1.0000e+00,9.0909e-01,1.0000e+00,1.0000e+00
137,3938,8871,0,G,A,A,nan,False,False,0,0,0.0000e+00,9.0909e-02,0.0000e+00,0.0000e+00
138,3939,8872,1,C,G,G,nan,False,False,0,0,0.0000e+00,9.0909e-02,0.0000e+00,0.0000e+00
138,3939,8872,0,G,G,G,nan,False,False,0,0,1.0000e+00,9.0909e-01,1.0000e+00,1.0000e+00
139,3987,8920,1,A,G,G,nan,False,False,0,0,0.0000e+00,9.0909e-02,0.0000e+00,0.0000e+00
139,3987,8920,0,G,G,G,nan,False,False,0,0,1.0000e+00,9.0909e-01,1.0000e+00,1.0000e+00
140,4054,8987,1,A,G,A,nan,False,False,0,0,0.0000e+00,0.0000e+00,0.0000e+00,7.3333e-01
140,4054,8987,0,G,G,A,nan,False,False,0,0,1.0000e+00,1.0000e+00,1.0000e+00,2.6667e-01
141,4085,9015,0,A,G,G,nan,False,False,0,0,0.0000e+00,0.0000e+00,0.0000e+00,6.6667e-02
141,4085,9015,0,G,G,G,nan,False,False,0,0,1.0000e+00,1.0000e+00,1.0000e+00,9.3333e-01
142,4086,9016,1,A,G,G,nan,False,False,0,0,3.5714e-02,0.0000e+00,0.0000e+00,0.0000e+00
142,4086,9016,0,G,G,G,nan,False,False,0,0,9.6429e-01,1.0000e+00,1.0000e+00,1.0000e+00
143,4091,9021,0,G,T,T,nan,False,False,0,0,0.0000e+00,0.0000e+00,0.0000e+00,6.6667e-02
143,4091,9021,0,T,T,T,nan,False,False,0,0,1.0000e+00,1.0000e+00,1.0000e+00,9.3333e-01
144,4108,9038,1,A,T,A,nan,False,False,0,0,0.0000e+00,0.0000e+00,0.0000e+00,6.6667e-02
144,4108,9038,0,T,T,A,nan,False,False,0,0,1.0000e+00,1.0000e+00,1.0000e+00,9.3333e-01
145,4198,9128,0,A,A,A,nan,False,False,0,0,9.6429e-01,1.0000e+00,1.0000e+00,1.0000e+00
145,4198,9128,1,C,A,A,nan,False,False,0,0,3.5714e-02,0.0000e+00,0.0000e+00,0.0000e+00
146,4199,9129,0,C,T,T,nan,False,False,0,0,3.5714e-02,0.0000e+00,0.0000e+00,0.0000e+00
146,4199,9129,0,T,T,T,nan,False,False,0,0,9.6429e-01,1.0000e+00,1.0000e+00,1.0000e+00
147,4294,9224,1,-,T,T,nan,False,False,0,0,0.0000e+00,9.0909e-02,0.0000e+00,0.0000e+00
147,4294,9224,0,T,T,T,nan,False,False,0,0,1.0000e+00,9.0909e-01,1.0000e+00,1.0000e+00
148,4336,9266,0,A,A,A,nan,False,False,0,0,1.0000e+00,1.0000e+00,1.0000e+00,8.6667e-01
148,4336,9266,1,G,A,A,nan,False,False,0,0,0.0000e+00,0.0000e+00,0.0000e+00,1.3333e-01
149,4338,9268,0,A,A,G,nan,False,False,0,0,1.0000e+00,1.0000e+00,1.0000e+00,8.6667e-01
149,4338,9268,1,G,A,G,nan,False,False,0,0,0.0000e+00,0.0000e+00,0.0000e+00,1.3333e-01
150,4351,9281,0,A,A,A,nan,False,False,0,0,1.0000e+00,1.0000e+00,9.6296e-01,1.0000e+00
150,4351,9281,1,G,A,A,nan,False,False,0,0,0.0000e+00,0.0000e+00,3.7037e-02,0.0000e+00
151,4475,9405,0,C,C,C,nan,False,False,0,0,1.0000e+00,1.0000e+00,9.6296e-01,1.0000e+00
151,4475,9405,0,T,C,C,nan,False,False,0,0,0.0000e+00,0.0000e+00,3.7037e-02,0.0000e+00
152,4508,9438,0,A,A,A,nan,False,False,0,0,1.0000e+00,1.0000e+00,1.0000e+00,8.6667e-01
152,4508,9438,0,G,A,A,nan,False,False,0,0,0.0000e+00,0.0000e+00,0.0000e+00,1.3333e-01
153,4510,9440,0,C,T,T,nan,False,False,0,0,0.0000e+00,0.0000e+00,0.0000e+00,6.6667e-02
153,4510,9440,0,T,T,T,nan,False,False,0,0,1.0000e+00,1.0000e+00,1.0000e+00,9.3333e-01
154,4512,9442,0,G,T,T,nan,False,False,0,0,0.0000e+00,0.0000e+00,0.0000e+00,6.6667e-02
154,4512,9442,0,T,T,T,nan,False,False,0,0,1.0000e+00,1.0000e+00,1.0000e+00,9.3333e-01
155,4514,9444,0,C,C,C,nan,False,False,0,0,1.0000e+00,1.0000e+00,1.0000e+00,3.3333e-01
155,4514,9444,0,T,C,C,nan,False,False,0,0,0.0000e+00,0.0000e+00,0.0000e+00,6.6667e-01
156,4533,9458e,0,A,G,G,nan,False,False,0,0,0.0000e+00,0.0000e+00,0.0000e+00,6.6667e-02
156,4533,9458e,0,G,G,G,nan,False,False,0,0,1.0000e+00,1.0000e+00,1.0000e+00,9.3333e-01
157,4554,9472,0,C,C,C,nan,False,False,0,0,1.0000e+00,1.0000e+00,9.6296e-01,1.0000e+00
157,4554,9472,0,T,C,C,nan,False,False,0,0,0.0000e+00,0.0000e+00,3.7037e-02,0.0000e+00
158,4583,9501,0,C,C,C,nan,False,False,0,0,1.0000e+00,1.0000e+00,9.6296e-01,1.0000e+00
158,4583,9501,0,T,C,C,nan,False,False,0,0,0.0000e+00,0.0000e+00,3.7037e-02,0.0000e+00
159,4607,9525,0,C,T,T,nan,False,False,0,0,0.0000e+00,0.0000e+00,3.7037e-02,0.0000e+00
159,4607,9525,0,T,T,T,nan,False,False,0,0,1.0000e+00,1.0000e+00,9.6296e-01,1.0000e+00
160,4662,9580,0,C,T,T,nan,False,False,0,0,0.0000e+00,0.0000e+00,3.7037e-02,0.0000e+00
160,4662,9580,0,T,T,T,nan,False,False,0,0,1.0000e+00,1.0000e+00,9.6296e-01,1.0000e+00
