polymorphic_index,alignment,HXB2_index,nucleotide,TF,consensus,epitope,escape,f_at_0,f_at_21,f_at_28,f_at_34,f_at_63,f_at_91,f_at_175,f_at_273,f_at_333
0,360,5401,A,A,A,nan,False,0.9697,0.9,1.0,1.0,1.0,1.0,1.0,0.88889,1.0
0,360,5401,G,A,A,nan,False,0.030303,0.1,0.0,0.0,0.0,0.0,0.0,0.11111,0.0
1,673,5714,A,T,T,nan,False,0.0,0.1,0.0,0.0,0.0,0.0,0.0,0.0,0.0
1,673,5714,T,T,T,nan,False,1.0,0.9,1.0,1.0,1.0,1.0,1.0,1.0,1.0
2,716,5757,C,C,C,nan,False,1.0,0.9,1.0,1.0,1.0,1.0,1.0,1.0,1.0
2,716,5757,T,C,C,nan,False,0.0,0.1,0.0,0.0,0.0,0.0,0.0,0.0,0.0
3,844,5885,A,A,A,KTACNNCYC,False,1.0,1.0,1.0,1.0,1.0,1.0,1.0,1.0,0.88889
3,844,5885,G,A,A,KTACNNCYC,True,0.0,0.0,0.0,0.0,0.0,0.0,0.0,0.0,0.11111
4,861,5902,G,T,G,KTACNNCYC,True,0.0,0.0,0.0,0.0,0.0,0.33333,1.0,1.0,1.0
4,861,5902,T,T,G,KTACNNCYC,False,1.0,1.0,1.0,1.0,1.0,0.66667,0.0,0.0,0.0
5,908,5949,A,A,C,FQKKGLGISY,False,1.0,1.0,1.0,1.0,1.0,0.66667,0.0,0.0,0.0
5,908,5949,C,A,C,FQKKGLGISY,True,0.0,0.0,0.0,0.0,0.0,0.33333,1.0,1.0,1.0
6,1021,6056f,A,G,-,nan,False,0.0,0.1,0.0,0.0,0.0,0.0,0.0,0.0,0.0
6,1021,6056f,G,G,-,nan,False,1.0,0.9,1.0,1.0,1.0,1.0,1.0,1.0,1.0
7,1049,6070m,A,G,G,nan,False,0.0,0.1,0.0,0.0,0.0,0.0,0.0,0.0,0.0
7,1049,6070m,G,G,G,nan,False,1.0,0.9,1.0,1.0,1.0,1.0,1.0,1.0,1.0
8,1268,6278,C,C,C,nan,False,1.0,0.9,1.0,1.0,1.0,1.0,1.0,1.0,1.0
8,1268,6278,T,C,C,nan,False,0.0,0.1,0.0,0.0,0.0,0.0,0.0,0.0,0.0
9,1343,6353,-,T,T,VTVYYGVPV,True,0.0,0.0,0.0,0.0,0.0,0.0,0.0,0.11111,0.0
9,1343,6353,T,T,T,VTVYYGVPV,False,1.0,1.0,1.0,1.0,1.0,1.0,1.0,0.88889,1.0
10,1711,6721,A,A,G,nan,False,1.0,0.9,1.0,1.0,1.0,1.0,1.0,0.88889,1.0
10,1711,6721,C,A,G,nan,False,0.0,0.1,0.0,0.0,0.0,0.0,0.0,0.11111,0.0
11,1715,6725,C,T,T,nan,False,0.0,0.1,0.0,0.0,0.0,0.0,0.0,0.0,0.0
11,1715,6725,T,T,T,nan,False,1.0,0.9,1.0,1.0,1.0,1.0,1.0,1.0,1.0
12,1870,6862,C,T,T,CPKISFDPI,True,0.0,0.0,0.125,0.0,0.0,0.0,0.0,0.0,0.0
12,1870,6862,T,T,T,CPKISFDPI,False,1.0,1.0,0.875,1.0,1.0,1.0,1.0,1.0,1.0
13,2841,7824,G,T,T,nan,False,0.0,0.2,0.0,0.083333,0.0,0.0,0.0,0.0,0.0
13,2841,7824,T,T,T,nan,False,1.0,0.8,1.0,0.91667,1.0,1.0,1.0,1.0,1.0
14,3387,8370,C,T,T,SPLSFQTLI,True,0.0,0.0,0.0,0.0,0.0,0.0,0.0,0.0,0.11111
14,3387,8370,T,T,T,SPLSFQTLI,False,1.0,1.0,1.0,1.0,1.0,1.0,1.0,1.0,0.88889
15,3392,8375,A,C,T,SPLSFQTLI,True,0.0,0.0,0.0,0.0,0.0,0.0,0.0,0.22222,0.44444
15,3392,8375,C,C,T,SPLSFQTLI,False,1.0,1.0,1.0,1.0,1.0,1.0,1.0,0.77778,0.55556
16,3951,8925,C,T,T,nan,False,0.0,0.1,0.0,0.0,0.0,0.0,0.0,0.0,0.0
16,3951,8925,T,T,T,nan,False,1.0,0.9,1.0,1.0,1.0,1.0,1.0,1.0,1.0
17,4015,8988a,-,G,G,EEVGFPVKPQV,True,0.0,0.0,0.125,0.0,0.0,0.0,0.0,0.0,0.0
17,4015,8988a,A,G,G,EEVGFPVKPQV,True,0.0,0.3,0.25,0.16667,0.0,0.0,0.0,0.0,0.0
17,4015,8988a,G,G,G,EEVGFPVKPQV,False,1.0,0.7,0.625,0.83333,1.0,1.0,1.0,1.0,1.0
18,4016,8988b,-,A,A,EEVGFPVKPQV,True,0.0,0.0,0.125,0.0,0.0,0.0,0.0,0.0,0.0
18,4016,8988b,A,A,A,EEVGFPVKPQV,False,1.0,0.8,0.75,0.58333,0.5,0.88889,0.41667,0.88889,0.66667
18,4016,8988b,G,A,A,EEVGFPVKPQV,True,0.0,0.2,0.125,0.41667,0.5,0.11111,0.58333,0.11111,0.33333
19,4017,8988c,-,A,A,EEVGFPVKPQV,True,0.0,0.0,0.125,0.0,0.0,0.0,0.0,0.0,0.0
19,4017,8988c,A,A,A,EEVGFPVKPQV,False,1.0,0.9,0.875,0.83333,0.58333,0.22222,0.58333,0.11111,0.33333
19,4017,8988c,C,A,A,EEVGFPVKPQV,True,0.0,0.1,0.0,0.16667,0.33333,0.77778,0.33333,0.77778,0.66667
19,4017,8988c,T,A,A,EEVGFPVKPQV,True,0.0,0.0,0.0,0.0,0.083333,0.0,0.083333,0.11111,0.0
20,4019,8990,A,A,A,EEVGFPVKPQV,False,1.0,1.0,0.875,0.75,0.91667,0.88889,1.0,1.0,1.0
20,4019,8990,G,A,A,EEVGFPVKPQV,True,0.0,0.0,0.125,0.25,0.083333,0.11111,0.0,0.0,0.0
21,4037,9008,A,A,G,EEVGFPVKPQV,False,1.0,0.9,0.875,1.0,1.0,0.88889,0.41667,0.44444,0.66667
21,4037,9008,G,A,G,EEVGFPVKPQV,True,0.0,0.1,0.125,0.0,0.0,0.11111,0.58333,0.55556,0.33333
22,4064,9035,A,C,C,nan,False,0.0,0.1,0.0,0.0,0.0,0.0,0.0,0.0,0.0
22,4064,9035,C,C,C,nan,False,1.0,0.9,1.0,1.0,1.0,1.0,1.0,1.0,1.0
23,4134,9105,C,C,T,nan,False,1.0,0.9,1.0,1.0,1.0,1.0,1.0,1.0,1.0
23,4134,9105,T,C,T,nan,False,0.0,0.1,0.0,0.0,0.0,0.0,0.0,0.0,0.0
24,4416,9387,A,G,G,nan,False,0.0,0.1,0.0,0.0,0.0,0.0,0.0,0.0,0.0
24,4416,9387,G,G,G,nan,False,1.0,0.9,1.0,1.0,1.0,1.0,1.0,1.0,1.0
25,4523,9483,A,G,T,nan,False,0.0,0.0,0.125,0.0,0.0,0.0,0.0,0.0,0.0
25,4523,9483,G,G,T,nan,False,1.0,1.0,0.875,1.0,1.0,1.0,1.0,1.0,1.0
667,0.33333,0.77778,0.33333,0.77778,0.66667
25,4017,8988c,T,A,A,EEVGFPVKPQV,True,0.0,0.0,0.0,0.0,0.083333,0.0,0.083333,0.11111,0.0
26,4019,8990,A,A,A,EEVGFPVKPQV,False,1.0,1.0,0.875,0.75,0.91667,0.88889,1.0,1.0,1.0
26,4019,8990,G,A,A,EEVGFPVKPQV,True,0.0,0.0,0.125,0.25,0.083333,0.11111,0.0,0.0,0.0
27,4037,9008,A,A,G,EEVGFPVKPQV,False,1.0,0.9,0.875,1.0,1.0,0.88889,0.41667,0.44444,0.66667
27,4037,9008,G,A,G,EEVGFPVKPQV,True,0.0,0.1,0.125,0.0,0.0,0.11111,0.58333,0.55556,0.33333
28,4064,9035,A,C,C,nan,False,0.0,0.1,0.0,0.0,0.0,0.0,0.0,0.0,0.0
28,4064,9035,C,C,C,nan,False,1.0,0.9,1.0,1.0,1.0,1.0,1.0,1.0,1.0
29,4134,9105,C,C,T,nan,False,1.0,0.9,1.0,1.0,1.0,1.0,1.0,1.0,1.0
29,4134,9105,T,C,T,nan,False,0.0,0.1,0.0,0.0,0.0,0.0,0.0,0.0,0.0
30,4185,9156,C,C,C,nan,False,1.0,1.0,0.875,1.0,1.0,1.0,1.0,1.0,1.0
30,4185,9156,T,C,C,nan,False,0.0,0.0,0.125,0.0,0.0,0.0,0.0,0.0,0.0
31,4416,9387,A,G,G,nan,False,0.0,0.1,0.0,0.0,0.0,0.0,0.0,0.0,0.0
31,4416,9387,G,G,G,nan,False,1.0,0.9,1.0,1.0,1.0,1.0,1.0,1.0,1.0
32,4523,9483,A,G,T,nan,False,0.0,0.0,0.125,0.0,0.0,0.0,0.0,0.0,0.0
32,4523,9483,G,G,T,nan,False,1.0,1.0,0.875,1.0,1.0,1.0,1.0,1.0,1.0
,0.44444
44,1664,6674,T,T,G,nan,FALSE,1,1,1,1,1,1,1,0.88889,0.55556
45,1711,6721,A,A,G,nan,FALSE,1,0.9,1,1,1,1,1,0.88889,1
45,1711,6721,C,A,G,nan,FALSE,0,0.1,0,0,0,0,0,0.11111,0
46,1715,6725,C,T,T,nan,FALSE,0,0.1,0,0,0,0,0,0,0
46,1715,6725,T,T,T,nan,FALSE,1,0.9,1,1,1,1,1,1,1
47,1725,6735,A,G,A,nan,FALSE,0.030303,0,0,0,0,0,0,0,0
47,1725,6735,G,G,A,nan,FALSE,0.9697,1,1,1,1,1,1,1,1
48,1739,6749,A,G,T,nan,FALSE,0.030303,0,0,0,0,0,0,0,0
48,1739,6749,G,G,T,nan,FALSE,0.9697,1,1,1,1,1,1,1,1
49,1782,6782j,-,A,-,nan,FALSE,0,0,0,0,0,0,0,0.11111,0.77778
49,1782,6782j,A,A,-,nan,FALSE,1,1,1,1,1,1,0.83333,0,0
49,1782,6782j,C,A,-,nan,FALSE,0,0,0,0,0,0,0.16667,0.55556,0.22222
49,1782,6782j,G,A,-,nan,FALSE,0,0,0,0,0,0,0,0.33333,0
50,1870,6862,C,T,T,CPKISFDPI,TRUE,0,0,0.125,0,0,0,0,0,0
50,1870,6862,T,T,T,CPKISFDPI,FALSE,1,1,0.875,1,1,1,1,1,1
51,1958,6950,C,C,C,nan,FALSE,1,1,1,0.91667,1,1,1,1,1
51,1958,6950,T,C,C,nan,FALSE,0,0,0,0.083333,0,0,0,0,0
52,1975,6967,C,C,C,nan,FALSE,0.9697,1,1,1,1,1,1,1,0.88889
52,1975,6967,T,C,C,nan,FALSE,0.030303,0,0,0,0,0,0,0,0.11111
53,1995,6987,A,G,G,nan,FALSE,0,0,0,0,0.16667,0,0.16667,0.33333,0.55556
53,1995,6987,G,G,G,nan,FALSE,1,1,1,1,0.83333,1,0.83333,0.66667,0.44444
54,2208,7197,A,G,G,nan,FALSE,0,0,0,0,0,0,0.083333,0.33333,0
54,2208,7197,G,G,G,nan,FALSE,1,1,1,1,1,1,0.91667,0.66667,1
55,2237,7226,G,T,T,nan,FALSE,0,0,0,0,0,0.11111,0,0,0
55,2237,7226,T,T,T,nan,FALSE,1,1,1,1,1,0.88889,1,1,1
56,2238,7227,A,G,A,nan,FALSE,0,0,0,0,0.41667,0.77778,0.083333,0,0
56,2238,7227,G,G,A,nan,FALSE,1,1,1,1,0.58333,0.22222,0.91667,1,1
57,2352,7341,-,A,A,nan,FALSE,0,0,0,0,0,0,0.083333,0,0
57,2352,7341,A,A,A,nan,FALSE,1,1,0.75,1,1,0.66667,0.58333,0.44444,0.55556
57,2352,7341,G,A,A,nan,FALSE,0,0,0,0,0,0.33333,0,0,0
57,2352,7341,T,A,A,nan,FALSE,0,0,0.25,0,0,0,0.33333,0.55556,0.44444
58,2469,7458,A,G,G,nan,FALSE,0,0,0,0,0.33333,0.11111,1,0.88889,1
58,2469,7458,G,G,G,nan,FALSE,1,1,1,1,0.66667,0.88889,0,0.11111,0
59,2562,7551,A,A,A,nan,FALSE,1,1,1,1,1,0.88889,1,1,1
59,2562,7551,G,A,A,nan,FALSE,0,0,0,0,0,0.11111,0,0,0
60,2612,7601,A,G,A,nan,FALSE,0.030303,0,0,0.083333,0,0,0.083333,0,0
60,2612,7601,G,G,A,nan,FALSE,0.9697,1,1,0.91667,1,1,0.91667,1,1
61,2634,7617,A,A,A,nan,FALSE,1,1,1,1,1,1,1,0.66667,0.88889
61,2634,7617,G,A,A,nan,FALSE,0,0,0,0,0,0,0,0.33333,0.11111
62,2685,7668,A,G,G,nan,FALSE,0,0,0,0,0.083333,0,0,0,0
62,2685,7668,G,G,G,nan,FALSE,1,1,1,1,0.91667,1,1,1,1
63,2784,7767,A,A,A,nan,FALSE,1,1,1,1,1,1,1,0.55556,0.77778
63,2784,7767,C,A,A,nan,FALSE,0,0,0,0,0,0,0,0.44444,0.22222
64,2836,7819,C,C,C,nan,FALSE,1,1,1,1,0.91667,1,1,1,1
64,2836,7819,T,C,C,nan,FALSE,0,0,0,0,0.083333,0,0,0,0
65,2841,7824,G,T,T,nan,FALSE,0,0.2,0,0.083333,0,0,0,0,0
65,2841,7824,T,T,T,nan,FALSE,1,0.8,1,0.91667,1,1,1,1,1
66,2900,7883,-,C,C,nan,FALSE,0,0,0,0,0,0,0,0,0.11111
66,2900,7883,C,C,C,nan,FALSE,1,1,1,1,1,0.88889,1,1,0.88889
66,2900,7883,T,C,C,nan,FALSE,0,0,0,0,0,0.11111,0,0,0
67,2927,7910,-,A,A,nan,FALSE,0,0,0,0,0,0,0,0,0.11111
67,2927,7910,A,A,A,nan,FALSE,1,1,1,0.91667,1,1,1,1,0.88889
67,2927,7910,G,A,A,nan,FALSE,0,0,0,0.083333,0,0,0,0,0
68,2933,7916,-,T,T,nan,FALSE,0,0,0,0,0,0,0,0,0.11111
68,2933,7916,C,T,T,nan,FALSE,0.030303,0,0,0,0,0,0,0,0
68,2933,7916,T,T,T,nan,FALSE,0.9697,1,1,1,1,1,1,1,0.88889
69,2975,7958,-,A,A,nan,FALSE,0,0,0,0,0,0,0,0,0.11111
69,2975,7958,A,A,A,nan,FALSE,0.9697,1,1,1,1,1,1,1,0.88889
69,2975,7958,G,A,A,nan,FALSE,0.030303,0,0,0,0,0,0,0,0
70,3180,8163,A,G,G,nan,FALSE,0.030303,0,0,0,0,0,0,0,0
70,3180,8163,G,G,G,nan,FALSE,0.9697,1,1,1,1,1,1,1,1
71,3241,8224,A,A,A,nan,FALSE,1,1,1,1,1,0.88889,1,1,1
71,3241,8224,C,A,A,nan,FALSE,0,0,0,0,0,0.11111,0,0,0
72,3276,8259,A,T,C,nan,FALSE,0.030303,0,0,0,0,0,0,0,0
72,3276,8259,T,T,C,nan,FALSE,0.9697,1,1,1,1,1,1,1,1
73,3387,8370,C,T,T,SPLSFQTLI,TRUE,0,0,0,0,0,0,0,0,0.11111
73,3387,8370,T,T,T,SPLSFQTLI,FALSE,1,1,1,1,1,1,1,1,0.88889
74,3392,8375,A,C,T,SPLSFQTLI,TRUE,0,0,0,0,0,0,0,0.22222,0.44444
74,3392,8375,C,C,T,SPLSFQTLI,FALSE,1,1,1,1,1,1,1,0.77778,0.55556
75,3436,8419,A,G,G,nan,FALSE,0.030303,0,0,0,0,0,0,0,0
75,3436,8419,G,G,G,nan,FALSE,0.9697,1,1,1,1,1,1,1,1
76,3463,8446,A,A,A,nan,FALSE,1,1,1,1,0.91667,1,1,1,1
76,3463,8446,G,A,A,nan,FALSE,0,0,0,0,0.083333,0,0,0,0
77,3489,8472,A,A,A,nan,FALSE,0.9697,1,1,1,1,1,1,1,1
77,3489,8472,C,A,A,nan,FALSE,0.030303,0,0,0,0,0,0,0,0
78,3615,8598,A,A,G,nan,FALSE,1,1,1,1,1,0.33333,0.91667,0.88889,1
78,3615,8598,C,A,G,nan,FALSE,0,0,0,0,0,0.66667,0.083333,0.11111,0
79,3693,8676,A,A,A,nan,FALSE,1,1,1,1,0.91667,1,1,1,1
79,3693,8676,G,A,A,nan,FALSE,0,0,0,0,0.083333,0,0,0,0
80,3694,8677,G,T,T,nan,FALSE,0,0,0,0,0.083333,0,0,0,0
80,3694,8677,T,T,T,nan,FALSE,1,1,1,1,0.91667,1,1,1,1
81,3710,8693,C,T,T,nan,FALSE,0,0,0,0,0.083333,0,0,0,0
81,3710,8693,T,T,T,nan,FALSE,1,1,1,1,0.91667,1,1,1,1
82,3887,8865e,-,C,-,nan,FALSE,0,0,0,0.5,0.33333,0,0,0,0
82,3887,8865e,C,C,-,nan,FALSE,1,1,1,0.5,0.58333,1,1,1,1
82,3887,8865e,T,C,-,nan,FALSE,0,0,0,0,0.083333,0,0,0,0
83,3892,8866,A,G,G,nan,FALSE,0.030303,0,0,0.41667,0.25,0.77778,0.16667,0,0
83,3892,8866,C,G,G,nan,FALSE,0,0,0,0.083333,0,0,0.25,0.66667,0.77778
83,3892,8866,G,G,G,nan,FALSE,0.9697,1,1,0.5,0.75,0.22222,0.58333,0.33333,0.22222
84,3893,8867,A,A,A,nan,FALSE,1,1,1,0.5,0.66667,0.88889,0.5,0.66667,0.77778
84,3893,8867,C,A,A,nan,FALSE,0,0,0,0,0,0.11111,0,0,0
84,3893,8867,G,A,A,nan,FALSE,0,0,0,0.41667,0.33333,0,0.5,0.33333,0.11111
84,3893,8867,T,A,A,nan,FALSE,0,0,0,0.083333,0,0,0,0,0.11111
85,3896,8870,A,C,C,nan,FALSE,0,0,0,0.16667,0,0,0,0,0
85,3896,8870,C,C,C,nan,FALSE,1,1,1,0.75,0.66667,0.88889,0.83333,1,1
85,3896,8870,T,C,C,nan,FALSE,0,0,0,0.083333,0.33333,0.11111,0.16667,0,0
86,3897,8871,A,A,A,nan,FALSE,1,1,1,1,0.91667,1,1,1,1
86,3897,8871,G,A,A,nan,FALSE,0,0,0,0,0.083333,0,0,0,0
87,3951,8925,C,T,T,nan,FALSE,0,0.1,0,0,0,0,0,0,0
87,3951,8925,T,T,T,nan,FALSE,1,0.9,1,1,1,1,1,1,1
88,3970,8944,C,T,A,nan,FALSE,0,0,0,0.083333,0,0,0,0,0
88,3970,8944,T,T,A,nan,FALSE,1,1,1,0.91667,1,1,1,1,1
89,3971,8945,A,A,C,nan,FALSE,1,1,1,1,1,1,0.83333,0.33333,0.22222
89,3971,8945,C,A,C,nan,FALSE,0,0,0,0,0,0,0.16667,0.66667,0.77778
90,4015,8988a,-,G,G,EEVGFPVKPQV,TRUE,0,0,0.125,0,0,0,0,0,0
90,4015,8988a,A,G,G,EEVGFPVKPQV,TRUE,0,0.3,0.25,0.16667,0,0,0,0,0
90,4015,8988a,G,G,G,EEVGFPVKPQV,FALSE,1,0.7,0.625,0.83333,1,1,1,1,1
91,4016,8988b,-,A,A,EEVGFPVKPQV,TRUE,0,0,0.125,0,0,0,0,0,0
91,4016,8988b,A,A,A,EEVGFPVKPQV,FALSE,1,0.8,0.75,0.58333,0.5,0.88889,0.41667,0.88889,0.66667
91,4016,8988b,G,A,A,EEVGFPVKPQV,TRUE,0,0.2,0.125,0.41667,0.5,0.11111,0.58333,0.11111,0.33333
92,4017,8988c,-,A,A,EEVGFPVKPQV,TRUE,0,0,0.125,0,0,0,0,0,0
92,4017,8988c,A,A,A,EEVGFPVKPQV,FALSE,1,0.9,0.875,0.83333,0.58333,0.22222,0.58333,0.11111,0.33333
92,4017,8988c,C,A,A,EEVGFPVKPQV,TRUE,0,0.1,0,0.16667,0.33333,0.77778,0.33333,0.77778,0.66667
92,4017,8988c,T,A,A,EEVGFPVKPQV,TRUE,0,0,0,0,0.083333,0,0.083333,0.11111,0
93,4019,8990,A,A,A,EEVGFPVKPQV,FALSE,1,1,0.875,0.75,0.91667,0.88889,1,1,1
93,4019,8990,G,A,A,EEVGFPVKPQV,TRUE,0,0,0.125,0.25,0.083333,0.11111,0,0,0
94,4037,9008,A,A,G,EEVGFPVKPQV,FALSE,1,0.9,0.875,1,1,0.88889,0.41667,0.44444,0.66667
94,4037,9008,G,A,G,EEVGFPVKPQV,TRUE,0,0.1,0.125,0,0,0.11111,0.58333,0.55556,0.33333
95,4064,9035,A,C,C,nan,FALSE,0,0.1,0,0,0,0,0,0,0
95,4064,9035,C,C,C,nan,FALSE,1,0.9,1,1,1,1,1,1,1
96,4134,9105,C,C,T,nan,FALSE,1,0.9,1,1,1,1,1,1,1
96,4134,9105,T,C,T,nan,FALSE,0,0.1,0,0,0,0,0,0,0
97,4185,9156,C,C,C,nan,FALSE,1,1,0.875,1,1,1,1,1,1
97,4185,9156,T,C,C,nan,FALSE,0,0,0.125,0,0,0,0,0,0
98,4416,9387,A,G,G,nan,FALSE,0,0.1,0,0,0,0,0,0,0
98,4416,9387,G,G,G,nan,FALSE,1,0.9,1,1,1,1,1,1,1
99,4445,9416,A,G,G,nan,FALSE,0.030303,0,0,0,0,0,0,0,0
99,4445,9416,G,G,G,nan,FALSE,0.9697,1,1,1,1,1,1,1,1
100,4506,9466,A,T,T,nan,FALSE,0,0,0,0,0,0.11111,0,0,0
100,4506,9466,C,T,T,nan,FALSE,0,0,0,0,0,0,0,0.11111,0
100,4506,9466,T,T,T,nan,FALSE,1,1,1,1,1,0.88889,1,0.88889,1
101,4523,9483,A,G,T,nan,FALSE,0,0,0.125,0,0,0,0,0,0
101,4523,9483,G,G,T,nan,FALSE,1,1,0.875,1,1,1,1,1,1
102,4571,9531,-,C,C,nan,FALSE,0.030303,0,0,0,0,0,0,0,0
102,4571,9531,C,C,C,nan,FALSE,0.9697,1,1,1,0.91667,1,1,1,1
102,4571,9531,T,C,C,nan,FALSE,0,0,0,0,0.083333,0,0,0,0
103,4580,9540,-,G,G,nan,FALSE,0.060606,0,0,0,0,0,0,0,0
103,4580,9540,G,G,G,nan,FALSE,0.90909,1,1,1,1,1,1,1,1
103,4580,9540,T,G,G,nan,FALSE,0.030303,0,0,0,0,0,0,0,0
104,4628,9588,-,T,T,nan,FALSE,0.15152,0,0,0,0.083333,0,0,0,0
104,4628,9588,T,T,T,nan,FALSE,0.84848,1,1,1,0.91667,1,1,1,1
105,4629,9589,-,G,A,nan,FALSE,0.15152,0,0,0,0.083333,0,0,0,0
105,4629,9589,G,G,A,nan,FALSE,0.84848,1,1,1,0.91667,1,1,1,1
106,4630,9590,-,G,G,nan,FALSE,0.15152,0,0,0,0.083333,0,0,0,0
106,4630,9590,G,G,G,nan,FALSE,0.84848,1,1,1,0.91667,1,1,1,1