polymorphic_index,alignment,HXB2_index,nucleotide,TF,consensus,epitope,escape,sc_old,sc_MPL,tc_MPL,f_at_0,f_at_8,f_at_12,f_at_22,f_at_29,f_at_56,f_at_85,f_at_302
0,60,850,C,T,T,nan,False,0.003407577,0.003407577,nan,0.0,0.0,0.0,0.0,0.0,0.0,0.0,0.055556
0,60,850,T,T,T,nan,False,0.0,0.0,nan,1.0,1.0,1.0,1.0,1.0,1.0,1.0,0.94444
1,104,894,A,A,A,nan,False,0.0,0.0,nan,1.0,1.0,1.0,1.0,1.0,1.0,1.0,0.94444
1,104,894,G,A,A,nan,False,0.0037773549999999996,0.0037773549999999996,nan,0.0,0.0,0.0,0.0,0.0,0.0,0.0,0.055556
2,116,906,A,G,G,nan,False,0.0005294060000000001,0.0005294060000000001,nan,0.0,0.0,0.0,0.0,0.0,0.125,0.0,0.0
2,116,906,G,G,G,nan,False,0.0,0.0,nan,1.0,1.0,1.0,1.0,1.0,0.875,1.0,1.0
3,127,917,A,A,G,nan,False,0.0,0.0,nan,1.0,1.0,1.0,1.0,1.0,0.875,1.0,0.0
3,127,917,G,A,G,nan,False,0.04292037,0.04292037,nan,0.0,0.0,0.0,0.0,0.0,0.125,0.0,1.0
4,133,923,C,C,C,nan,False,0.0,0.0,nan,1.0,1.0,0.9,1.0,1.0,1.0,1.0,1.0
4,133,923,T,C,C,nan,False,-0.0017948460000000001,-0.0017948460000000001,nan,0.0,0.0,0.1,0.0,0.0,0.0,0.0,0.0
5,150,940,C,T,T,nan,False,0.004543751,0.004543751,nan,0.0,0.0,0.0,0.0,0.0,0.125,0.0,0.0
5,150,940,T,T,T,nan,False,0.0,0.0,nan,1.0,1.0,1.0,1.0,1.0,0.875,1.0,1.0
6,164,954,A,A,A,nan,False,0.0,0.0,nan,1.0,1.0,1.0,1.0,1.0,1.0,1.0,0.94444
6,164,954,G,A,A,nan,False,0.0018456432,0.0018456432,nan,0.0,0.0,0.0,0.0,0.0,0.0,0.0,0.055556
7,184,974,C,C,A,nan,False,0.0,0.0,nan,1.0,1.0,1.0,1.0,1.0,1.0,0.8,1.0
7,184,974,T,C,A,nan,False,0.003247374,0.003247374,nan,0.0,0.0,0.0,0.0,0.0,0.0,0.2,0.0
8,247,1037,C,C,C,nan,False,0.0,0.0,nan,1.0,1.0,1.0,1.0,1.0,1.0,0.9,1.0
8,247,1037,T,C,C,nan,False,0.0008458738,0.0008458738,nan,0.0,0.0,0.0,0.0,0.0,0.0,0.1,0.0
9,304,1094,A,A,A,nan,False,0.0,0.0,nan,1.0,1.0,1.0,1.0,1.0,1.0,1.0,0.77778
9,304,1094,G,A,A,nan,False,0.014308792,0.014308792,nan,0.0,0.0,0.0,0.0,0.0,0.0,0.0,0.22222
10,332,1122,C,T,T,nan,False,-0.0013907124,-0.0013907124,nan,0.0,0.0,0.0,0.0,0.0,0.0,0.0,0.055556
10,332,1122,T,T,T,nan,False,0.0,0.0,nan,1.0,1.0,1.0,1.0,1.0,1.0,1.0,0.94444
11,346,1136,A,A,A,nan,False,0.0,0.0,nan,1.0,1.0,1.0,1.0,1.0,1.0,1.0,0.94444
11,346,1136,C,A,A,nan,False,0.0018506055000000001,0.0018506055000000001,nan,0.0,0.0,0.0,0.0,0.0,0.0,0.0,0.055556
12,351,1141,A,G,G,nan,False,0.002700805,0.002700805,nan,0.0,0.0,0.0,0.0,0.0,0.0,0.0,0.11111
12,351,1141,G,G,G,nan,False,0.0,0.0,nan,1.0,1.0,1.0,1.0,1.0,1.0,1.0,0.88889
13,407,1194,A,G,G,nan,False,0.02708923,0.02708923,nan,0.0,0.0,0.0,0.4,0.2,0.375,0.1,0.0
13,407,1194,G,G,G,nan,False,0.0,0.0,nan,1.0,1.0,1.0,0.6,0.8,0.625,0.9,1.0
14,433,1220,A,A,A,nan,False,0.0,0.0,nan,1.0,1.0,1.0,1.0,1.0,1.0,1.0,0.94444
14,433,1220,G,A,A,nan,False,0.0037773549999999996,0.0037773549999999996,nan,0.0,0.0,0.0,0.0,0.0,0.0,0.0,0.055556
15,434,1221,C,C,C,nan,False,0.0,0.0,nan,1.0,1.0,0.9,1.0,1.0,1.0,1.0,1.0
15,434,1221,T,C,C,nan,False,-0.0017948460000000001,-0.0017948460000000001,nan,0.0,0.0,0.1,0.0,0.0,0.0,0.0,0.0
16,482,1269,A,G,G,nan,False,-0.0003371794,-0.0003371794,nan,0.0,0.0,0.0,0.0,0.066667,0.0,0.0,0.0
16,482,1269,G,G,G,nan,False,0.0,0.0,nan,1.0,1.0,1.0,1.0,0.93333,1.0,1.0,1.0
17,485,1272,A,G,G,nan,False,-0.0010732727,-0.0010732727,nan,0.0,0.090909,0.0,0.0,0.0,0.0,0.0,0.0
17,485,1272,G,G,G,nan,False,0.0,0.0,nan,1.0,0.90909,1.0,1.0,1.0,1.0,1.0,1.0
18,599,1386,A,G,A,nan,False,-8.1584532e-05,-8.1584532e-05,nan,0.0,0.0,0.0,0.0,0.0,0.0,0.0,0.055556
18,599,1386,G,G,A,nan,False,0.0,0.0,nan,1.0,1.0,1.0,1.0,1.0,1.0,1.0,0.94444
19,603,1390,C,T,T,nan,False,-9.167542999999998e-05,-9.167542999999998e-05,nan,0.0,0.0,0.0,0.0,0.066667,0.0,0.0,0.0
19,603,1390,T,T,T,nan,False,0.0,0.0,nan,1.0,1.0,1.0,1.0,0.93333,1.0,1.0,1.0
20,672,1459,G,G,G,nan,False,0.0,0.0,nan,1.0,1.0,1.0,1.0,1.0,1.0,0.9,1.0
20,672,1459,T,G,G,nan,False,0.0011095818,0.0011095818,nan,0.0,0.0,0.0,0.0,0.0,0.0,0.1,0.0
21,674,1461,A,A,A,nan,False,0.0,0.0,nan,1.0,1.0,1.0,1.0,1.0,1.0,0.9,1.0
21,674,1461,G,A,A,nan,False,0.0013164598000000001,0.0013164598000000001,nan,0.0,0.0,0.0,0.0,0.0,0.0,0.1,0.0
22,727,1514,A,A,C,nan,False,0.0,0.0,nan,1.0,1.0,1.0,1.0,0.93333,1.0,1.0,0.0
22,727,1514,C,A,C,nan,False,0.025650179999999998,0.025650179999999998,nan,0.0,0.0,0.0,0.0,0.0,0.0,0.0,0.55556
22,727,1514,G,A,C,nan,False,0.03170265,0.03170265,nan,0.0,0.0,0.0,0.0,0.066667,0.0,0.0,0.44444
23,836,1623,C,C,C,nan,False,0.0,0.0,nan,1.0,1.0,1.0,1.0,1.0,1.0,0.9,1.0
23,836,1623,T,C,C,nan,False,0.0011760154,0.0011760154,nan,0.0,0.0,0.0,0.0,0.0,0.0,0.1,0.0
24,852,1639,A,G,G,nan,False,0.0005294060000000001,0.0005294060000000001,nan,0.0,0.0,0.0,0.0,0.0,0.125,0.0,0.0
24,852,1639,G,G,G,nan,False,0.0,0.0,nan,1.0,1.0,1.0,1.0,1.0,0.875,1.0,1.0
25,901,1688,C,T,T,nan,False,0.0009515738,0.0009515738,nan,0.0,0.0,0.0,0.0,0.0,0.0,0.1,0.0
25,901,1688,T,T,T,nan,False,0.0,0.0,nan,1.0,1.0,1.0,1.0,1.0,1.0,0.9,1.0
26,923,1710,A,A,A,nan,False,0.0,0.0,nan,1.0,1.0,1.0,1.0,1.0,1.0,1.0,0.94444
26,923,1710,G,A,A,nan,False,0.005502807,0.005502807,nan,0.0,0.0,0.0,0.0,0.0,0.0,0.0,0.055556
27,963,1750,C,T,T,NWMTDTLLI,False,0.003672407,0.003672407,nan,0.0,0.0,0.0,0.0,0.0,0.0,0.0,0.11111
27,963,1750,T,T,T,NWMTDTLLI,False,0.0,0.0,nan,1.0,1.0,1.0,1.0,1.0,1.0,1.0,0.88889
28,965,1752,A,G,G,NWMTDTLLI,False,0.006923213,0.006923213,nan,0.0,0.0,0.0,0.0,0.0,0.0,0.0,0.055556
28,965,1752,G,G,G,NWMTDTLLI,False,0.0,0.0,nan,1.0,1.0,1.0,1.0,1.0,1.0,1.0,0.94444
29,1037,1824,A,A,A,nan,False,0.0,0.0,nan,1.0,1.0,1.0,1.0,1.0,1.0,1.0,0.94444
29,1037,1824,G,A,A,nan,False,-0.00016676303,-0.00016676303,nan,0.0,0.0,0.0,0.0,0.0,0.0,0.0,0.055556
30,1110,1897,A,G,G,nan,False,0.04108647,0.04108647,nan,0.0,0.0,0.0,0.0,0.0,0.0,0.2,0.0
30,1110,1897,G,G,G,nan,False,0.0,0.0,nan,1.0,1.0,1.0,1.0,1.0,1.0,0.8,1.0
31,1114,1901,A,A,A,nan,False,0.0,0.0,nan,1.0,1.0,1.0,1.0,1.0,0.875,1.0,0.66667
31,1114,1901,C,A,A,nan,False,0.010731491,0.010731491,nan,0.0,0.0,0.0,0.0,0.0,0.0,0.0,0.33333
31,1114,1901,G,A,A,nan,False,0.009087356,0.009087356,nan,0.0,0.0,0.0,0.0,0.0,0.125,0.0,0.0
32,1119,1906,A,A,-,nan,False,0.0,0.0,nan,1.0,1.0,1.0,1.0,1.0,1.0,1.0,0.83333
32,1119,1906,C,A,-,nan,False,0.01748009,0.01748009,nan,0.0,0.0,0.0,0.0,0.0,0.0,0.0,0.16667
33,1120,1907,A,A,-,nan,False,0.0,0.0,nan,1.0,1.0,1.0,1.0,1.0,1.0,1.0,0.94444
33,1120,1907,C,A,-,nan,False,0.007686266,0.007686266,nan,0.0,0.0,0.0,0.0,0.0,0.0,0.0,0.055556
34,1128,1915,A,A,A,nan,False,0.0,0.0,nan,1.0,1.0,1.0,1.0,1.0,1.0,0.2,0.88889
34,1128,1915,G,A,A,nan,False,0.046566510000000005,0.046566510000000005,nan,0.0,0.0,0.0,0.0,0.0,0.0,0.8,0.11111
35,1134,1921,A,A,A,nan,False,0.0,0.0,nan,1.0,1.0,1.0,1.0,1.0,0.875,1.0,0.72222
35,1134,1921,G,A,A,nan,False,0.01430475,0.01430475,nan,0.0,0.0,0.0,0.0,0.0,0.125,0.0,0.27778
36,1136,1923,A,G,G,nan,False,0.0057999850000000006,0.0057999850000000006,nan,0.0,0.0,0.0,0.0,0.0,0.0,0.0,0.055556
36,1136,1923,G,G,G,nan,False,0.0,0.0,nan,1.0,1.0,1.0,1.0,1.0,1.0,1.0,0.94444
37,1167,1954,A,A,A,nan,False,0.0,0.0,nan,1.0,1.0,1.0,1.0,1.0,1.0,1.0,0.94444
37,1167,1954,G,A,A,nan,False,0.003985606,0.003985606,nan,0.0,0.0,0.0,0.0,0.0,0.0,0.0,0.055556
38,1185,1972,G,T,T,nan,False,0.004749411,0.004749411,nan,0.0,0.0,0.0,0.0,0.0,0.125,0.0,0.0
38,1185,1972,T,T,T,nan,False,0.0,0.0,nan,1.0,1.0,1.0,1.0,1.0,0.875,1.0,1.0
39,1193,1980,A,G,G,nan,False,0.004222813000000001,0.004222813000000001,nan,0.0,0.0,0.0,0.0,0.0,0.0,0.0,0.055556
39,1193,1980,G,G,G,nan,False,0.0,0.0,nan,1.0,1.0,1.0,1.0,1.0,1.0,1.0,0.94444
40,1203,1990,A,A,A,nan,False,0.0,0.0,nan,1.0,1.0,1.0,1.0,1.0,1.0,0.9,1.0
40,1203,1990,G,A,A,nan,False,0.018795613000000003,0.018795613000000003,nan,0.0,0.0,0.0,0.0,0.0,0.0,0.1,0.0
41,1259,2046,A,A,A,nan,False,0.0,0.0,nan,1.0,1.0,1.0,1.0,1.0,1.0,0.9,1.0
41,1259,2046,G,A,A,nan,False,0.0013164598000000001,0.0013164598000000001,nan,0.0,0.0,0.0,0.0,0.0,0.0,0.1,0.0
42,1271,2058,A,G,G,nan,False,-0.0010732727,-0.0010732727,nan,0.0,0.090909,0.0,0.0,0.0,0.0,0.0,0.0
42,1271,2058,G,G,G,nan,False,0.0,0.0,nan,1.0,0.90909,1.0,1.0,1.0,1.0,1.0,1.0
43,1275,2062,A,G,G,nan,False,0.02188011,0.02188011,nan,0.0,0.0,0.0,0.0,0.0,0.0,0.1,0.0
43,1275,2062,G,G,G,nan,False,0.0,0.0,nan,1.0,1.0,1.0,1.0,1.0,1.0,0.9,1.0
44,1362,2149,A,G,G,nan,False,0.001031915,0.001031915,nan,0.0,0.0,0.0,0.0,0.0,0.0,0.1,0.0
44,1362,2149,G,G,G,nan,False,0.0,0.0,nan,1.0,1.0,1.0,1.0,1.0,1.0,0.9,1.0
45,1368,2155,A,A,A,nan,False,0.0,0.0,nan,1.0,1.0,1.0,1.0,1.0,1.0,1.0,0.72222
45,1368,2155,T,A,A,nan,False,0.007745894999999999,0.007745894999999999,nan,0.0,0.0,0.0,0.0,0.0,0.0,0.0,0.27778
46,1378,2165,C,C,C,nan,False,0.0,0.0,nan,1.0,1.0,0.9,1.0,1.0,1.0,1.0,1.0
46,1378,2165,T,C,C,nan,False,-0.0005277372,-0.0005277372,nan,0.0,0.0,0.1,0.0,0.0,0.0,0.0,0.0
47,1432,2219,A,A,A,nan,False,0.0,0.0,nan,1.0,1.0,1.0,1.0,1.0,1.0,1.0,0.94444
47,1432,2219,T,A,A,nan,False,0.007690077,0.007690077,nan,0.0,0.0,0.0,0.0,0.0,0.0,0.0,0.055556
48,1502,2289,A,A,A,nan,False,0.0,0.0,nan,1.0,0.90909,1.0,1.0,1.0,1.0,1.0,1.0
48,1502,2289,G,A,A,nan,False,0.010304288,0.010304288,nan,0.0,0.090909,0.0,0.0,0.0,0.0,0.0,0.0
49,1534,2321,C,C,C,nan,False,0.0,0.0,nan,1.0,1.0,1.0,1.0,1.0,1.0,0.9,1.0
49,1534,2321,T,C,C,nan,False,0.0008458738,0.0008458738,nan,0.0,0.0,0.0,0.0,0.0,0.0,0.1,0.0
50,1540,2327,C,C,C,nan,False,0.0,0.0,nan,1.0,1.0,1.0,1.0,1.0,0.875,1.0,1.0
50,1540,2327,T,C,C,nan,False,-0.0012214563999999998,-0.0012214563999999998,nan,0.0,0.0,0.0,0.0,0.0,0.125,0.0,0.0
51,1635,2422,A,G,G,nan,False,0.0005294060000000001,0.0005294060000000001,nan,0.0,0.0,0.0,0.0,0.0,0.125,0.0,0.0
51,1635,2422,G,G,G,nan,False,0.0,0.0,nan,1.0,1.0,1.0,1.0,1.0,0.875,1.0,1.0
52,1648,2435,A,A,A,nan,False,0.0,0.0,nan,1.0,1.0,0.7,0.8,1.0,1.0,0.9,1.0
52,1648,2435,G,A,A,nan,False,0.00019232401999999998,0.00019232401999999998,nan,0.0,0.0,0.3,0.2,0.0,0.0,0.1,0.0
53,1669,2456,A,G,A,nan,False,0.0010275014,0.0010275014,nan,0.0,0.0,0.0,0.0,0.0,0.0,0.1,0.0
53,1669,2456,G,G,A,nan,False,0.0,0.0,nan,1.0,1.0,1.0,1.0,1.0,1.0,0.9,1.0
54,1678,2465,G,T,T,nan,False,0.0016487315,0.0016487315,nan,0.0,0.0,0.0,0.0,0.0,0.0,0.0,0.055556
54,1678,2465,T,T,T,nan,False,0.0,0.0,nan,1.0,1.0,1.0,1.0,1.0,1.0,1.0,0.94444
55,1680,2467,C,T,T,nan,False,0.0012275642,0.0012275642,nan,0.0,0.0,0.0,0.0,0.066667,0.0,0.0,0.0
55,1680,2467,T,T,T,nan,False,0.0,0.0,nan,1.0,1.0,1.0,1.0,0.93333,1.0,1.0,1.0
56,1684,2471,C,T,T,nan,False,0.005416631999999999,0.005416631999999999,nan,0.0,0.0,0.0,0.0,0.0,0.0,0.1,0.0
56,1684,2471,T,T,T,nan,False,0.0,0.0,nan,1.0,1.0,1.0,1.0,1.0,1.0,0.9,1.0
57,1690,2477,A,G,A,nan,False,-0.0003371794,-0.0003371794,nan,0.0,0.0,0.0,0.0,0.066667,0.0,0.0,0.0
57,1690,2477,G,G,A,nan,False,0.0,0.0,nan,1.0,1.0,1.0,1.0,0.93333,1.0,1.0,1.0
58,1691,2478,-,T,T,nan,False,0.0063424077,0.0063424077,nan,0.0,0.0,0.0,0.0,0.066667,0.0,0.0,0.0
58,1691,2478,C,T,T,nan,False,0.011834352,0.011834352,nan,0.0,0.0,0.0,0.0,0.0,0.125,0.0,0.0
58,1691,2478,T,T,T,nan,False,0.0,0.0,nan,1.0,1.0,1.0,1.0,0.93333,0.875,1.0,1.0
59,1692,2479,-,T,T,nan,False,0.0002058183,0.0002058183,nan,0.0,0.0,0.0,0.0,0.066667,0.0,0.0,0.0
59,1692,2479,T,T,T,nan,False,0.0,0.0,nan,1.0,1.0,1.0,1.0,0.93333,1.0,1.0,1.0
60,1693,2480,-,A,A,nan,False,0.0004585463,0.0004585463,nan,0.0,0.0,0.0,0.0,0.066667,0.0,0.0,0.0
60,1693,2480,A,A,A,nan,False,0.0,0.0,nan,1.0,1.0,1.0,1.0,0.93333,1.0,1.0,1.0
61,1694,2481,-,G,G,nan,False,0.00014263630000000002,0.00014263630000000002,nan,0.0,0.0,0.0,0.0,0.066667,0.0,0.0,0.0
61,1694,2481,G,G,G,nan,False,0.0,0.0,nan,1.0,1.0,1.0,1.0,0.93333,1.0,1.0,1.0
62,1695,2482,-,T,T,nan,False,0.0002058183,0.0002058183,nan,0.0,0.0,0.0,0.0,0.066667,0.0,0.0,0.0
62,1695,2482,T,T,T,nan,False,0.0,0.0,nan,1.0,1.0,1.0,1.0,0.93333,1.0,1.0,1.0
63,1696,2483,-,A,A,nan,False,0.0004585463,0.0004585463,nan,0.0,0.0,0.0,0.0,0.066667,0.0,0.0,0.0
63,1696,2483,A,A,A,nan,False,0.0,0.0,nan,1.0,1.0,1.0,1.0,0.93333,1.0,1.0,1.0
64,1705,2492,A,G,A,nan,False,0.011319569,0.011319569,nan,0.0,0.0,0.0,0.0,0.0,0.0,0.0,0.11111
64,1705,2492,G,G,A,nan,False,0.0,0.0,nan,1.0,1.0,1.0,1.0,1.0,1.0,1.0,0.88889
65,1778,2565,A,G,G,nan,False,0.004222813000000001,0.004222813000000001,nan,0.0,0.0,0.0,0.0,0.0,0.0,0.0,0.055556
65,1778,2565,G,G,G,nan,False,0.0,0.0,nan,1.0,1.0,1.0,1.0,1.0,1.0,1.0,0.94444
66,1786,2573,A,A,A,nan,False,0.0,0.0,nan,1.0,0.90909,1.0,1.0,1.0,1.0,1.0,1.0
66,1786,2573,G,A,A,nan,False,-0.004872067000000001,-0.004872067000000001,nan,0.0,0.090909,0.0,0.0,0.0,0.0,0.0,0.0
67,1789,2576,A,A,A,nan,False,0.0,0.0,nan,1.0,1.0,1.0,1.0,1.0,1.0,1.0,0.88889
67,1789,2576,G,A,A,nan,False,0.002133541,0.002133541,nan,0.0,0.0,0.0,0.0,0.0,0.0,0.0,0.11111
68,1801,2588,A,G,G,nan,False,0.004222813000000001,0.004222813000000001,nan,0.0,0.0,0.0,0.0,0.0,0.0,0.0,0.055556
68,1801,2588,G,G,G,nan,False,0.0,0.0,nan,1.0,1.0,1.0,1.0,1.0,1.0,1.0,0.94444
69,1822,2609,A,G,G,nan,False,-0.004536033,-0.004536033,nan,0.0,0.0,0.0,0.0,0.0,0.0,0.0,0.11111
69,1822,2609,G,G,G,nan,False,0.0,0.0,nan,1.0,1.0,1.0,1.0,1.0,1.0,1.0,0.88889
70,1849,2636,A,G,G,nan,False,-0.0041171969999999995,-0.0041171969999999995,nan,0.0,0.090909,0.0,0.0,0.0,0.0,0.0,0.0
70,1849,2636,G,G,G,nan,False,0.0,0.0,nan,1.0,0.90909,1.0,1.0,1.0,1.0,1.0,1.0
71,1859,2646,A,G,G,nan,False,0.0007706275,0.0007706275,nan,0.0,0.0,0.0,0.0,0.066667,0.0,0.0,0.0
71,1859,2646,G,G,G,nan,False,0.0,0.0,nan,1.0,1.0,1.0,1.0,0.93333,1.0,1.0,1.0
72,1877,2664,A,G,G,nan,False,-0.0010732727,-0.0010732727,nan,0.0,0.090909,0.0,0.0,0.0,0.0,0.0,0.0
72,1877,2664,G,G,G,nan,False,0.0,0.0,nan,1.0,0.90909,1.0,1.0,1.0,1.0,1.0,1.0
73,1909,2696,A,A,A,nan,False,0.0,0.0,nan,1.0,1.0,1.0,1.0,1.0,1.0,0.9,1.0
73,1909,2696,G,A,A,nan,False,0.02249921,0.02249921,nan,0.0,0.0,0.0,0.0,0.0,0.0,0.1,0.0
74,1916,2703,C,C,C,nan,False,0.0,0.0,nan,1.0,1.0,1.0,1.0,1.0,1.0,1.0,0.94444
74,1916,2703,T,C,C,nan,False,0.005943607,0.005943607,nan,0.0,0.0,0.0,0.0,0.0,0.0,0.0,0.055556
75,1948,2735,C,C,C,nan,False,0.0,0.0,nan,1.0,1.0,1.0,1.0,1.0,1.0,0.9,1.0
75,1948,2735,T,C,C,nan,False,0.0008458738,0.0008458738,nan,0.0,0.0,0.0,0.0,0.0,0.0,0.1,0.0
76,1978,2765,A,A,A,nan,False,0.0,0.0,nan,1.0,1.0,1.0,1.0,1.0,1.0,1.0,0.94444
76,1978,2765,G,A,A,nan,False,-0.00016676303,-0.00016676303,nan,0.0,0.0,0.0,0.0,0.0,0.0,0.0,0.055556
77,1988,2775,G,G,G,nan,False,0.0,0.0,nan,1.0,1.0,1.0,1.0,1.0,1.0,0.9,1.0
77,1988,2775,T,G,G,nan,False,0.003106526,0.003106526,nan,0.0,0.0,0.0,0.0,0.0,0.0,0.1,0.0
78,2086,2873,G,G,A,nan,False,0.0,0.0,nan,0.9375,1.0,1.0,1.0,1.0,1.0,1.0,1.0
78,2086,2873,T,G,A,nan,False,-0.016373681,-0.016373681,nan,0.0625,0.0,0.0,0.0,0.0,0.0,0.0,0.0
79,2095,2882,C,G,G,nan,False,-0.0006373299500000001,-0.0006373299500000001,nan,0.0,0.0,0.0,0.0,0.0,0.0,0.0,0.22222
79,2095,2882,G,G,G,nan,False,0.0,0.0,nan,1.0,1.0,1.0,1.0,1.0,1.0,1.0,0.77778
80,2116,2903,C,T,T,nan,False,-0.0013907124,-0.0013907124,nan,0.0,0.0,0.0,0.0,0.0,0.0,0.0,0.055556
80,2116,2903,T,T,T,nan,False,0.0,0.0,nan,1.0,1.0,1.0,1.0,1.0,1.0,1.0,0.94444
81,2134,2921,C,T,C,nan,False,0.0013368734,0.0013368734,nan,0.0,0.0,0.0,0.0,0.0,0.0,0.0,0.055556
81,2134,2921,T,T,C,nan,False,0.0,0.0,nan,1.0,1.0,1.0,1.0,1.0,1.0,1.0,0.94444
82,2155,2942,C,C,C,nan,False,0.0,0.0,nan,1.0,1.0,1.0,1.0,0.93333,1.0,1.0,1.0
82,2155,2942,T,C,C,nan,False,0.0011413957000000001,0.0011413957000000001,nan,0.0,0.0,0.0,0.0,0.066667,0.0,0.0,0.0
83,2179,2966,A,A,A,nan,False,0.0,0.0,nan,1.0,1.0,1.0,1.0,1.0,1.0,1.0,0.83333
83,2179,2966,G,A,A,nan,False,0.0059936220000000005,0.0059936220000000005,nan,0.0,0.0,0.0,0.0,0.0,0.0,0.0,0.16667
84,2252,3039,A,A,A,nan,False,0.0,0.0,nan,1.0,1.0,1.0,1.0,1.0,0.875,1.0,1.0
84,2252,3039,G,A,A,nan,False,0.004915501,0.004915501,nan,0.0,0.0,0.0,0.0,0.0,0.125,0.0,0.0
85,2257,3044,A,A,A,nan,False,0.0,0.0,nan,1.0,1.0,1.0,1.0,1.0,1.0,1.0,0.94444
85,2257,3044,G,A,A,nan,False,0.006419085,0.006419085,nan,0.0,0.0,0.0,0.0,0.0,0.0,0.0,0.055556
86,2347,3134,A,A,A,nan,False,0.0,0.0,nan,1.0,1.0,1.0,1.0,1.0,1.0,0.9,1.0
86,2347,3134,G,A,A,nan,False,0.005522091,0.005522091,nan,0.0,0.0,0.0,0.0,0.0,0.0,0.1,0.0
87,2392,3179,A,G,A,nan,False,0.0057999850000000006,0.0057999850000000006,nan,0.0,0.0,0.0,0.0,0.0,0.0,0.0,0.055556
87,2392,3179,G,G,A,nan,False,0.0,0.0,nan,1.0,1.0,1.0,1.0,1.0,1.0,1.0,0.94444
88,2416,3203,G,T,C,nan,False,-0.0011107217,-0.0011107217,nan,0.0,0.090909,0.0,0.0,0.0,0.0,0.0,0.0
88,2416,3203,T,T,C,nan,False,0.0,0.0,nan,1.0,0.90909,1.0,1.0,1.0,1.0,1.0,1.0
89,2498,3285,C,C,C,nan,False,0.0,0.0,nan,0.875,0.90909,1.0,1.0,1.0,1.0,1.0,1.0
89,2498,3285,T,C,C,nan,False,-0.014315801999999999,-0.014315801999999999,nan,0.125,0.090909,0.0,0.0,0.0,0.0,0.0,0.0
90,2542,3329,A,A,A,nan,False,0.0,0.0,nan,1.0,1.0,1.0,1.0,1.0,1.0,0.9,1.0
90,2542,3329,G,A,A,nan,False,0.003313404,0.003313404,nan,0.0,0.0,0.0,0.0,0.0,0.0,0.1,0.0
91,2578,3365,A,A,A,nan,False,0.0,0.0,nan,1.0,1.0,1.0,1.0,1.0,1.0,1.0,0.94444
91,2578,3365,G,A,A,nan,False,-0.0005476680000000001,-0.0005476680000000001,nan,0.0,0.0,0.0,0.0,0.0,0.0,0.0,0.055556
92,2587,3374,A,A,A,nan,False,0.0,0.0,nan,1.0,1.0,1.0,1.0,1.0,1.0,1.0,0.94444
92,2587,3374,G,A,A,nan,False,-0.001020934,-0.001020934,nan,0.0,0.0,0.0,0.0,0.0,0.0,0.0,0.055556
93,2588,3375,A,G,G,nan,False,0.0012265432000000001,0.0012265432000000001,nan,0.0,0.0,0.0,0.0,0.0,0.0,0.0,0.055556
93,2588,3375,G,G,G,nan,False,0.0,0.0,nan,1.0,1.0,1.0,1.0,1.0,1.0,1.0,0.94444
94,2616,3403,A,G,G,nan,False,-0.0010732727,-0.0010732727,nan,0.0,0.090909,0.0,0.0,0.0,0.0,0.0,0.0
94,2616,3403,G,G,G,nan,False,0.0,0.0,nan,1.0,0.90909,1.0,1.0,1.0,1.0,1.0,1.0
95,2625,3412,C,C,C,nan,False,0.0,0.0,nan,0.9375,1.0,1.0,1.0,1.0,1.0,1.0,1.0
95,2625,3412,T,C,C,nan,False,-0.015245950000000001,-0.015245950000000001,nan,0.0625,0.0,0.0,0.0,0.0,0.0,0.0,0.0
96,2656,3443,A,A,A,nan,False,0.0,0.0,nan,1.0,1.0,0.9,1.0,1.0,1.0,1.0,1.0
96,2656,3443,G,A,A,nan,False,-0.0013977332,-0.0013977332,nan,0.0,0.0,0.1,0.0,0.0,0.0,0.0,0.0
97,2666,3453,A,G,G,nan,False,-0.0010732727,-0.0010732727,nan,0.0,0.090909,0.0,0.0,0.0,0.0,0.0,0.0
97,2666,3453,G,G,G,nan,False,0.0,0.0,nan,1.0,0.90909,1.0,1.0,1.0,1.0,1.0,1.0
98,2684,3471,A,G,G,nan,False,-0.0041171969999999995,-0.0041171969999999995,nan,0.0,0.090909,0.0,0.0,0.0,0.0,0.0,0.0
98,2684,3471,G,G,G,nan,False,0.0,0.0,nan,1.0,0.90909,1.0,1.0,1.0,1.0,1.0,1.0
99,2749,3536,A,A,A,nan,False,0.0,0.0,nan,1.0,1.0,1.0,1.0,1.0,0.875,1.0,1.0
99,2749,3536,G,A,A,nan,False,0.0013295638,0.0013295638,nan,0.0,0.0,0.0,0.0,0.0,0.125,0.0,0.0
100,2833,3620,A,G,G,nan,False,-0.014455538,-0.014455538,nan,0.125,0.090909,0.0,0.0,0.0,0.0,0.0,0.0
100,2833,3620,G,G,G,nan,False,0.0,0.0,nan,0.875,0.90909,1.0,1.0,1.0,1.0,1.0,1.0
101,2834,3621,A,A,A,nan,False,0.0,0.0,nan,1.0,1.0,1.0,1.0,1.0,1.0,1.0,0.88889
101,2834,3621,C,A,A,nan,False,0.011805635,0.011805635,nan,0.0,0.0,0.0,0.0,0.0,0.0,0.0,0.11111
102,2859,3646,A,A,A,nan,False,0.0,0.0,nan,1.0,0.90909,1.0,1.0,1.0,1.0,1.0,1.0
102,2859,3646,G,A,A,nan,False,-0.0009471725,-0.0009471725,nan,0.0,0.090909,0.0,0.0,0.0,0.0,0.0,0.0
103,2887,3674,A,A,A,nan,False,0.0,0.0,nan,1.0,1.0,1.0,1.0,1.0,1.0,1.0,0.94444
103,2887,3674,G,A,A,nan,False,-0.001020934,-0.001020934,nan,0.0,0.0,0.0,0.0,0.0,0.0,0.0,0.055556
104,2949,3736,A,A,A,nan,False,0.0,0.0,nan,1.0,1.0,1.0,1.0,1.0,1.0,0.9,1.0
104,2949,3736,C,A,A,nan,False,0.001784494,0.001784494,nan,0.0,0.0,0.0,0.0,0.0,0.0,0.1,0.0
105,2960,3747,-,A,A,nan,False,0.0006945169,0.0006945169,nan,0.0,0.0,0.0,0.0,0.0,0.0,0.0,0.055556
105,2960,3747,A,A,A,nan,False,0.0,0.0,nan,1.0,1.0,1.0,1.0,1.0,1.0,1.0,0.94444
106,2961,3748,-,C,C,nan,False,0.00040150440000000004,0.00040150440000000004,nan,0.0,0.0,0.0,0.0,0.0,0.0,0.0,0.055556
106,2961,3748,C,C,C,nan,False,0.0,0.0,nan,1.0,1.0,1.0,1.0,1.0,1.0,1.0,0.94444
107,2962,3749,-,A,A,nan,False,0.0006945169,0.0006945169,nan,0.0,0.0,0.0,0.0,0.0,0.0,0.0,0.055556
107,2962,3749,A,A,A,nan,False,0.0,0.0,nan,1.0,1.0,1.0,1.0,1.0,1.0,1.0,0.94444
108,2963,3750,-,T,T,nan,False,0.00044590023,0.00044590023,nan,0.0,0.0,0.0,0.0,0.0,0.0,0.0,0.055556
108,2963,3750,T,T,T,nan,False,0.0,0.0,nan,1.0,1.0,1.0,1.0,1.0,1.0,1.0,0.94444
109,2964,3751,-,G,G,nan,False,0.00038374606,0.00038374606,nan,0.0,0.0,0.0,0.0,0.0,0.0,0.0,0.055556
109,2964,3751,G,G,G,nan,False,0.0,0.0,nan,1.0,1.0,1.0,1.0,1.0,1.0,1.0,0.94444
110,2965,3752,-,G,G,nan,False,0.00038374606,0.00038374606,nan,0.0,0.0,0.0,0.0,0.0,0.0,0.0,0.055556
110,2965,3752,G,G,G,nan,False,0.0,0.0,nan,1.0,1.0,1.0,1.0,1.0,1.0,1.0,0.94444
111,2966,3753,-,T,T,nan,False,0.00044590023,0.00044590023,nan,0.0,0.0,0.0,0.0,0.0,0.0,0.0,0.055556
111,2966,3753,T,T,T,nan,False,0.0,0.0,nan,1.0,1.0,1.0,1.0,1.0,1.0,1.0,0.94444
112,2967,3754,-,G,G,nan,False,0.00038374606,0.00038374606,nan,0.0,0.0,0.0,0.0,0.0,0.0,0.0,0.055556
112,2967,3754,G,G,G,nan,False,0.0,0.0,nan,1.0,1.0,1.0,1.0,1.0,1.0,1.0,0.94444
113,2968,3755,-,G,G,nan,False,0.00038374606,0.00038374606,nan,0.0,0.0,0.0,0.0,0.0,0.0,0.0,0.055556
113,2968,3755,G,G,G,nan,False,0.0,0.0,nan,1.0,1.0,1.0,1.0,1.0,1.0,1.0,0.94444
114,2969,3756,-,A,A,nan,False,0.0006945169,0.0006945169,nan,0.0,0.0,0.0,0.0,0.0,0.0,0.0,0.055556
114,2969,3756,A,A,A,nan,False,0.0,0.0,nan,1.0,1.0,1.0,1.0,1.0,1.0,1.0,0.94444
115,2970,3757,-,C,C,nan,False,0.00040150440000000004,0.00040150440000000004,nan,0.0,0.0,0.0,0.0,0.0,0.0,0.0,0.055556
115,2970,3757,C,C,C,nan,False,0.0,0.0,nan,1.0,1.0,1.0,1.0,1.0,1.0,1.0,0.94444
116,2971,3758,-,A,A,nan,False,0.0006945169,0.0006945169,nan,0.0,0.0,0.0,0.0,0.0,0.0,0.0,0.055556
116,2971,3758,A,A,A,nan,False,0.0,0.0,nan,1.0,1.0,1.0,1.0,1.0,1.0,1.0,0.94444
117,2972,3759,-,G,G,nan,False,0.00038374606,0.00038374606,nan,0.0,0.0,0.0,0.0,0.0,0.0,0.0,0.055556
117,2972,3759,G,G,G,nan,False,0.0,0.0,nan,1.0,1.0,1.0,1.0,1.0,1.0,1.0,0.94444
118,2973,3760,-,A,A,nan,False,0.0006945169,0.0006945169,nan,0.0,0.0,0.0,0.0,0.0,0.0,0.0,0.055556
118,2973,3760,A,A,A,nan,False,0.0,0.0,nan,1.0,1.0,1.0,1.0,1.0,1.0,1.0,0.94444
119,2974,3761,-,C,C,nan,False,0.00040150440000000004,0.00040150440000000004,nan,0.0,0.0,0.0,0.0,0.0,0.0,0.0,0.055556
119,2974,3761,C,C,C,nan,False,0.0,0.0,nan,1.0,1.0,1.0,1.0,1.0,1.0,1.0,0.94444
120,2975,3762,-,T,T,nan,False,0.00044590023,0.00044590023,nan,0.0,0.0,0.0,0.0,0.0,0.0,0.0,0.055556
120,2975,3762,T,T,T,nan,False,0.0,0.0,nan,1.0,1.0,1.0,1.0,1.0,1.0,1.0,0.94444
121,2976,3763,-,A,A,nan,False,0.0006945169,0.0006945169,nan,0.0,0.0,0.0,0.0,0.0,0.0,0.0,0.055556
121,2976,3763,A,A,A,nan,False,0.0,0.0,nan,1.0,1.0,1.0,1.0,1.0,1.0,1.0,0.94444
122,2977,3764,-,T,T,nan,False,0.00044590023,0.00044590023,nan,0.0,0.0,0.0,0.0,0.0,0.0,0.0,0.055556
122,2977,3764,T,T,T,nan,False,0.0,0.0,nan,1.0,1.0,1.0,1.0,1.0,1.0,1.0,0.94444
123,2978,3765,-,T,T,nan,False,0.00044590023,0.00044590023,nan,0.0,0.0,0.0,0.0,0.0,0.0,0.0,0.055556
123,2978,3765,T,T,T,nan,False,0.0,0.0,nan,1.0,1.0,1.0,1.0,1.0,1.0,1.0,0.94444
124,2979,3766,-,G,G,nan,False,0.00038374606,0.00038374606,nan,0.0,0.0,0.0,0.0,0.0,0.0,0.0,0.055556
124,2979,3766,G,G,G,nan,False,0.0,0.0,nan,1.0,1.0,1.0,1.0,1.0,1.0,1.0,0.94444
125,2980,3767,-,G,G,nan,False,0.00038374606,0.00038374606,nan,0.0,0.0,0.0,0.0,0.0,0.0,0.0,0.055556
125,2980,3767,G,G,G,nan,False,0.0,0.0,nan,1.0,1.0,1.0,1.0,1.0,1.0,1.0,0.94444
126,2981,3768,-,C,C,nan,False,0.00040150440000000004,0.00040150440000000004,nan,0.0,0.0,0.0,0.0,0.0,0.0,0.0,0.055556
126,2981,3768,C,C,C,nan,False,0.0,0.0,nan,1.0,1.0,1.0,1.0,1.0,1.0,1.0,0.94444
127,2982,3769,-,A,A,nan,False,0.0006945169,0.0006945169,nan,0.0,0.0,0.0,0.0,0.0,0.0,0.0,0.055556
127,2982,3769,A,A,A,nan,False,0.0,0.0,nan,1.0,1.0,1.0,1.0,1.0,1.0,1.0,0.94444
128,2983,3770,-,A,A,nan,False,0.0039948358,0.0039948358,nan,0.0,0.0,0.0,0.0,0.0,0.0,0.0,0.055556
128,2983,3770,A,A,A,nan,False,0.0,0.0,nan,1.0,1.0,1.0,1.0,1.0,1.0,1.0,0.77778
128,2983,3770,G,A,A,nan,False,0.006658746,0.006658746,nan,0.0,0.0,0.0,0.0,0.0,0.0,0.0,0.16667
129,2984,3771,-,G,G,nan,False,0.00038374606,0.00038374606,nan,0.0,0.0,0.0,0.0,0.0,0.0,0.0,0.055556
129,2984,3771,G,G,G,nan,False,0.0,0.0,nan,1.0,1.0,1.0,1.0,1.0,1.0,1.0,0.94444
130,2985,3772,-,C,C,nan,False,0.00040150440000000004,0.00040150440000000004,nan,0.0,0.0,0.0,0.0,0.0,0.0,0.0,0.055556
130,2985,3772,C,C,C,nan,False,0.0,0.0,nan,1.0,1.0,1.0,1.0,1.0,1.0,1.0,0.94444
131,2986,3773,-,C,C,nan,False,0.00040150440000000004,0.00040150440000000004,nan,0.0,0.0,0.0,0.0,0.0,0.0,0.0,0.055556
131,2986,3773,C,C,C,nan,False,0.0,0.0,nan,1.0,1.0,1.0,1.0,1.0,1.0,1.0,0.94444
132,2987,3774,-,A,A,nan,False,0.0006945169,0.0006945169,nan,0.0,0.0,0.0,0.0,0.0,0.0,0.0,0.055556
132,2987,3774,A,A,A,nan,False,0.0,0.0,nan,1.0,1.0,1.0,1.0,1.0,1.0,1.0,0.94444
133,2988,3775,-,C,C,nan,False,0.00040150440000000004,0.00040150440000000004,nan,0.0,0.0,0.0,0.0,0.0,0.0,0.0,0.055556
133,2988,3775,C,C,C,nan,False,0.0,0.0,nan,1.0,1.0,1.0,1.0,1.0,1.0,1.0,0.94444
134,2989,3776,-,C,C,nan,False,0.00040150440000000004,0.00040150440000000004,nan,0.0,0.0,0.0,0.0,0.0,0.0,0.0,0.055556
134,2989,3776,C,C,C,nan,False,0.0,0.0,nan,1.0,1.0,1.0,1.0,1.0,1.0,1.0,0.94444
135,2990,3777,-,T,T,nan,False,0.00044590023,0.00044590023,nan,0.0,0.0,0.0,0.0,0.0,0.0,0.0,0.055556
135,2990,3777,T,T,T,nan,False,0.0,0.0,nan,1.0,1.0,1.0,1.0,1.0,1.0,1.0,0.94444
136,2991,3778,-,G,G,nan,False,0.00038374606,0.00038374606,nan,0.0,0.0,0.0,0.0,0.0,0.0,0.0,0.055556
136,2991,3778,G,G,G,nan,False,0.0,0.0,nan,1.0,1.0,1.0,1.0,1.0,1.0,1.0,0.94444
137,2992,3779,-,G,G,nan,False,0.00036204842,0.00036204842,nan,0.0,0.0,0.0,0.0,0.0,0.0,0.0,0.055556
137,2992,3779,A,G,G,nan,False,-0.00059296148,-0.00059296148,nan,0.0,0.090909,0.0,0.0,0.0,0.0,0.0,0.0
137,2992,3779,G,G,G,nan,False,0.0,0.0,nan,1.0,0.90909,1.0,1.0,1.0,1.0,1.0,0.94444
138,2993,3780,-,A,A,nan,False,0.0006945169,0.0006945169,nan,0.0,0.0,0.0,0.0,0.0,0.0,0.0,0.055556
138,2993,3780,A,A,A,nan,False,0.0,0.0,nan,1.0,1.0,1.0,1.0,1.0,1.0,1.0,0.94444
139,2994,3781,-,T,T,nan,False,0.00044590023,0.00044590023,nan,0.0,0.0,0.0,0.0,0.0,0.0,0.0,0.055556
139,2994,3781,T,T,T,nan,False,0.0,0.0,nan,1.0,1.0,1.0,1.0,1.0,1.0,1.0,0.94444
140,2995,3782,-,T,T,nan,False,0.00044590023,0.00044590023,nan,0.0,0.0,0.0,0.0,0.0,0.0,0.0,0.055556
140,2995,3782,T,T,T,nan,False,0.0,0.0,nan,1.0,1.0,1.0,1.0,1.0,1.0,1.0,0.94444
141,2996,3783,-,C,C,nan,False,0.00040150440000000004,0.00040150440000000004,nan,0.0,0.0,0.0,0.0,0.0,0.0,0.0,0.055556
141,2996,3783,C,C,C,nan,False,0.0,0.0,nan,1.0,1.0,1.0,1.0,1.0,1.0,1.0,0.94444
142,2997,3784,-,C,C,nan,False,0.00040150440000000004,0.00040150440000000004,nan,0.0,0.0,0.0,0.0,0.0,0.0,0.0,0.055556
142,2997,3784,C,C,C,nan,False,0.0,0.0,nan,1.0,1.0,1.0,1.0,1.0,1.0,1.0,0.94444
143,2998,3785,-,T,T,nan,False,0.00044590023,0.00044590023,nan,0.0,0.0,0.0,0.0,0.0,0.0,0.0,0.055556
143,2998,3785,T,T,T,nan,False,0.0,0.0,nan,1.0,1.0,1.0,1.0,1.0,1.0,1.0,0.94444
144,2999,3786,-,G,G,nan,False,0.00038374606,0.00038374606,nan,0.0,0.0,0.0,0.0,0.0,0.0,0.0,0.055556
144,2999,3786,G,G,G,nan,False,0.0,0.0,nan,1.0,1.0,1.0,1.0,1.0,1.0,1.0,0.94444
145,3000,3787,-,A,A,nan,False,0.0006945169,0.0006945169,nan,0.0,0.0,0.0,0.0,0.0,0.0,0.0,0.055556
145,3000,3787,A,A,A,nan,False,0.0,0.0,nan,1.0,1.0,1.0,1.0,1.0,1.0,1.0,0.94444
146,3001,3788,-,A,G,nan,False,0.0006945169,0.0006945169,nan,0.0,0.0,0.0,0.0,0.0,0.0,0.0,0.055556
146,3001,3788,A,A,G,nan,False,0.0,0.0,nan,1.0,1.0,1.0,1.0,1.0,1.0,1.0,0.94444
147,3002,3789,-,T,T,nan,False,0.00044590023,0.00044590023,nan,0.0,0.0,0.0,0.0,0.0,0.0,0.0,0.055556
147,3002,3789,T,T,T,nan,False,0.0,0.0,nan,1.0,1.0,1.0,1.0,1.0,1.0,1.0,0.94444
148,3003,3790,-,G,G,nan,False,0.00038374606,0.00038374606,nan,0.0,0.0,0.0,0.0,0.0,0.0,0.0,0.055556
148,3003,3790,G,G,G,nan,False,0.0,0.0,nan,1.0,1.0,1.0,1.0,1.0,1.0,1.0,0.94444
149,3004,3791,-,G,G,nan,False,0.00038374606,0.00038374606,nan,0.0,0.0,0.0,0.0,0.0,0.0,0.0,0.055556
149,3004,3791,G,G,G,nan,False,0.0,0.0,nan,1.0,1.0,1.0,1.0,1.0,1.0,1.0,0.94444
150,3005,3792,-,G,G,nan,False,0.00036204842,0.00036204842,nan,0.0,0.0,0.0,0.0,0.0,0.0,0.0,0.055556
150,3005,3792,A,G,G,nan,False,-0.00059296148,-0.00059296148,nan,0.0,0.090909,0.0,0.0,0.0,0.0,0.0,0.0
150,3005,3792,G,G,G,nan,False,0.0,0.0,nan,1.0,0.90909,1.0,1.0,1.0,1.0,1.0,0.94444
151,3006,3793,-,A,A,nan,False,0.0006945169,0.0006945169,nan,0.0,0.0,0.0,0.0,0.0,0.0,0.0,0.055556
151,3006,3793,A,A,A,nan,False,0.0,0.0,nan,1.0,1.0,1.0,1.0,1.0,1.0,1.0,0.94444
152,3007,3794,-,A,G,nan,False,-0.0016588292,-0.0016588292,nan,0.0,0.0,0.0,0.0,0.0,0.0,0.0,0.055556
152,3007,3794,A,A,G,nan,False,0.0,0.0,nan,1.0,1.0,1.0,1.0,1.0,1.0,1.0,0.72222
152,3007,3794,G,A,G,nan,False,-0.004648283,-0.004648283,nan,0.0,0.0,0.0,0.0,0.0,0.0,0.0,0.22222
153,3031,3818,A,A,A,nan,False,0.0,0.0,nan,1.0,1.0,1.0,1.0,1.0,1.0,1.0,0.94444
153,3031,3818,G,A,A,nan,False,-0.0008682,-0.0008682,nan,0.0,0.0,0.0,0.0,0.0,0.0,0.0,0.055556
154,3107,3894,A,G,G,nan,False,-0.01449896,-0.01449896,nan,0.125,0.18182,0.0,0.0,0.0,0.0,0.0,0.0
154,3107,3894,G,G,G,nan,False,0.0,0.0,nan,0.875,0.81818,1.0,1.0,1.0,1.0,1.0,1.0
155,3117,3904,A,T,T,nan,False,-0.005536121,-0.005536121,nan,0.0,0.090909,0.0,0.0,0.0,0.0,0.0,0.0
155,3117,3904,T,T,T,nan,False,0.0,0.0,nan,1.0,0.90909,1.0,1.0,1.0,1.0,1.0,1.0
156,3121,3908,G,G,A,nan,False,0.0,0.0,nan,1.0,1.0,1.0,1.0,1.0,1.0,1.0,0.94444
156,3121,3908,T,G,A,nan,False,0.003784122,0.003784122,nan,0.0,0.0,0.0,0.0,0.0,0.0,0.0,0.055556
157,3124,3911,A,A,A,nan,False,0.0,0.0,nan,1.0,1.0,1.0,1.0,1.0,1.0,1.0,0.94444
157,3124,3911,G,A,A,nan,False,-0.00016676303,-0.00016676303,nan,0.0,0.0,0.0,0.0,0.0,0.0,0.0,0.055556
158,3140,3927,A,G,G,nan,False,-0.0010732727,-0.0010732727,nan,0.0,0.090909,0.0,0.0,0.0,0.0,0.0,0.0
158,3140,3927,G,G,G,nan,False,0.0,0.0,nan,1.0,0.90909,1.0,1.0,1.0,1.0,1.0,1.0
159,3142,3929,C,T,C,nan,False,-0.005246120999999999,-0.005246120999999999,nan,0.0,0.090909,0.0,0.0,0.0,0.0,0.0,0.0
159,3142,3929,T,T,C,nan,False,0.0,0.0,nan,1.0,0.90909,1.0,1.0,1.0,1.0,1.0,1.0
160,3160,3947,C,C,T,nan,False,0.0,0.0,nan,0.875,0.72727,0.8,1.0,1.0,0.75,1.0,0.88889
160,3160,3947,T,C,T,nan,False,-0.010317886,-0.010317886,nan,0.125,0.27273,0.2,0.0,0.0,0.25,0.0,0.11111
161,3171,3958,A,C,C,nan,False,0.00025866909,0.00025866909,nan,0.0,0.0,0.0,0.0,0.0,0.0,0.0,0.055556
161,3171,3958,C,C,C,nan,False,0.0,0.0,nan,1.0,1.0,1.0,1.0,1.0,1.0,1.0,0.94444
162,3174,3961,A,A,A,nan,False,0.0,0.0,nan,1.0,1.0,1.0,1.0,1.0,1.0,0.9,1.0
162,3174,3961,G,A,A,nan,False,0.0016466013999999998,0.0016466013999999998,nan,0.0,0.0,0.0,0.0,0.0,0.0,0.1,0.0
163,3256,4043,C,C,C,nan,False,0.0,0.0,nan,1.0,1.0,1.0,1.0,1.0,1.0,1.0,0.94444
163,3256,4043,T,C,C,nan,False,-0.0023515510000000003,-0.0023515510000000003,nan,0.0,0.0,0.0,0.0,0.0,0.0,0.0,0.055556
164,3262,4049,A,G,G,nan,False,0.00410652,0.00410652,nan,0.0,0.0,0.0,0.0,0.0,0.0,0.0,0.11111
164,3262,4049,G,G,G,nan,False,0.0,0.0,nan,1.0,1.0,1.0,1.0,1.0,1.0,1.0,0.88889
165,3277,4064,C,C,C,nan,False,0.0,0.0,nan,1.0,1.0,1.0,1.0,1.0,1.0,0.9,1.0
165,3277,4064,T,C,C,nan,False,0.0052493439999999995,0.0052493439999999995,nan,0.0,0.0,0.0,0.0,0.0,0.0,0.1,0.0
166,3292,4079,A,A,A,nan,False,0.0,0.0,nan,1.0,1.0,1.0,1.0,1.0,1.0,1.0,0.94444
166,3292,4079,C,A,A,nan,False,-0.0010086509000000001,-0.0010086509000000001,nan,0.0,0.0,0.0,0.0,0.0,0.0,0.0,0.055556
167,3298,4085,A,G,G,nan,False,0.004222813000000001,0.004222813000000001,nan,0.0,0.0,0.0,0.0,0.0,0.0,0.0,0.055556
167,3298,4085,G,G,G,nan,False,0.0,0.0,nan,1.0,1.0,1.0,1.0,1.0,1.0,1.0,0.94444
168,3302,4089,A,G,G,nan,False,-0.0010732727,-0.0010732727,nan,0.0,0.090909,0.0,0.0,0.0,0.0,0.0,0.0
168,3302,4089,G,G,G,nan,False,0.0,0.0,nan,1.0,0.90909,1.0,1.0,1.0,1.0,1.0,1.0
169,3393,4180,A,G,G,nan,False,-0.016817498,-0.016817498,nan,0.0625,0.090909,0.0,0.0,0.0,0.0,0.0,0.0
169,3393,4180,G,G,G,nan,False,0.0,0.0,nan,0.9375,0.90909,1.0,1.0,1.0,1.0,1.0,1.0
170,3403,4190,A,A,A,nan,False,0.0,0.0,nan,1.0,1.0,1.0,1.0,1.0,0.875,1.0,1.0
170,3403,4190,G,A,A,nan,False,0.011859523,0.011859523,nan,0.0,0.0,0.0,0.0,0.0,0.125,0.0,0.0
171,3407,4194,A,G,G,nan,False,-0.0010732727,-0.0010732727,nan,0.0,0.090909,0.0,0.0,0.0,0.0,0.0,0.0
171,3407,4194,G,G,G,nan,False,0.0,0.0,nan,1.0,0.90909,1.0,1.0,1.0,1.0,1.0,1.0
172,3437,4224,A,G,G,nan,False,-0.007379626,-0.007379626,nan,0.0,0.0,0.0,0.2,0.0,0.0,0.0,0.0
172,3437,4224,G,G,G,nan,False,0.0,0.0,nan,1.0,1.0,1.0,0.8,1.0,1.0,1.0,1.0
173,3440,4227,C,C,C,nan,False,0.0,0.0,nan,1.0,1.0,1.0,0.8,1.0,1.0,1.0,1.0
173,3440,4227,T,C,C,nan,False,-0.00723938,-0.00723938,nan,0.0,0.0,0.0,0.2,0.0,0.0,0.0,0.0
174,3490,4277,C,C,C,nan,False,0.0,0.0,nan,1.0,1.0,1.0,1.0,1.0,1.0,1.0,0.77778
174,3490,4277,T,C,C,nan,False,-0.00557761,-0.00557761,nan,0.0,0.0,0.0,0.0,0.0,0.0,0.0,0.22222
175,3501,4288,A,G,G,nan,False,-0.008044397,-0.008044397,nan,0.0625,0.0,0.0,0.0,0.0,0.0,0.0,0.0
175,3501,4288,G,G,G,nan,False,0.0,0.0,nan,0.9375,1.0,1.0,1.0,1.0,1.0,1.0,1.0
176,3545,4332,A,G,G,nan,False,-0.0010732727,-0.0010732727,nan,0.0,0.090909,0.0,0.0,0.0,0.0,0.0,0.0
176,3545,4332,G,G,G,nan,False,0.0,0.0,nan,1.0,0.90909,1.0,1.0,1.0,1.0,1.0,1.0
177,3563,4350,A,G,G,nan,False,-0.0010732727,-0.0010732727,nan,0.0,0.090909,0.0,0.0,0.0,0.0,0.0,0.0
177,3563,4350,G,G,G,nan,False,0.0,0.0,nan,1.0,0.90909,1.0,1.0,1.0,1.0,1.0,1.0
178,3584,4371,A,G,G,nan,False,-0.00416062,-0.00416062,nan,0.0,0.18182,0.0,0.0,0.0,0.0,0.0,0.0
178,3584,4371,G,G,G,nan,False,0.0,0.0,nan,1.0,0.81818,1.0,1.0,1.0,1.0,1.0,1.0
179,3622,4409,A,C,A,nan,False,0.04027846,0.04027846,nan,0.0,0.0,0.0,0.0,0.0,0.0,0.8,0.27778
179,3622,4409,C,C,A,nan,False,0.0,0.0,nan,1.0,1.0,1.0,1.0,1.0,1.0,0.2,0.72222
180,3639,4426,C,C,C,nan,False,0.0,0.0,nan,1.0,1.0,1.0,1.0,1.0,1.0,1.0,0.94444
180,3639,4426,T,C,C,nan,False,-0.0023515510000000003,-0.0023515510000000003,nan,0.0,0.0,0.0,0.0,0.0,0.0,0.0,0.055556
181,3657,4444,C,T,T,nan,False,-0.0012379784,-0.0012379784,nan,0.0,0.0,0.0,0.0,0.0,0.0,0.0,0.055556
181,3657,4444,T,T,T,nan,False,0.0,0.0,nan,1.0,1.0,1.0,1.0,1.0,1.0,1.0,0.94444
182,3724,4511,-,A,A,nan,False,-0.0007681897999999999,-0.0007681897999999999,nan,0.0,0.090909,0.0,0.0,0.0,0.0,0.0,0.0
182,3724,4511,A,A,A,nan,False,0.0,0.0,nan,1.0,0.90909,1.0,1.0,1.0,1.0,1.0,1.0
183,3779,4566,A,A,A,nan,False,0.0,0.0,nan,1.0,1.0,1.0,1.0,1.0,1.0,1.0,0.94444
183,3779,4566,C,A,A,nan,False,-0.0007242464,-0.0007242464,nan,0.0,0.0,0.0,0.0,0.0,0.0,0.0,0.055556
184,3799,4586,C,T,T,nan,False,0.003407577,0.003407577,nan,0.0,0.0,0.0,0.0,0.0,0.0,0.0,0.055556
184,3799,4586,T,T,T,nan,False,0.0,0.0,nan,1.0,1.0,1.0,1.0,1.0,1.0,1.0,0.94444
185,3815,4602,A,G,G,nan,False,0.004883707,0.004883707,nan,0.0,0.0,0.0,0.0,0.0,0.0,0.0,0.055556
185,3815,4602,G,G,G,nan,False,0.0,0.0,nan,1.0,1.0,1.0,1.0,1.0,1.0,1.0,0.94444
186,3854,4641,A,G,G,nan,False,-0.0019171846,-0.0019171846,nan,0.0,0.0,0.1,0.0,0.0,0.0,0.0,0.0
186,3854,4641,G,G,G,nan,False,0.0,0.0,nan,1.0,1.0,0.9,1.0,1.0,1.0,1.0,1.0
187,3863,4650,A,A,A,nan,False,0.0,0.0,nan,1.0,1.0,1.0,1.0,0.93333,1.0,1.0,1.0
187,3863,4650,G,A,A,nan,False,-0.002889539,-0.002889539,nan,0.0,0.0,0.0,0.0,0.066667,0.0,0.0,0.0
188,3904,4691,A,G,G,nan,False,-0.0010732727,-0.0010732727,nan,0.0,0.090909,0.0,0.0,0.0,0.0,0.0,0.0
188,3904,4691,G,G,G,nan,False,0.0,0.0,nan,1.0,0.90909,1.0,1.0,1.0,1.0,1.0,1.0
189,3911,4698,A,G,G,nan,False,-0.0010732727,-0.0010732727,nan,0.0,0.090909,0.0,0.0,0.0,0.0,0.0,0.0
189,3911,4698,G,G,G,nan,False,0.0,0.0,nan,1.0,0.90909,1.0,1.0,1.0,1.0,1.0,1.0
190,3919,4706,A,G,G,nan,False,-0.0010732727,-0.0010732727,nan,0.0,0.090909,0.0,0.0,0.0,0.0,0.0,0.0
190,3919,4706,G,G,G,nan,False,0.0,0.0,nan,1.0,0.90909,1.0,1.0,1.0,1.0,1.0,1.0
191,3925,4712,A,C,C,nan,False,0.009100423,0.009100423,nan,0.0,0.0,0.0,0.0,0.0,0.0,0.0,0.055556
191,3925,4712,C,C,C,nan,False,0.0,0.0,nan,1.0,1.0,1.0,1.0,1.0,1.0,1.0,0.88889
191,3925,4712,T,C,C,nan,False,0.008445772,0.008445772,nan,0.0,0.0,0.0,0.0,0.0,0.0,0.0,0.055556
192,4036,4823,A,G,A,nan,False,-0.002495173,-0.002495173,nan,0.0,0.0,0.0,0.0,0.0,0.0,0.0,0.055556
192,4036,4823,G,G,A,nan,False,0.0,0.0,nan,1.0,1.0,1.0,1.0,1.0,1.0,1.0,0.94444
193,4052,4839,A,A,A,nan,False,0.0,0.0,nan,1.0,1.0,1.0,1.0,0.93333,1.0,1.0,1.0
193,4052,4839,G,A,A,nan,False,0.0013897275,0.0013897275,nan,0.0,0.0,0.0,0.0,0.066667,0.0,0.0,0.0
194,4084,4871,A,A,A,nan,False,0.0,0.0,nan,1.0,1.0,1.0,1.0,1.0,1.0,1.0,0.94444
194,4084,4871,G,A,A,nan,False,0.0037773549999999996,0.0037773549999999996,nan,0.0,0.0,0.0,0.0,0.0,0.0,0.0,0.055556
195,4103,4890,A,C,C,nan,False,-0.003160212,-0.003160212,nan,0.0,0.0,0.0,0.0,0.066667,0.0,0.0,0.0
195,4103,4890,C,C,C,nan,False,0.0,0.0,nan,1.0,1.0,1.0,1.0,0.93333,1.0,1.0,1.0
196,4127,4914,A,G,G,nan,False,-0.016284816,-0.016284816,nan,0.0625,0.0,0.0,0.0,0.0,0.0,0.0,0.0
196,4127,4914,G,G,G,nan,False,0.0,0.0,nan,0.9375,1.0,1.0,1.0,1.0,1.0,1.0,1.0
197,4187,4974,A,G,G,nan,False,0.001031915,0.001031915,nan,0.0,0.0,0.0,0.0,0.0,0.0,0.1,0.0
197,4187,4974,G,G,G,nan,False,0.0,0.0,nan,1.0,1.0,1.0,1.0,1.0,1.0,0.9,1.0
198,4203,4990,A,A,A,nan,False,0.0,0.0,nan,1.0,1.0,1.0,1.0,1.0,1.0,1.0,0.94444
198,4203,4990,G,A,A,nan,False,-0.001020934,-0.001020934,nan,0.0,0.0,0.0,0.0,0.0,0.0,0.0,0.055556
199,4207,4994,C,T,T,nan,False,0.0014472174,0.0014472174,nan,0.0,0.0,0.0,0.0,0.0,0.0,0.0,0.055556
199,4207,4994,T,T,T,nan,False,0.0,0.0,nan,1.0,1.0,1.0,1.0,1.0,1.0,1.0,0.94444
200,4233,5020,-,A,A,nan,False,-0.014585798,-0.014585798,nan,0.0625,0.0,0.0,0.0,0.0,0.0,0.0,0.0
200,4233,5020,A,A,A,nan,False,0.0,0.0,nan,0.9375,1.0,1.0,1.0,1.0,1.0,1.0,1.0
201,4234,5021,A,A,A,nan,False,0.0,0.0,nan,0.9375,1.0,1.0,1.0,1.0,1.0,1.0,1.0
201,4234,5021,G,A,A,nan,False,-0.014765964999999999,-0.014765964999999999,nan,0.0625,0.0,0.0,0.0,0.0,0.0,0.0,0.0
202,4240,5027,-,A,A,nan,False,0.011674338999999999,0.011674338999999999,nan,0.0,0.090909,0.0,0.0,0.0,0.0,0.0,0.0
202,4240,5027,A,A,A,nan,False,0.0,0.0,nan,1.0,0.90909,1.0,1.0,1.0,1.0,1.0,1.0
203,4241,5028,-,A,A,nan,False,0.011674338999999999,0.011674338999999999,nan,0.0,0.090909,0.0,0.0,0.0,0.0,0.0,0.0
203,4241,5028,A,A,A,nan,False,0.0,0.0,nan,1.0,0.90909,1.0,1.0,1.0,1.0,1.0,1.0
204,4242,5029,-,T,T,nan,False,0.004526197,0.004526197,nan,0.0625,0.090909,0.0,0.0,0.0,0.0,0.0,0.0
204,4242,5029,T,T,T,nan,False,0.0,0.0,nan,0.9375,0.90909,1.0,1.0,1.0,1.0,1.0,1.0
205,4243,5030,-,C,C,nan,False,0.004481016,0.004481016,nan,0.0625,0.090909,0.0,0.0,0.0,0.0,0.0,0.0
205,4243,5030,C,C,C,nan,False,0.0,0.0,nan,0.9375,0.90909,1.0,1.0,1.0,1.0,1.0,1.0
206,4244,5031,-,A,A,nan,False,-0.009142118000000001,-0.009142118000000001,nan,0.1875,0.090909,0.0,0.0,0.0,0.0,0.0,0.0
206,4244,5031,A,A,A,nan,False,0.0,0.0,nan,0.8125,0.90909,1.0,1.0,1.0,1.0,1.0,1.0
207,4245,5032,-,T,T,nan,False,-0.02382761,-0.02382761,nan,0.3125,0.090909,0.0,0.0,0.0,0.0,0.0,0.0
207,4245,5032,T,T,T,nan,False,0.0,0.0,nan,0.6875,0.90909,1.0,1.0,1.0,1.0,1.0,1.0
208,4246,5033,-,-,T,nan,False,0.0,0.0,nan,0.5,0.18182,0.0,0.0,0.0,0.0,0.0,0.0
208,4246,5033,T,-,T,nan,False,0.03461409,0.03461409,nan,0.5,0.81818,1.0,1.0,1.0,1.0,1.0,1.0
209,4247,5034,-,-,A,nan,False,0.0,0.0,nan,0.5,0.18182,0.0,0.0,0.0,0.0,0.0,0.0
209,4247,5034,A,-,A,nan,False,0.03436301,0.03436301,nan,0.5,0.81818,1.0,1.0,1.0,1.0,1.0,1.0
210,4248,5035,-,-,A,nan,False,0.0,0.0,nan,0.5,0.18182,0.0,0.2,0.0,0.0,0.0,0.0
210,4248,5035,A,-,A,nan,False,0.014898989000000001,0.014898989000000001,nan,0.5,0.81818,1.0,0.8,1.0,1.0,1.0,1.0
211,4249,5036,-,-,G,nan,False,0.0,0.0,nan,0.5,0.18182,0.0,0.2,0.0,0.0,0.0,0.0
211,4249,5036,G,-,G,nan,False,0.015211058,0.015211058,nan,0.5,0.81818,1.0,0.8,1.0,1.0,1.0,1.0
212,4250,5037,-,-,G,nan,False,0.0,0.0,nan,0.5,0.18182,0.0,0.2,0.0,0.0,0.0,0.0
212,4250,5037,G,-,G,nan,False,0.015211058,0.015211058,nan,0.5,0.81818,1.0,0.8,1.0,1.0,1.0,1.0
213,4251,5038,-,-,A,nan,False,0.0,0.0,nan,0.5,0.18182,0.0,0.2,0.0,0.0,0.0,0.0
213,4251,5038,A,-,A,nan,False,0.014898989000000001,0.014898989000000001,nan,0.5,0.81818,1.0,0.8,1.0,1.0,1.0,1.0
214,4252,5039,-,-,C,nan,False,0.0,0.0,nan,0.5,0.18182,0.0,0.2,0.0,0.0,0.0,0.0
214,4252,5039,C,-,C,nan,False,0.015193226,0.015193226,nan,0.5,0.81818,1.0,0.8,1.0,1.0,1.0,1.0
215,4253,5040,-,-,T,nan,False,0.0,0.0,nan,0.5,0.18182,0.0,0.2,0.0,0.0,0.0,0.0
215,4253,5040,T,-,T,nan,False,0.015148644,0.015148644,nan,0.5,0.81818,1.0,0.8,1.0,1.0,1.0,1.0
