mask_polymorphic_index,mask_nucleotide,target_polymorphic_index,target_nucleotide,effect,distance
0,G,0,G,0,0
0,G,1,C,-9.25899999999931e-06,212
0,G,1,T,-2.933999999999576e-06,212
0,G,2,A,-3.0108719999999986e-05,256
0,G,3,A,-5.716599999999912e-05,346
0,G,4,A,3.797000000000175e-05,512
0,G,5,A,-4.654020000000001e-05,516
0,G,6,G,-7.797199999999994e-06,631
0,G,7,A,-7.689599999999991e-05,643
0,G,8,T,-3.098284000000004e-05,1051
0,G,9,A,-3.3094000000000005e-05,1076
0,G,10,G,-4.465999999999845e-06,1081
0,G,11,A,1.4394000000000039e-05,1220
0,G,12,-,-1.0035799999999983e-05,1520
0,G,13,-,-1.0035799999999983e-05,1521
0,G,14,-,-1.0035799999999983e-05,1522
0,G,15,-,-1.0266400000000014e-05,1523
0,G,16,-,-1.0266400000000014e-05,1524
0,G,17,-,-1.0074100000000033e-05,1525
0,G,18,-,-1.0074100000000033e-05,1526
0,G,19,-,-1.0266400000000014e-05,1527
0,G,20,-,-1.0266400000000014e-05,1528
0,G,21,-,-1.0074100000000033e-05,1529
0,G,22,-,-1.0557600000000002e-05,1530
0,G,23,T,-1.0349499999999946e-05,1596
0,G,24,A,-3.8464000000000206e-05,1603
0,G,25,G,-3.816199999999957e-05,1604
0,G,26,T,0.00014282999999999657,1618
0,G,27,G,1.4443999999999742e-05,1623
0,G,28,C,-2.642899999999969e-05,1642
0,G,29,G,-4.535960000000001e-05,1687
0,G,30,A,1.5901000000000456e-05,1790
0,G,31,A,2.0959000000000082e-05,1858
0,G,32,T,-3.068700000000016e-05,1911
0,G,33,C,-2.6232000000000165e-05,2010
0,G,34,C,-9.999499999999964e-06,2097
0,G,35,A,1.4394000000000039e-05,2280
0,G,36,C,-3.3307999999999255e-05,2352
0,G,37,G,2.6047000000001264e-05,2430
0,G,38,G,-7.725000000000093e-06,2512
0,G,39,C,1.611799999999986e-05,2556
0,G,40,A,-2.6449000000000004e-05,2620
0,G,41,G,-5.841500000000003e-05,2835
0,G,42,G,1.9924000000001024e-05,2958
0,G,43,T,3.049000000000454e-05,3014
0,G,44,G,0.00023286299999999982,3097
0,G,45,C,-3.06328e-05,3424
0,G,46,G,-1.0425400000000132e-05,3543
0,G,47,A,-3.0108719999999986e-05,3673
1,C,0,G,4.4951000000000105e-05,212
1,C,1,C,0,0
1,C,1,T,0,0
1,C,2,A,-2.2750999999999945e-06,44
1,C,3,A,0.0005692460000000007,134
1,C,4,A,-0.0011972379999999998,300
1,C,5,A,-0.003477305,304
1,C,6,G,1.4713999999999873e-05,419
1,C,7,A,9.644700000000037e-05,431
1,C,8,T,-3.149230000000009e-06,839
1,C,9,A,0.0003338040000000009,864
1,C,10,G,-0.0005551900000000001,869
1,C,11,A,-0.001824665,1008
1,C,12,-,2.0621500000000026e-05,1308
1,C,13,-,2.0621500000000026e-05,1309
1,C,14,-,2.0621500000000026e-05,1310
1,C,15,-,2.039100000000003e-05,1311
1,C,16,-,2.039100000000003e-05,1312
1,C,17,-,2.058330000000001e-05,1313
1,C,18,-,2.058330000000001e-05,1314
1,C,19,-,2.039100000000003e-05,1315
1,C,20,-,2.039100000000003e-05,1316
1,C,21,-,2.058330000000001e-05,1317
1,C,22,-,2.009980000000004e-05,1318
1,C,23,T,2.0307800000000063e-05,1384
1,C,24,A,0.0001187180000000003,1391
1,C,25,G,0.00011901899999999972,1392
1,C,26,T,-0.0003071300000000027,1406
1,C,27,G,-0.001824615,1411
1,C,28,C,5.9499000000000184e-05,1430
1,C,29,G,-4.298100000000053e-06,1475
1,C,30,A,-0.0002459990000000002,1578
1,C,31,A,-0.002590157,1646
1,C,32,T,6.310699999999975e-05,1699
1,C,33,C,5.969599999999971e-05,1798
1,C,34,C,2.0657799999999828e-05,1885
1,C,35,A,-0.001824665,2068
1,C,36,C,0.00033358999999999993,2140
1,C,37,G,-0.0003965369999999989,2218
1,C,38,G,-0.004673689999999998,2300
1,C,39,C,-0.0002457829999999994,2344
1,C,40,A,5.948100000000012e-05,2408
1,C,41,G,0.00013295300000000076,2623
1,C,42,G,-0.0023998019999999995,2746
1,C,43,T,0.0003150800000000023,2802
1,C,44,G,0.0001157639999999991,2885
1,C,45,C,-2.7991799999999836e-06,3212
1,C,46,G,2.023199999999991e-05,3331
1,C,47,A,-2.2750999999999945e-06,3461
1,T,0,G,1.2145000000000298e-05,212
1,T,1,C,0,0
1,T,1,T,0,0
1,T,2,A,1.9580799999999892e-06,44
1,T,3,A,0.000569267,134
1,T,4,A,-0.004838280000000004,300
1,T,5,A,-0.0007423268,304
1,T,6,G,3.0490299999999873e-05,419
1,T,7,A,0.00014926100000000036,431
1,T,8,T,1.0839599999999889e-06,839
1,T,9,A,0.00033381700000000014,864
1,T,10,G,-0.0011447410000000003,869
1,T,11,A,0.001092277,1008
1,T,12,-,1.3013400000000007e-05,1308
1,T,13,-,1.3013400000000007e-05,1309
1,T,14,-,1.3013400000000007e-05,1310
1,T,15,-,1.2782800000000084e-05,1311
1,T,16,-,1.2782800000000084e-05,1312
1,T,17,-,1.297519999999999e-05,1313
1,T,18,-,1.297519999999999e-05,1314
1,T,19,-,1.2782800000000084e-05,1315
1,T,20,-,1.2782800000000084e-05,1316
1,T,21,-,1.297519999999999e-05,1317
1,T,22,-,1.2491700000000021e-05,1318
1,T,23,T,1.269979999999997e-05,1384
1,T,24,A,0.00017405200000000093,1391
1,T,25,G,0.00017435399999999983,1392
1,T,26,T,-6.062999999999902e-05,1406
1,T,27,G,0.0010923270000000006,1411
1,T,28,C,-0.0006919209999999999,1430
1,T,29,G,1.946799999999959e-06,1475
1,T,30,A,-0.0014135750000000002,1578
1,T,31,A,0.00289164751,1646
1,T,32,T,3.983099999999972e-05,1699
1,T,33,C,-0.0006917240000000003,1798
1,T,34,C,1.3049799999999951e-05,1885
1,T,35,A,0.001092277,2068
1,T,36,C,0.00033360200000000055,2140
1,T,37,G,-0.0022804509999999993,2218
1,T,38,G,-0.005579770000000001,2300
1,T,39,C,-0.0014133589999999994,2344
1,T,40,A,-0.0006919389999999999,2408
1,T,41,G,-0.0015404999999999993,2623
1,T,42,G,-0.0007464429999999994,2746
1,T,43,T,0.0004788600000000011,2802
1,T,44,G,0.0001759299999999995,2885
1,T,45,C,1.4340000000000273e-06,3212
1,T,46,G,1.26239e-05,3331
1,T,47,A,1.9580799999999892e-06,3461
2,A,0,G,1.3290000000000003e-06,256
2,A,1,C,-2.2099999999990183e-07,44
2,A,1,T,-1.4299999999932422e-07,44
2,A,2,A,0,0
2,A,3,A,-5.019999999994473e-07,90
2,A,4,A,-1.0400000000077014e-07,256
2,A,5,A,-5.81020000000015e-07,260
2,A,6,G,7.596000000001206e-07,375
2,A,7,A,2.427000000000158e-06,387
2,A,8,T,-1.4619470000000023e-05,795
2,A,9,A,9.500000000030318e-08,820
2,A,10,G,6.299999999979933e-08,825
2,A,11,A,-3.8500000000031565e-07,964
2,A,12,-,1.4839999999997303e-07,1264
2,A,13,-,1.4839999999997303e-07,1265
2,A,14,-,1.4839999999997303e-07,1266
2,A,15,-,-8.219999999994985e-08,1267
2,A,16,-,-8.219999999994985e-08,1268
2,A,17,-,1.1019999999995703e-07,1269
2,A,18,-,1.1019999999995703e-07,1270
2,A,19,-,-8.219999999994985e-08,1271
2,A,20,-,-8.219999999994985e-08,1272
2,A,21,-,1.1019999999995703e-07,1273
2,A,22,-,-3.7340000000004626e-07,1274
2,A,23,T,-1.6519999999995566e-07,1340
2,A,24,A,9.900000000010595e-07,1347
2,A,25,G,1.2910000000004862e-06,1348
2,A,26,T,1.7000000000072513e-07,1362
2,A,27,G,-3.349999999997452e-07,1367
2,A,28,C,-1.8299999999995403e-07,1386
2,A,29,G,7.59799999999972e-07,1431
2,A,30,A,-3.9899999999988556e-07,1534
2,A,31,A,-3.200000000007017e-08,1602
2,A,32,T,4.7099999999971817e-07,1655
2,A,33,C,1.4000000000003593e-08,1754
2,A,34,C,1.8480000000002574e-07,1841
2,A,35,A,-3.8500000000031565e-07,2024
2,A,36,C,-1.1999999999928734e-07,2096
2,A,37,G,-2.5499999999935297e-07,2174
2,A,38,G,1.5899999999957615e-07,2256
2,A,39,C,-1.8400000000029504e-07,2300
2,A,40,A,-2.0199999999992793e-07,2364
2,A,41,G,3.7000000000474154e-08,2579
2,A,42,G,4.930000000007151e-07,2702
2,A,43,T,1.8000000000240046e-07,2758
2,A,44,G,-4.2510000000002546e-06,2841
2,A,45,C,-1.4269529999999964e-05,3168
2,A,46,G,-2.41100000000034e-07,3287
2,A,47,A,-1.3745380000000011e-05,3417
3,A,0,G,0.00028120900000000015,346
3,A,1,C,0.0006176100000000011,134
3,A,1,T,0.0005514950000000008,134
3,A,2,A,-9.344660000000016e-06,90
3,A,3,A,0,0
3,A,4,A,-0.00011084000000000094,166
3,A,5,A,0.0008898004,170
3,A,6,G,3.97920999999999e-05,285
3,A,7,A,0.0001514009999999998,297
3,A,8,T,-1.0218810000000005e-05,705
3,A,9,A,0.0011722480000000003,730
3,A,10,G,0.00017140999999999988,735
3,A,11,A,-0.0001440210000000007,874
3,A,12,-,0.00010945059999999996,1174
3,A,13,-,0.00010945059999999996,1175
3,A,14,-,0.00010945059999999996,1176
3,A,15,-,0.00010922000000000015,1177
3,A,16,-,0.00010922000000000015,1178
3,A,17,-,0.00010941230000000002,1179
3,A,18,-,0.00010941230000000002,1180
3,A,19,-,0.00010922000000000015,1181
3,A,20,-,0.00010922000000000015,1182
3,A,21,-,0.00010941230000000002,1183
3,A,22,-,0.00010892880000000005,1184
3,A,23,T,0.0001091369,1250
3,A,24,A,0.00019640800000000035,1257
3,A,25,G,0.00019670999999999925,1258
3,A,26,T,-0.0018643500000000007,1272
3,A,27,G,-0.00014397200000000002,1277
3,A,28,C,0.0003880629999999997,1296
3,A,29,G,-1.4727500000000031e-05,1341
3,A,30,A,-0.0001083309999999997,1444
3,A,31,A,-0.00029076100000000006,1512
3,A,32,T,0.00033487100000000004,1565
3,A,33,C,0.00038825999999999965,1664
3,A,34,C,0.00010948689999999998,1751
3,A,35,A,-0.0001440210000000007,1934
3,A,36,C,0.0011720330000000003,2006
3,A,37,G,-0.00017440699999999795,2084
3,A,38,G,0.000779804999999998,2166
3,A,39,C,-0.00010811500000000064,2210
3,A,40,A,0.0003880449999999992,2274
3,A,41,G,0.0008646830000000006,2489
3,A,42,G,-4.703399999999962e-05,2612
3,A,43,T,0.0006207700000000031,2668
3,A,44,G,0.0003399049999999997,2751
3,A,45,C,-9.868769999999967e-06,3078
3,A,46,G,0.00010906100000000003,3197
3,A,47,A,-9.344660000000016e-06,3327
4,A,0,G,-0.00026053299999999986,512
4,A,1,C,-0.002335363,300
4,A,1,T,-0.006099183999999999,300
4,A,2,A,3.3249740000000004e-05,256
4,A,3,A,-0.00015280799999999907,166
4,A,4,A,0,0
4,A,5,A,0.004402815,4
4,A,6,G,0.00011628129999999987,119
4,A,7,A,0.0003752260000000002,131
4,A,8,T,3.237558999999999e-05,539
4,A,9,A,-8.91119999999997e-05,564
4,A,10,G,-0.005345214,569
4,A,11,A,-0.0008623589999999996,708
4,A,12,-,-6.316139999999997e-05,1008
4,A,13,-,-6.316139999999997e-05,1009
4,A,14,-,-6.316139999999997e-05,1010
4,A,15,-,-6.3392e-05,1011
4,A,16,-,-6.3392e-05,1012
4,A,17,-,-6.319959999999999e-05,1013
4,A,18,-,-6.319959999999999e-05,1014
4,A,19,-,-6.3392e-05,1015
4,A,20,-,-6.3392e-05,1016
4,A,21,-,-6.319959999999999e-05,1017
4,A,22,-,-6.368310000000007e-05,1018
4,A,23,T,-6.347500000000001e-05,1084
4,A,24,A,0.00038770000000000124,1091
4,A,25,G,0.00038800200000000014,1092
4,A,26,T,0.0019520700000000002,1106
4,A,27,G,-0.0008623089999999995,1111
4,A,28,C,-0.00036297299999999994,1130
4,A,29,G,4.810980000000001e-05,1175
4,A,30,A,-0.0017914330000000003,1278
4,A,31,A,-0.0025889520000000003,1346
4,A,32,T,-0.00019321900000000012,1399
4,A,33,C,-0.000362776,1498
4,A,34,C,-6.312500000000003e-05,1585
4,A,35,A,-0.0008623589999999996,1768
4,A,36,C,-8.932799999999963e-05,1840
4,A,37,G,-0.0028901349999999985,1918
4,A,38,G,-0.00562263,2000
4,A,39,C,-0.0017912169999999995,2044
4,A,40,A,-0.0003629929999999998,2108
4,A,41,G,-0.0008079159999999997,2323
4,A,42,G,0.0010913299999999997,2446
4,A,43,T,0.0011576899999999994,2502
4,A,44,G,0.0004260819999999995,2585
4,A,45,C,3.272563e-05,2912
4,A,46,G,-6.355090000000009e-05,3031
4,A,47,A,3.3249740000000004e-05,3161
5,A,0,G,2.469000000000169e-06,516
5,A,1,C,-3.2852999999999355e-05,304
5,A,1,T,-8.73099999999967e-06,304
5,A,2,A,1.8138000000000334e-07,260
5,A,3,A,7.932000000000425e-06,170
5,A,4,A,2.9777999999997667e-05,4
5,A,5,A,0,0
5,A,6,G,-9.100000000002335e-08,115
5,A,7,A,-7.079999999994382e-07,127
5,A,8,T,-6.926900000000071e-07,535
5,A,9,A,5.035000000000456e-06,560
5,A,10,G,2.5681999999999962e-05,565
5,A,11,A,3.629999999997524e-07,704
5,A,12,-,7.120000000000433e-07,1004
5,A,13,-,7.120000000000433e-07,1005
5,A,14,-,7.120000000000433e-07,1006
5,A,15,-,4.81400000000012e-07,1007
5,A,16,-,4.81400000000012e-07,1008
5,A,17,-,6.738000000000273e-07,1009
5,A,18,-,6.738000000000273e-07,1010
5,A,19,-,4.81400000000012e-07,1011
5,A,20,-,4.81400000000012e-07,1012
5,A,21,-,6.738000000000273e-07,1013
5,A,22,-,1.9030000000005813e-07,1014
5,A,23,T,3.9840000000011463e-07,1080
5,A,24,A,-1.0319999999997692e-06,1087
5,A,25,G,-7.300000000008688e-07,1088
5,A,26,T,-1.6090000000003324e-05,1102
5,A,27,G,4.1300000000032283e-07,1107
5,A,28,C,-1.581000000000065e-06,1126
5,A,29,G,-6.742000000000553e-07,1171
5,A,30,A,1.2309999999991078e-06,1274
5,A,31,A,1.87989999999999e-05,1342
5,A,32,T,2.1949999999999747e-06,1395
5,A,33,C,-1.3840000000001074e-06,1494
5,A,34,C,7.483999999998792e-07,1581
5,A,35,A,3.629999999997524e-07,1764
5,A,36,C,4.820000000000865e-06,1836
5,A,37,G,2.376000000000114e-06,1914
5,A,38,G,-2.7320000000000816e-05,1996
5,A,39,C,1.4480000000002477e-06,2040
5,A,40,A,-1.6009999999999462e-06,2104
5,A,41,G,-3.0769999999997674e-06,2319
5,A,42,G,-2.7483999999999495e-05,2442
5,A,43,T,-3.2100000000000184e-06,2498
5,A,44,G,-5.690000000006107e-07,2581
5,A,45,C,-3.427500000000028e-07,2908
5,A,46,G,3.224999999999279e-07,3027
5,A,47,A,1.8138000000000334e-07,3157
6,G,0,G,4.801000000000024e-06,631
6,G,1,C,1.6920000000010538e-06,419
6,G,1,T,2.933000000001837e-06,419
6,G,2,A,6.098579999999995e-06,375
6,G,3,A,3.900000000001125e-06,285
6,G,4,A,8.998999999999119e-06,119
6,G,5,A,-6.3575099999999885e-06,115
6,G,6,G,0,0
6,G,7,A,-4.5099999999940327e-07,12
6,G,8,T,5.224509999999984e-06,420
6,G,9,A,2.6740000000002526e-06,445
6,G,10,G,6.999999999958428e-08,450
6,G,11,A,2.4549999999997317e-06,589
6,G,12,-,4.515200000000034e-06,889
6,G,13,-,4.515200000000034e-06,890
6,G,14,-,4.515200000000034e-06,891
6,G,15,-,4.284600000000003e-06,892
6,G,16,-,4.284600000000003e-06,893
6,G,17,-,4.477000000000018e-06,894
6,G,18,-,4.477000000000018e-06,895
6,G,19,-,4.284600000000003e-06,896
6,G,20,-,4.284600000000003e-06,897
6,G,21,-,4.477000000000018e-06,898
6,G,22,-,3.993400000000015e-06,899
6,G,23,T,4.2015000000000715e-06,965
6,G,24,A,-1.109899999999879e-05,972
6,G,25,G,-1.0797999999999364e-05,973
6,G,26,T,2.428999999999626e-05,987
6,G,27,G,2.505000000000736e-06,992
6,G,28,C,-4.310999999999898e-06,1011
6,G,29,G,8.05510000000001e-06,1056
6,G,30,A,3.081000000000264e-06,1159
6,G,31,A,3.4049999999997277e-06,1227
6,G,32,T,1.383099999999974e-05,1280
6,G,33,C,-4.113000000000467e-06,1379
6,G,34,C,4.551500000000053e-06,1466
6,G,35,A,2.4549999999997317e-06,1649
6,G,36,C,2.458000000000321e-06,1721
6,G,37,G,5.360000000001128e-06,1799
6,G,38,G,3.4850000000009873e-06,1881
6,G,39,C,3.2969999999993282e-06,1925
6,G,40,A,-4.328999999999965e-06,1989
6,G,41,G,-9.152999999999592e-06,2204
6,G,42,G,5.200999999999817e-06,2327
6,G,43,T,3.39900000000011e-05,2383
6,G,44,G,5.8156999999999653e-05,2466
6,G,45,C,5.574449999999989e-06,2793
6,G,46,G,4.125599999999885e-06,2912
6,G,47,A,6.098579999999995e-06,3042
7,A,0,G,0.00020558499999999988,643
7,A,1,C,5.890600000000093e-05,431
7,A,1,T,7.532500000000109e-05,431
7,A,2,A,0.00017368132,387
7,A,3,A,8.074000000000102e-05,297
7,A,4,A,0.0001459000000000009,131
7,A,5,A,-5.685473000000002e-05,127
7,A,6,G,-3.14940000000017e-06,12
7,A,7,A,0,0
7,A,8,T,0.0001728072,408
7,A,9,A,4.7680000000000465e-05,433
7,A,10,G,7.773999999999889e-06,438
7,A,11,A,4.032899999999997e-05,577
7,A,12,-,-1.755859999999997e-05,877
7,A,13,-,-1.755859999999997e-05,878
7,A,14,-,-1.755859999999997e-05,879
7,A,15,-,-1.7789199999999894e-05,880
7,A,16,-,-1.7789199999999894e-05,881
7,A,17,-,-1.7596799999999987e-05,882
7,A,18,-,-1.7596799999999987e-05,883
7,A,19,-,-1.7789199999999894e-05,884
7,A,20,-,-1.7789199999999894e-05,885
7,A,21,-,-1.7596799999999987e-05,886
7,A,22,-,-1.8080299999999956e-05,887
7,A,23,T,-1.7872200000000008e-05,953
7,A,24,A,-0.0023376879999999992,960
7,A,25,G,-0.0023373860000000003,961
7,A,26,T,0.0003174499999999969,975
7,A,27,G,4.038000000000045e-05,980
7,A,28,C,-5.1378999999999835e-05,999
7,A,29,G,0.0002552811,1044
7,A,30,A,5.2514999999999507e-05,1147
7,A,31,A,4.4052000000000154e-05,1215
7,A,32,T,-5.370100000000018e-05,1268
7,A,33,C,-5.118300000000022e-05,1367
7,A,34,C,-1.7522200000000027e-05,1454
7,A,35,A,4.032899999999997e-05,1637
7,A,36,C,4.7464000000000534e-05,1709
7,A,37,G,8.512299999999945e-05,1787
7,A,38,G,8.988899999999925e-05,1869
7,A,39,C,5.2731000000000305e-05,1913
7,A,40,A,-5.139900000000015e-05,1977
7,A,41,G,-0.00011398099999999998,2192
7,A,42,G,7.64300000000006e-05,2315
7,A,43,T,0.0002589900000000041,2371
7,A,44,G,-0.0016355929999999994,2454
7,A,45,C,0.000173157202,2781
7,A,46,G,-1.7948099999999978e-05,2900
7,A,47,A,0.00017368132,3030
8,T,0,G,1.925000000000277e-06,1051
8,T,1,C,-2.3099999999984244e-07,839
8,T,1,T,-1.389999999979602e-07,839
8,T,2,A,-2.2140820000000005e-05,795
8,T,3,A,-5.400000000002625e-07,705
8,T,4,A,-9.999999998205888e-09,539
8,T,5,A,-6.783900000000096e-07,535
8,T,6,G,9.632999999997609e-07,420
8,T,7,A,3.6999999999997105e-06,408
8,T,8,T,0,0
8,T,9,A,7.20000000002663e-08,25
8,T,10,G,5.4999999999673366e-08,30
8,T,11,A,-3.5099999999999715e-07,169
8,T,12,-,1.9840000000000135e-07,469
8,T,13,-,1.9840000000000135e-07,470
8,T,14,-,1.9840000000000135e-07,471
8,T,15,-,-3.219999999992153e-08,472
8,T,16,-,-3.219999999992153e-08,473
8,T,17,-,1.6009999999995125e-07,474
8,T,18,-,1.6009999999995125e-07,475
8,T,19,-,-3.219999999992153e-08,476
8,T,20,-,-3.219999999992153e-08,477
8,T,21,-,1.6009999999995125e-07,478
8,T,22,-,-3.2340000000001794e-07,479
8,T,23,T,-1.1529999999996144e-07,545
8,T,24,A,1.7330000000020246e-06,552
8,T,25,G,2.0339999999997166e-06,553
8,T,26,T,4.899999999988247e-07,567
8,T,27,G,-3.010000000002941e-07,572
8,T,28,C,-2.4099999999978305e-07,591
8,T,29,G,1.4073000000000297e-06,636
8,T,30,A,-3.610000000008051e-07,739
8,T,31,A,1.4999999999910918e-08,807
8,T,32,T,6.239999999998504e-07,860
8,T,33,C,-4.400000000025911e-08,959
8,T,34,C,2.3469999999991154e-07,1046
8,T,35,A,-3.5099999999999715e-07,1229
8,T,36,C,-1.4199999999985058e-07,1301
8,T,37,G,-1.9299999999902728e-07,1379
8,T,38,G,1.5499999999821212e-07,1461
8,T,39,C,-1.4399999999966523e-07,1505
8,T,40,A,-2.6100000000009796e-07,1569
8,T,41,G,-9.299999999962116e-08,1784
8,T,42,G,5.409999999997361e-07,1907
8,T,43,T,5.300000000020566e-07,1963
8,T,44,G,-7.053000000001655e-06,2046
8,T,45,C,-2.2664950000000038e-05,2373
8,T,46,G,-1.9120000000003978e-07,2492
8,T,47,A,-2.2140820000000005e-05,2622
9,A,0,G,6.013499999999979e-05,1076
9,A,1,C,0.0001313540000000002,864
9,A,1,T,0.00011731799999999994,864
9,A,2,A,-1.66458999999999e-06,820
9,A,3,A,0.0004256980000000004,730
9,A,4,A,-2.3809000000003105e-05,564
9,A,5,A,0.000189148436,560
9,A,6,G,8.800800000000053e-06,445
9,A,7,A,3.245899999999944e-05,433
9,A,8,T,-2.5386699999999877e-06,25
9,A,9,A,0,0
9,A,10,G,3.655999999999972e-05,5
9,A,11,A,-3.101699999999994e-05,144
9,A,12,-,2.335720000000007e-05,444
9,A,13,-,2.335720000000007e-05,445
9,A,14,-,2.335720000000007e-05,446
9,A,15,-,2.3126600000000037e-05,447
9,A,16,-,2.3126600000000037e-05,448
9,A,17,-,2.3319000000000052e-05,449
9,A,18,-,2.3319000000000052e-05,450
9,A,19,-,2.3126600000000037e-05,451
9,A,20,-,2.3126600000000037e-05,452
9,A,21,-,2.3319000000000052e-05,453
9,A,22,-,2.283540000000005e-05,454
9,A,23,T,2.3043599999999923e-05,520
9,A,24,A,4.161600000000126e-05,527
9,A,25,G,4.1916999999998955e-05,528
9,A,26,T,-0.00039729000000000153,542
9,A,27,G,-3.09669999999998e-05,547
9,A,28,C,8.256900000000022e-05,566
9,A,29,G,-3.397499999999989e-06,611
9,A,30,A,-2.343500000000047e-05,714
9,A,31,A,-6.200299999999971e-05,782
9,A,32,T,7.147699999999991e-05,835
9,A,33,C,8.276499999999984e-05,934
9,A,34,C,2.3393599999999904e-05,1021
9,A,35,A,-3.101699999999994e-05,1204
9,A,36,C,-0.002889754999999999,1276
9,A,37,G,-3.7422999999998235e-05,1354
9,A,38,G,0.0001661830000000003,1436
9,A,39,C,-2.3218000000000197e-05,1480
9,A,40,A,8.25489999999999e-05,1544
9,A,41,G,0.00018432899999999957,1759
9,A,42,G,-9.690999999999172e-06,1882
9,A,43,T,0.00013187000000000268,1938
9,A,44,G,7.275200000000058e-05,2021
9,A,45,C,-2.1887299999999834e-06,2348
9,A,46,G,2.2967699999999953e-05,2467
9,A,47,A,-1.66458999999999e-06,2597
10,G,0,G,5.9830000000002034e-06,1081
10,G,1,C,-0.00016795999999999825,869
10,G,1,T,-0.0002686719999999993,869
10,G,2,A,-8.469999999998921e-08,825
10,G,3,A,4.2694000000001106e-05,735
10,G,4,A,-0.0009767840000000014,569
10,G,5,A,0.0006852552,565
10,G,6,G,4.011999999997684e-07,450
10,G,7,A,3.887000000000161e-06,438
10,G,8,T,-9.588300000000038e-07,30
10,G,9,A,2.5396000000000446e-05,5
10,G,10,G,0,0
10,G,11,A,-0.0003355490000000005,139
10,G,12,-,2.1498000000000654e-06,439
10,G,13,-,2.1498000000000654e-06,440
10,G,14,-,2.1498000000000654e-06,441
10,G,15,-,1.919200000000034e-06,442
10,G,16,-,1.919200000000034e-06,443
10,G,17,-,2.1116000000000494e-06,444
10,G,18,-,2.1116000000000494e-06,445
10,G,19,-,1.919200000000034e-06,446
10,G,20,-,1.919200000000034e-06,447
10,G,21,-,2.1116000000000494e-06,448
10,G,22,-,1.6280999999999718e-06,449
10,G,23,T,1.8361999999999198e-06,515
10,G,24,A,4.8949999999995525e-06,522
10,G,25,G,5.195999999998979e-06,523
10,G,26,T,-4.074999999999912e-05,537
10,G,27,G,-0.0003354989999999995,542
10,G,28,C,-0.0002963089999999998,561
10,G,29,G,-1.0668000000000353e-06,606
10,G,30,A,0.0006011809999999992,709
10,G,31,A,-0.00039533500000000013,777
10,G,32,T,6.594999999999865e-06,830
10,G,33,C,-0.0002961120000000003,929
10,G,34,C,2.1861999999999012e-06,1016
10,G,35,A,-0.0003355490000000005,1199
10,G,36,C,2.5181000000000855e-05,1271
10,G,37,G,0.0009704090000000019,1349
10,G,38,G,-0.0002906870000000013,1431
10,G,39,C,0.0006013959999999997,1475
10,G,40,A,-0.0002963290000000001,1539
10,G,41,G,-0.0006594519999999996,1754
10,G,42,G,-0.0005718149999999998,1877
10,G,43,T,1.2090000000002793e-05,1933
10,G,44,G,5.0159999999983135e-06,2016
10,G,45,C,-6.087900000000196e-07,2343
10,G,46,G,1.76029999999995e-06,2462
10,G,47,A,-8.469999999998921e-08,2592
11,A,0,G,-1.709900000000002e-05,1220
11,A,1,C,-0.000394017,1008
11,A,1,T,0.0002016439999999991,1008
11,A,2,A,2.477569999999996e-06,964
11,A,3,A,-3.448600000000024e-05,874
11,A,4,A,-0.00014859399999999842,708
11,A,5,A,1.9905140000000003e-05,704
11,A,6,G,6.655400000000079e-06,589
11,A,7,A,1.8279000000000385e-05,577
11,A,8,T,1.6034099999999928e-06,169
11,A,9,A,-1.9809999999999446e-05,144
11,A,10,G,-0.000315601,139
11,A,11,A,0,0
11,A,12,-,-4.586e-06,300
11,A,13,-,-4.586e-06,301
11,A,14,-,-4.586e-06,302
11,A,15,-,-4.816599999999923e-06,303
11,A,16,-,-4.816599999999923e-06,304
11,A,17,-,-4.624200000000016e-06,305
11,A,18,-,-4.624200000000016e-06,306
11,A,19,-,-4.816599999999923e-06,307
11,A,20,-,-4.816599999999923e-06,308
11,A,21,-,-4.624200000000016e-06,309
11,A,22,-,-5.107699999999985e-06,310
11,A,23,T,-4.899600000000037e-06,376
11,A,24,A,1.7504999999999257e-05,383
11,A,25,G,1.7806999999999892e-05,384
11,A,26,T,0.00012881000000000004,398
11,A,27,G,-0.001064593,403
11,A,28,C,9.767900000000026e-05,422
11,A,29,G,2.713199999999959e-06,467
11,A,30,A,6.35649999999998e-05,570
11,A,31,A,0.00038415499999999974,638
11,A,32,T,-1.401300000000022e-05,691
11,A,33,C,9.787599999999978e-05,790
11,A,34,C,-4.5496000000000555e-06,877
11,A,35,A,-0.001064643,1060
11,A,36,C,-2.0023999999999563e-05,1132
11,A,37,G,0.00010295299999999938,1210
11,A,38,G,-0.00012784499999999796,1292
11,A,39,C,6.37810000000006e-05,1336
11,A,40,A,9.766099999999975e-05,1400
11,A,41,G,0.00021798300000000059,1615
11,A,42,G,0.00045376500000000007,1738
11,A,43,T,5.438999999999791e-05,1794
11,A,44,G,2.063499999999975e-05,1877
11,A,45,C,1.953450000000004e-06,2204
11,A,46,G,-4.975500000000007e-06,2323
11,A,47,A,2.477569999999996e-06,2453
12,-,0,G,-1.141000000000076e-06,1520
12,-,1,C,-8.339999999981695e-07,1308
12,-,1,T,-5.349999999994248e-07,1308
12,-,2,A,4.297999999999802e-08,1264
12,-,3,A,-3.638000000000252e-06,1174
12,-,4,A,1.0799999999970555e-06,1008
12,-,5,A,-2.4335500000000065e-06,1004
12,-,6,G,-7.665999999999056e-07,889
12,-,7,A,1.2390000000001011e-06,877
12,-,8,T,-8.310900000000124e-07,469
12,-,9,A,-1.7419999999998895e-06,444
12,-,10,G,-1.6600000000022846e-07,439
12,-,11,A,1.3100000000000264e-07,300
12,-,12,-,0,0
12,-,13,-,3.096160000000002e-05,1
12,-,14,-,3.096160000000002e-05,2
12,-,15,-,3.073099999999999e-05,3
12,-,16,-,3.073099999999999e-05,4
12,-,17,-,3.09234e-05,5
12,-,18,-,3.09234e-05,6
12,-,19,-,3.073099999999999e-05,7
12,-,20,-,3.073099999999999e-05,8
12,-,21,-,3.09234e-05,9
12,-,22,-,3.04398e-05,10
12,-,23,T,3.064800000000009e-05,76
12,-,24,A,1.525999999999958e-06,83
12,-,25,G,1.8269999999993847e-06,84
12,-,26,T,5.409999999997361e-06,98
12,-,27,G,1.8100000000013938e-07,103
12,-,28,C,-1.1729999999997125e-06,122
12,-,29,G,-8.784000000000829e-07,167
12,-,30,A,1.4100000000037693e-07,270
12,-,31,A,7.489999999999754e-07,338
12,-,32,T,-1.8869999999998957e-06,391
12,-,33,C,-9.770000000000958e-07,490
12,-,34,C,3.0997999999999855e-05,577
12,-,35,A,1.3100000000000264e-07,760
12,-,36,C,-1.95699999999948e-06,832
12,-,37,G,6.170000000013665e-07,910
12,-,38,G,-5.089999999992323e-07,992
12,-,39,C,3.569999999994411e-07,1036
12,-,40,A,-1.1930000000000274e-06,1100
12,-,41,G,-2.1689999999997822e-06,1315
12,-,42,G,1.0930000000006213e-06,1438
12,-,43,T,-6.900000000011064e-07,1494
12,-,44,G,-3.5439999999994226e-06,1577
12,-,45,C,-4.811500000000352e-07,1904
12,-,46,G,3.05720999999999e-05,2023
12,-,47,A,4.297999999999802e-08,2153
13,-,0,G,-1.141000000000076e-06,1521
13,-,1,C,-8.339999999981695e-07,1309
13,-,1,T,-5.349999999994248e-07,1309
13,-,2,A,4.297999999999802e-08,1265
13,-,3,A,-3.638000000000252e-06,1175
13,-,4,A,1.0799999999970555e-06,1009
13,-,5,A,-2.4335500000000065e-06,1005
13,-,6,G,-7.665999999999056e-07,890
13,-,7,A,1.2390000000001011e-06,878
13,-,8,T,-8.310900000000124e-07,470
13,-,9,A,-1.7419999999998895e-06,445
13,-,10,G,-1.6600000000022846e-07,440
13,-,11,A,1.3100000000000264e-07,301
13,-,12,-,3.096160000000002e-05,1
13,-,13,-,0,0
13,-,14,-,3.096160000000002e-05,1
13,-,15,-,3.073099999999999e-05,2
13,-,16,-,3.073099999999999e-05,3
13,-,17,-,3.09234e-05,4
13,-,18,-,3.09234e-05,5
13,-,19,-,3.073099999999999e-05,6
13,-,20,-,3.073099999999999e-05,7
13,-,21,-,3.09234e-05,8
13,-,22,-,3.04398e-05,9
13,-,23,T,3.064800000000009e-05,75
13,-,24,A,1.525999999999958e-06,82
13,-,25,G,1.8269999999993847e-06,83
13,-,26,T,5.409999999997361e-06,97
13,-,27,G,1.8100000000013938e-07,102
13,-,28,C,-1.1729999999997125e-06,121
13,-,29,G,-8.784000000000829e-07,166
13,-,30,A,1.4100000000037693e-07,269
13,-,31,A,7.489999999999754e-07,337
13,-,32,T,-1.8869999999998957e-06,390
13,-,33,C,-9.770000000000958e-07,489
13,-,34,C,3.0997999999999855e-05,576
13,-,35,A,1.3100000000000264e-07,759
13,-,36,C,-1.95699999999948e-06,831
13,-,37,G,6.170000000013665e-07,909
13,-,38,G,-5.089999999992323e-07,991
13,-,39,C,3.569999999994411e-07,1035
13,-,40,A,-1.1930000000000274e-06,1099
13,-,41,G,-2.1689999999997822e-06,1314
13,-,42,G,1.0930000000006213e-06,1437
13,-,43,T,-6.900000000011064e-07,1493
13,-,44,G,-3.5439999999994226e-06,1576
13,-,45,C,-4.811500000000352e-07,1903
13,-,46,G,3.05720999999999e-05,2022
13,-,47,A,4.297999999999802e-08,2152
14,-,0,G,-1.141000000000076e-06,1522
14,-,1,C,-8.339999999981695e-07,1310
14,-,1,T,-5.349999999994248e-07,1310
14,-,2,A,4.297999999999802e-08,1266
14,-,3,A,-3.638000000000252e-06,1176
14,-,4,A,1.0799999999970555e-06,1010
14,-,5,A,-2.4335500000000065e-06,1006
14,-,6,G,-7.665999999999056e-07,891
14,-,7,A,1.2390000000001011e-06,879
14,-,8,T,-8.310900000000124e-07,471
14,-,9,A,-1.7419999999998895e-06,446
14,-,10,G,-1.6600000000022846e-07,441
14,-,11,A,1.3100000000000264e-07,302
14,-,12,-,3.096160000000002e-05,2
14,-,13,-,3.096160000000002e-05,1
14,-,14,-,0,0
14,-,15,-,3.073099999999999e-05,1
14,-,16,-,3.073099999999999e-05,2
14,-,17,-,3.09234e-05,3
14,-,18,-,3.09234e-05,4
14,-,19,-,3.073099999999999e-05,5
14,-,20,-,3.073099999999999e-05,6
14,-,21,-,3.09234e-05,7
14,-,22,-,3.04398e-05,8
14,-,23,T,3.064800000000009e-05,74
14,-,24,A,1.525999999999958e-06,81
14,-,25,G,1.8269999999993847e-06,82
14,-,26,T,5.409999999997361e-06,96
14,-,27,G,1.8100000000013938e-07,101
14,-,28,C,-1.1729999999997125e-06,120
14,-,29,G,-8.784000000000829e-07,165
14,-,30,A,1.4100000000037693e-07,268
14,-,31,A,7.489999999999754e-07,336
14,-,32,T,-1.8869999999998957e-06,389
14,-,33,C,-9.770000000000958e-07,488
14,-,34,C,3.0997999999999855e-05,575
14,-,35,A,1.3100000000000264e-07,758
14,-,36,C,-1.95699999999948e-06,830
14,-,37,G,6.170000000013665e-07,908
14,-,38,G,-5.089999999992323e-07,990
14,-,39,C,3.569999999994411e-07,1034
14,-,40,A,-1.1930000000000274e-06,1098
14,-,41,G,-2.1689999999997822e-06,1313
14,-,42,G,1.0930000000006213e-06,1436
14,-,43,T,-6.900000000011064e-07,1492
14,-,44,G,-3.5439999999994226e-06,1575
14,-,45,C,-4.811500000000352e-07,1902
14,-,46,G,3.05720999999999e-05,2021
14,-,47,A,4.297999999999802e-08,2151
15,-,0,G,-1.4770000000001622e-06,1523
15,-,1,C,-9.779999999987021e-07,1311
15,-,1,T,-6.220000000004694e-07,1311
15,-,2,A,-4.192000000000518e-08,1267
15,-,3,A,-4.3719999999990156e-06,1177
15,-,4,A,1.3880000000014714e-06,1011
15,-,5,A,-2.8959600000000047e-06,1007
15,-,6,G,-1.0378000000000123e-06,892
15,-,7,A,1.460000000000003e-06,880
15,-,8,T,-9.160400000000055e-07,472
15,-,9,A,-2.1719999999990705e-06,447
15,-,10,G,-2.2200000000024284e-07,442
15,-,11,A,2.629999999999126e-07,303
15,-,12,-,3.804580000000006e-05,3
15,-,13,-,3.804580000000006e-05,2
15,-,14,-,3.804580000000006e-05,1
15,-,15,-,0,0
15,-,16,-,3.781520000000014e-05,1
15,-,17,-,3.8007600000000046e-05,2
15,-,18,-,3.8007600000000046e-05,3
15,-,19,-,3.781520000000014e-05,4
15,-,20,-,3.781520000000014e-05,5
15,-,21,-,3.8007600000000046e-05,6
15,-,22,-,3.752410000000008e-05,7
15,-,23,T,3.7732200000000025e-05,73
15,-,24,A,1.9360000000009925e-06,80
15,-,25,G,2.237999999999893e-06,81
15,-,26,T,6.729999999996461e-06,95
15,-,27,G,3.1300000000004935e-07,100
15,-,28,C,-1.4229999999999625e-06,119
15,-,29,G,-1.0036000000000593e-06,164
15,-,30,A,2.809999999995455e-07,267
15,-,31,A,9.47000000000274e-07,335
15,-,32,T,-2.367000000000081e-06,388
15,-,33,C,-1.2270000000003459e-06,487
15,-,34,C,3.8082200000000006e-05,574
15,-,35,A,2.629999999999126e-07,757
15,-,36,C,-2.3860000000000547e-06,829
15,-,37,G,8.410000000014239e-07,907
15,-,38,G,-6.630000000014402e-07,989
15,-,39,C,4.960000000000034e-07,1033
15,-,40,A,-1.4430000000002774e-06,1097
15,-,41,G,-2.7249999999994293e-06,1312
15,-,42,G,1.2490000000000417e-06,1435
15,-,43,T,-7.59999999998956e-07,1491
15,-,44,G,-4.4650000000003714e-06,1574
15,-,45,C,-5.660000000000213e-07,1901
15,-,46,G,3.7656299999999946e-05,2020
15,-,47,A,-4.192000000000518e-08,2150
16,-,0,G,-1.4770000000001622e-06,1524
16,-,1,C,-9.779999999987021e-07,1312
16,-,1,T,-6.220000000004694e-07,1312
16,-,2,A,-4.192000000000518e-08,1268
16,-,3,A,-4.3719999999990156e-06,1178
16,-,4,A,1.3880000000014714e-06,1012
16,-,5,A,-2.8959600000000047e-06,1008
16,-,6,G,-1.0378000000000123e-06,893
16,-,7,A,1.460000000000003e-06,881
16,-,8,T,-9.160400000000055e-07,473
16,-,9,A,-2.1719999999990705e-06,448
16,-,10,G,-2.2200000000024284e-07,443
16,-,11,A,2.629999999999126e-07,304
16,-,12,-,3.804580000000006e-05,4
16,-,13,-,3.804580000000006e-05,3
16,-,14,-,3.804580000000006e-05,2
16,-,15,-,3.781520000000014e-05,1
16,-,16,-,0,0
16,-,17,-,3.8007600000000046e-05,1
16,-,18,-,3.8007600000000046e-05,2
16,-,19,-,3.781520000000014e-05,3
16,-,20,-,3.781520000000014e-05,4
16,-,21,-,3.8007600000000046e-05,5
16,-,22,-,3.752410000000008e-05,6
16,-,23,T,3.7732200000000025e-05,72
16,-,24,A,1.9360000000009925e-06,79
16,-,25,G,2.237999999999893e-06,80
16,-,26,T,6.729999999996461e-06,94
16,-,27,G,3.1300000000004935e-07,99
16,-,28,C,-1.4229999999999625e-06,118
16,-,29,G,-1.0036000000000593e-06,163
16,-,30,A,2.809999999995455e-07,266
16,-,31,A,9.47000000000274e-07,334
16,-,32,T,-2.367000000000081e-06,387
16,-,33,C,-1.2270000000003459e-06,486
16,-,34,C,3.8082200000000006e-05,573
16,-,35,A,2.629999999999126e-07,756
16,-,36,C,-2.3860000000000547e-06,828
16,-,37,G,8.410000000014239e-07,906
16,-,38,G,-6.630000000014402e-07,988
16,-,39,C,4.960000000000034e-07,1032
16,-,40,A,-1.4430000000002774e-06,1096
16,-,41,G,-2.7249999999994293e-06,1311
16,-,42,G,1.2490000000000417e-06,1434
16,-,43,T,-7.59999999998956e-07,1490
16,-,44,G,-4.4650000000003714e-06,1573
16,-,45,C,-5.660000000000213e-07,1900
16,-,46,G,3.7656299999999946e-05,2019
16,-,47,A,-4.192000000000518e-08,2149
17,-,0,G,-1.5610000000001838e-06,1525
17,-,1,C,-1.012999999997627e-06,1313
17,-,1,T,-6.439999999992979e-07,1313
17,-,2,A,-6.316000000000026e-08,1269
17,-,3,A,-4.555999999999311e-06,1179
17,-,4,A,1.4649999999956365e-06,1013
17,-,5,A,-3.0115600000000142e-06,1009
17,-,6,G,-1.1056000000001474e-06,894
17,-,7,A,1.5149999999996763e-06,882
17,-,8,T,-9.372600000000263e-07,474
17,-,9,A,-2.2789999999999963e-06,449
17,-,10,G,-2.3599999999981275e-07,444
17,-,11,A,2.949999999999828e-07,305
17,-,12,-,3.981700000000004e-05,5
17,-,13,-,3.981700000000004e-05,4
17,-,14,-,3.981700000000004e-05,3
17,-,15,-,3.958640000000001e-05,2
17,-,16,-,3.958640000000001e-05,1
17,-,17,-,0,0
17,-,18,-,3.977869999999999e-05,1
17,-,19,-,3.958640000000001e-05,2
17,-,20,-,3.958640000000001e-05,3
17,-,21,-,3.977869999999999e-05,4
17,-,22,-,3.929520000000002e-05,5
17,-,23,T,3.950330000000008e-05,71
17,-,24,A,2.0380000000010806e-06,78
17,-,25,G,2.339999999999981e-06,79
17,-,26,T,7.069999999997911e-06,93
17,-,27,G,3.4499999999968584e-07,98
17,-,28,C,-1.4859999999997618e-06,117
17,-,29,G,-1.0350000000000333e-06,162
17,-,30,A,3.1499999999899664e-07,265
17,-,31,A,9.950000000001624e-07,333
17,-,32,T,-2.48900000000005e-06,386
17,-,33,C,-1.2890000000002379e-06,485
17,-,34,C,3.985329999999995e-05,572
17,-,35,A,2.949999999999828e-07,755
17,-,36,C,-2.493999999999587e-06,827
17,-,37,G,8.969999999997036e-07,905
17,-,38,G,-7.030000000012027e-07,987
17,-,39,C,5.309999999997955e-07,1031
17,-,40,A,-1.5050000000001694e-06,1095
17,-,41,G,-2.864999999999465e-06,1310
17,-,42,G,1.2880000000003305e-06,1433
17,-,43,T,-7.700000000006313e-07,1489
17,-,44,G,-4.696000000000214e-06,1572
17,-,45,C,-5.873100000000349e-07,1899
17,-,46,G,3.942739999999989e-05,2018
17,-,47,A,-6.316000000000026e-08,2148
18,-,0,G,-1.5610000000001838e-06,1526
18,-,1,C,-1.012999999997627e-06,1314
18,-,1,T,-6.439999999992979e-07,1314
18,-,2,A,-6.316000000000026e-08,1270
18,-,3,A,-4.555999999999311e-06,1180
18,-,4,A,1.4649999999956365e-06,1014
18,-,5,A,-3.0115600000000142e-06,1010
18,-,6,G,-1.1056000000001474e-06,895
18,-,7,A,1.5149999999996763e-06,883
18,-,8,T,-9.372600000000263e-07,475
18,-,9,A,-2.2789999999999963e-06,450
18,-,10,G,-2.3599999999981275e-07,445
18,-,11,A,2.949999999999828e-07,306
18,-,12,-,3.981700000000004e-05,6
18,-,13,-,3.981700000000004e-05,5
18,-,14,-,3.981700000000004e-05,4
18,-,15,-,3.958640000000001e-05,3
18,-,16,-,3.958640000000001e-05,2
18,-,17,-,3.977869999999999e-05,1
18,-,18,-,0,0
18,-,19,-,3.958640000000001e-05,1
18,-,20,-,3.958640000000001e-05,2
18,-,21,-,3.977869999999999e-05,3
18,-,22,-,3.929520000000002e-05,4
18,-,23,T,3.950330000000008e-05,70
18,-,24,A,2.0380000000010806e-06,77
18,-,25,G,2.339999999999981e-06,78
18,-,26,T,7.069999999997911e-06,92
18,-,27,G,3.4499999999968584e-07,97
18,-,28,C,-1.4859999999997618e-06,116
18,-,29,G,-1.0350000000000333e-06,161
18,-,30,A,3.1499999999899664e-07,264
18,-,31,A,9.950000000001624e-07,332
18,-,32,T,-2.48900000000005e-06,385
18,-,33,C,-1.2890000000002379e-06,484
18,-,34,C,3.985329999999995e-05,571
18,-,35,A,2.949999999999828e-07,754
18,-,36,C,-2.493999999999587e-06,826
18,-,37,G,8.969999999997036e-07,904
18,-,38,G,-7.030000000012027e-07,986
18,-,39,C,5.309999999997955e-07,1030
18,-,40,A,-1.5050000000001694e-06,1094
18,-,41,G,-2.864999999999465e-06,1309
18,-,42,G,1.2880000000003305e-06,1432
18,-,43,T,-7.700000000006313e-07,1488
18,-,44,G,-4.696000000000214e-06,1571
18,-,45,C,-5.873100000000349e-07,1898
18,-,46,G,3.942739999999989e-05,2017
18,-,47,A,-6.316000000000026e-08,2147
19,-,0,G,-1.4770000000001622e-06,1527
19,-,1,C,-9.779999999987021e-07,1315
19,-,1,T,-6.220000000004694e-07,1315
19,-,2,A,-4.192000000000518e-08,1271
19,-,3,A,-4.3719999999990156e-06,1181
19,-,4,A,1.3880000000014714e-06,1015
19,-,5,A,-2.8959600000000047e-06,1011
19,-,6,G,-1.0378000000000123e-06,896
19,-,7,A,1.460000000000003e-06,884
19,-,8,T,-9.160400000000055e-07,476
19,-,9,A,-2.1719999999990705e-06,451
19,-,10,G,-2.2200000000024284e-07,446
19,-,11,A,2.629999999999126e-07,307
19,-,12,-,3.804580000000006e-05,7
19,-,13,-,3.804580000000006e-05,6
19,-,14,-,3.804580000000006e-05,5
19,-,15,-,3.781520000000014e-05,4
19,-,16,-,3.781520000000014e-05,3
19,-,17,-,3.8007600000000046e-05,2
19,-,18,-,3.8007600000000046e-05,1
19,-,19,-,0,0
19,-,20,-,3.781520000000014e-05,1
19,-,21,-,3.8007600000000046e-05,2
19,-,22,-,3.752410000000008e-05,3
19,-,23,T,3.7732200000000025e-05,69
19,-,24,A,1.9360000000009925e-06,76
19,-,25,G,2.237999999999893e-06,77
19,-,26,T,6.729999999996461e-06,91
19,-,27,G,3.1300000000004935e-07,96
19,-,28,C,-1.4229999999999625e-06,115
19,-,29,G,-1.0036000000000593e-06,160
19,-,30,A,2.809999999995455e-07,263
19,-,31,A,9.47000000000274e-07,331
19,-,32,T,-2.367000000000081e-06,384
19,-,33,C,-1.2270000000003459e-06,483
19,-,34,C,3.8082200000000006e-05,570
19,-,35,A,2.629999999999126e-07,753
19,-,36,C,-2.3860000000000547e-06,825
19,-,37,G,8.410000000014239e-07,903
19,-,38,G,-6.630000000014402e-07,985
19,-,39,C,4.960000000000034e-07,1029
19,-,40,A,-1.4430000000002774e-06,1093
19,-,41,G,-2.7249999999994293e-06,1308
19,-,42,G,1.2490000000000417e-06,1431
19,-,43,T,-7.59999999998956e-07,1487
19,-,44,G,-4.4650000000003714e-06,1570
19,-,45,C,-5.660000000000213e-07,1897
19,-,46,G,3.7656299999999946e-05,2016
19,-,47,A,-4.192000000000518e-08,2146
20,-,0,G,-1.4770000000001622e-06,1528
20,-,1,C,-9.779999999987021e-07,1316
20,-,1,T,-6.220000000004694e-07,1316
20,-,2,A,-4.192000000000518e-08,1272
20,-,3,A,-4.3719999999990156e-06,1182
20,-,4,A,1.3880000000014714e-06,1016
20,-,5,A,-2.8959600000000047e-06,1012
20,-,6,G,-1.0378000000000123e-06,897
20,-,7,A,1.460000000000003e-06,885
20,-,8,T,-9.160400000000055e-07,477
20,-,9,A,-2.1719999999990705e-06,452
20,-,10,G,-2.2200000000024284e-07,447
20,-,11,A,2.629999999999126e-07,308
20,-,12,-,3.804580000000006e-05,8
20,-,13,-,3.804580000000006e-05,7
20,-,14,-,3.804580000000006e-05,6
20,-,15,-,3.781520000000014e-05,5
20,-,16,-,3.781520000000014e-05,4
20,-,17,-,3.8007600000000046e-05,3
20,-,18,-,3.8007600000000046e-05,2
20,-,19,-,3.781520000000014e-05,1
20,-,20,-,0,0
20,-,21,-,3.8007600000000046e-05,1
20,-,22,-,3.752410000000008e-05,2
20,-,23,T,3.7732200000000025e-05,68
20,-,24,A,1.9360000000009925e-06,75
20,-,25,G,2.237999999999893e-06,76
20,-,26,T,6.729999999996461e-06,90
20,-,27,G,3.1300000000004935e-07,95
20,-,28,C,-1.4229999999999625e-06,114
20,-,29,G,-1.0036000000000593e-06,159
20,-,30,A,2.809999999995455e-07,262
20,-,31,A,9.47000000000274e-07,330
20,-,32,T,-2.367000000000081e-06,383
20,-,33,C,-1.2270000000003459e-06,482
20,-,34,C,3.8082200000000006e-05,569
20,-,35,A,2.629999999999126e-07,752
20,-,36,C,-2.3860000000000547e-06,824
20,-,37,G,8.410000000014239e-07,902
20,-,38,G,-6.630000000014402e-07,984
20,-,39,C,4.960000000000034e-07,1028
20,-,40,A,-1.4430000000002774e-06,1092
20,-,41,G,-2.7249999999994293e-06,1307
20,-,42,G,1.2490000000000417e-06,1430
20,-,43,T,-7.59999999998956e-07,1486
20,-,44,G,-4.4650000000003714e-06,1569
20,-,45,C,-5.660000000000213e-07,1896
20,-,46,G,3.7656299999999946e-05,2015
20,-,47,A,-4.192000000000518e-08,2145
21,-,0,G,-1.5610000000001838e-06,1529
21,-,1,C,-1.012999999997627e-06,1317
21,-,1,T,-6.439999999992979e-07,1317
21,-,2,A,-6.316000000000026e-08,1273
21,-,3,A,-4.555999999999311e-06,1183
21,-,4,A,1.4649999999956365e-06,1017
21,-,5,A,-3.0115600000000142e-06,1013
21,-,6,G,-1.1056000000001474e-06,898
21,-,7,A,1.5149999999996763e-06,886
21,-,8,T,-9.372600000000263e-07,478
21,-,9,A,-2.2789999999999963e-06,453
21,-,10,G,-2.3599999999981275e-07,448
21,-,11,A,2.949999999999828e-07,309
21,-,12,-,3.981700000000004e-05,9
21,-,13,-,3.981700000000004e-05,8
21,-,14,-,3.981700000000004e-05,7
21,-,15,-,3.958640000000001e-05,6
21,-,16,-,3.958640000000001e-05,5
21,-,17,-,3.977869999999999e-05,4
21,-,18,-,3.977869999999999e-05,3
21,-,19,-,3.958640000000001e-05,2
21,-,20,-,3.958640000000001e-05,1
21,-,21,-,0,0
21,-,22,-,3.929520000000002e-05,1
21,-,23,T,3.950330000000008e-05,67
21,-,24,A,2.0380000000010806e-06,74
21,-,25,G,2.339999999999981e-06,75
21,-,26,T,7.069999999997911e-06,89
21,-,27,G,3.4499999999968584e-07,94
21,-,28,C,-1.4859999999997618e-06,113
21,-,29,G,-1.0350000000000333e-06,158
21,-,30,A,3.1499999999899664e-07,261
21,-,31,A,9.950000000001624e-07,329
21,-,32,T,-2.48900000000005e-06,382
21,-,33,C,-1.2890000000002379e-06,481
21,-,34,C,3.985329999999995e-05,568
21,-,35,A,2.949999999999828e-07,751
21,-,36,C,-2.493999999999587e-06,823
21,-,37,G,8.969999999997036e-07,901
21,-,38,G,-7.030000000012027e-07,983
21,-,39,C,5.309999999997955e-07,1027
21,-,40,A,-1.5050000000001694e-06,1091
21,-,41,G,-2.864999999999465e-06,1306
21,-,42,G,1.2880000000003305e-06,1429
21,-,43,T,-7.700000000006313e-07,1485
21,-,44,G,-4.696000000000214e-06,1568
21,-,45,C,-5.873100000000349e-07,1895
21,-,46,G,3.942739999999989e-05,2014
21,-,47,A,-6.316000000000026e-08,2144
22,-,0,G,-1.5369999999998059e-06,1530
22,-,1,C,-1.0039999999988947e-06,1318
22,-,1,T,-6.379999999989866e-07,1318
22,-,2,A,-5.708000000000861e-08,1274
22,-,3,A,-4.502999999999452e-06,1184
22,-,4,A,1.4430000000002774e-06,1018
22,-,5,A,-2.978529999999994e-06,1014
22,-,6,G,-1.0862000000000371e-06,899
22,-,7,A,1.4989999999994244e-06,887
22,-,8,T,-9.312200000000104e-07,479
22,-,9,A,-2.2479999999998335e-06,454
22,-,10,G,-2.3200000000018345e-07,449
22,-,11,A,2.869999999998568e-07,310
22,-,12,-,3.931099999999999e-05,10
22,-,13,-,3.931099999999999e-05,9
22,-,14,-,3.931099999999999e-05,8
22,-,15,-,3.908040000000007e-05,7
22,-,16,-,3.908040000000007e-05,6
22,-,17,-,3.927269999999994e-05,5
22,-,18,-,3.927269999999994e-05,4
22,-,19,-,3.908040000000007e-05,3
22,-,20,-,3.908040000000007e-05,2
22,-,21,-,3.927269999999994e-05,1
22,-,22,-,0,0
22,-,23,T,3.89972000000001e-05,66
22,-,24,A,2.0090000000007324e-06,73
22,-,25,G,2.310999999999633e-06,74
22,-,26,T,6.969999999998505e-06,88
22,-,27,G,3.3700000000042724e-07,93
22,-,28,C,-1.4690000000000362e-06,112
22,-,29,G,-1.026e-06,157
22,-,30,A,3.04999999999056e-07,260
22,-,31,A,9.809999999997251e-07,328
22,-,32,T,-2.452999999999917e-06,381
22,-,33,C,-1.2710000000001713e-06,480
22,-,34,C,3.9347199999999866e-05,567
22,-,35,A,2.869999999998568e-07,750
22,-,36,C,-2.4639999999988976e-06,822
22,-,37,G,8.810000000011864e-07,900
22,-,38,G,-6.9100000000058e-07,982
22,-,39,C,5.209999999998549e-07,1026
22,-,40,A,-1.4870000000001028e-06,1090
22,-,41,G,-2.8249999999997027e-06,1305
22,-,42,G,1.275999999999708e-06,1428
22,-,43,T,-7.700000000006313e-07,1484
22,-,44,G,-4.630000000000259e-06,1567
22,-,45,C,-5.811800000000262e-07,1894
22,-,46,G,3.892139999999995e-05,2013
22,-,47,A,-5.708000000000861e-08,2143
23,T,0,G,-2.008999999999865e-06,1596
23,T,1,C,-1.2069999999995973e-06,1384
23,T,1,T,-7.61999999999638e-07,1384
23,T,2,A,-1.768000000000082e-07,1340
23,T,3,A,-5.537999999999377e-06,1250
23,T,4,A,1.8770000000008225e-06,1084
23,T,5,A,-3.6305400000000013e-06,1080
23,T,6,G,-1.4684999999998657e-06,965
23,T,7,A,1.808999999999318e-06,953
23,T,8,T,-1.0508800000000058e-06,545
23,T,9,A,-2.8539999999991836e-06,520
23,T,10,G,-3.099999999998937e-07,515
23,T,11,A,4.7099999999971817e-07,376
23,T,12,-,4.929979999999999e-05,76
23,T,13,-,4.929979999999999e-05,75
23,T,14,-,4.929979999999999e-05,74
23,T,15,-,4.906920000000007e-05,73
23,T,16,-,4.906920000000007e-05,72
23,T,17,-,4.9261599999999976e-05,71
23,T,18,-,4.9261599999999976e-05,70
23,T,19,-,4.906920000000007e-05,69
23,T,20,-,4.906920000000007e-05,68
23,T,21,-,4.9261599999999976e-05,67
23,T,22,-,4.8778100000000007e-05,66
23,T,23,T,0,0
23,T,24,A,2.5880000000012837e-06,7
23,T,25,G,2.890000000000184e-06,8
23,T,26,T,8.849999999997749e-06,22
23,T,27,G,5.220000000001959e-07,27
23,T,28,C,-1.8209999999999407e-06,46
23,T,29,G,-1.2026000000000484e-06,91
23,T,30,A,5.009999999999737e-07,194
23,T,31,A,1.2599999999998897e-06,262
23,T,32,T,-3.1330000000002155e-06,315
23,T,33,C,-1.6230000000000758e-06,414
23,T,34,C,4.933619999999983e-05,501
23,T,35,A,4.7099999999971817e-07,684
23,T,36,C,-3.069999999999115e-06,756
23,T,37,G,1.1970000000013914e-06,834
23,T,38,G,-9.090000000003262e-07,916
23,T,39,C,7.170000000007726e-07,960
23,T,40,A,-1.8390000000000073e-06,1024
23,T,41,G,-3.608999999999904e-06,1239
23,T,42,G,1.4969999999996098e-06,1362
23,T,43,T,-8.69999999996568e-07,1418
23,T,44,G,-5.92800000000053e-06,1501
23,T,45,C,-7.009400000000015e-07,1828
23,T,46,G,4.8910299999999876e-05,1947
23,T,47,A,-1.768000000000082e-07,2077
24,A,0,G,0.00010342899999999993,1603
24,A,1,C,7.342000000000112e-05,1391
24,A,1,T,8.971999999999973e-05,1391
24,A,2,A,0.00010310158,1347
24,A,3,A,0.00010677499999999993,1257
24,A,4,A,0.0001532180000000001,1091
24,A,5,A,-4.489937999999999e-05,1087
24,A,6,G,-5.320650000000026e-05,972
24,A,7,A,-0.0023718050000000003,960
24,A,8,T,0.00010222745999999999,552
24,A,9,A,6.292800000000029e-05,527
24,A,10,G,1.124800000000016e-05,522
24,A,11,A,4.040499999999987e-05,383
24,A,12,-,-3.3277800000000015e-05,83
24,A,13,-,-3.3277800000000015e-05,82
24,A,14,-,-3.3277800000000015e-05,81
24,A,15,-,-3.350839999999994e-05,80
24,A,16,-,-3.350839999999994e-05,79
24,A,17,-,-3.331609999999996e-05,78
24,A,18,-,-3.331609999999996e-05,77
24,A,19,-,-3.350839999999994e-05,76
24,A,20,-,-3.350839999999994e-05,75
24,A,21,-,-3.331609999999996e-05,74
24,A,22,-,-3.3799599999999926e-05,73
24,A,23,T,-3.3591599999999904e-05,7
24,A,24,A,0,0
24,A,25,G,-0.0029985640000000004,1
24,A,26,T,0.00030505000000000115,15
24,A,27,G,4.0455000000000005e-05,20
24,A,28,C,-4.785499999999986e-05,39
24,A,29,G,0.00015115859999999997,84
24,A,30,A,5.398499999999945e-05,187
24,A,31,A,4.1776999999999787e-05,255
24,A,32,T,-0.0001017930000000002,308
24,A,33,C,-4.7658000000000336e-05,407
24,A,34,C,-3.324160000000003e-05,494
24,A,35,A,4.040499999999987e-05,677
24,A,36,C,6.271400000000017e-05,749
24,A,37,G,8.749499999999993e-05,827
24,A,38,G,0.00010916299999999893,909
24,A,39,C,5.420100000000025e-05,953
24,A,40,A,-4.7875000000000174e-05,1017
24,A,41,G,-0.00010613099999999976,1232
24,A,42,G,8.041200000000019e-05,1355
24,A,43,T,0.00022899000000000183,1411
24,A,44,G,-0.001294301999999999,1494
24,A,45,C,0.00010257745000000001,1821
24,A,46,G,-3.3667400000000056e-05,1940
24,A,47,A,0.00010310158,2070
25,G,0,G,0.00010625900000000004,1604
25,G,1,C,7.544200000000195e-05,1392
25,G,1,T,9.218800000000173e-05,1392
25,G,2,A,0.000105921925,1348
25,G,3,A,0.00010972000000000065,1258
25,G,4,A,0.00015743300000000196,1092
25,G,5,A,-4.612114e-05,1088
25,G,6,G,-5.467890000000015e-05,973
25,G,7,A,-0.002436955,961
25,G,8,T,0.000105047815,553
25,G,9,A,6.465399999999993e-05,528
25,G,10,G,1.1555999999999806e-05,523
25,G,11,A,4.152699999999997e-05,384
25,G,12,-,-3.419359999999995e-05,84
25,G,13,-,-3.419359999999995e-05,83
25,G,14,-,-3.419359999999995e-05,82
25,G,15,-,-3.442419999999998e-05,81
25,G,16,-,-3.442419999999998e-05,80
25,G,17,-,-3.42319e-05,79
25,G,18,-,-3.42319e-05,78
25,G,19,-,-3.442419999999998e-05,77
25,G,20,-,-3.442419999999998e-05,76
25,G,21,-,-3.42319e-05,75
25,G,22,-,-3.471539999999997e-05,74
25,G,23,T,-3.450729999999991e-05,8
25,G,24,A,-0.0030812219999999998,1
25,G,25,G,0,0
25,G,26,T,0.0003134299999999965,14
25,G,27,G,4.157700000000011e-05,19
25,G,28,C,-4.91669999999997e-05,38
25,G,29,G,0.0001553193,83
25,G,30,A,5.5480999999999586e-05,186
25,G,31,A,4.2926999999999896e-05,254
25,G,32,T,-0.0001045950000000003,307
25,G,33,C,-4.8970000000000177e-05,406
25,G,34,C,-3.415730000000004e-05,493
25,G,35,A,4.152699999999997e-05,676
25,G,36,C,6.4438e-05,748
25,G,37,G,8.990900000000086e-05,826
25,G,38,G,0.00011215599999999867,908
25,G,39,C,5.5696000000000044e-05,952
25,G,40,A,-4.9187000000000015e-05,1016
25,G,41,G,-0.00010905299999999958,1231
25,G,42,G,8.260900000000085e-05,1354
25,G,43,T,0.00023529000000000258,1410
25,G,44,G,-0.0013298629999999988,1493
25,G,45,C,0.00010539782999999998,1820
25,G,46,G,-3.45832000000001e-05,1939
25,G,47,A,0.000105921925,2069
26,T,0,G,-0.00350616031,1618
26,T,1,C,-0.0015125109999999976,1406
26,T,1,T,-0.00037515999999999765,1406
26,T,2,A,0.000403174,1362
26,T,3,A,-0.009217725999999999,1272
26,T,4,A,0.007006327999999999,1106
26,T,5,A,-0.008265215000000001,1102
26,T,6,G,0.0011079197,987
26,T,7,A,0.0029261739999999993,975
26,T,8,T,0.00040229988,567
26,T,9,A,-0.005398563999999999,542
26,T,10,G,-0.000792994,537
26,T,11,A,0.0026935433999999998,398
26,T,12,-,-0.0009782796,98
26,T,13,-,-0.0009782796,97
26,T,14,-,-0.0009782796,96
26,T,15,-,-0.0009785101849999998,95
26,T,16,-,-0.0009785101849999998,94
26,T,17,-,-0.00097831783,93
26,T,18,-,-0.00097831783,92
26,T,19,-,-0.0009785101849999998,91
26,T,20,-,-0.0009785101849999998,90
26,T,21,-,-0.00097831783,89
26,T,22,-,-0.00097880136,88
26,T,23,T,-0.00097859324,22
26,T,24,A,0.002770370000000001,15
26,T,25,G,0.002770672,14
26,T,26,T,0,0
26,T,27,G,0.0026935934000000003,5
26,T,28,C,-0.0047505248,24
26,T,29,G,0.0005938396899999999,69
26,T,30,A,0.0029838789999999996,172
26,T,31,A,0.0038042999,240
26,T,32,T,-0.0029929373,293
26,T,33,C,-0.0047503279,392
26,T,34,C,-0.000978243203,479
26,T,35,A,0.0026935433999999998,662
26,T,36,C,-0.005398779999999999,734
26,T,37,G,0.0048149560000000004,812
26,T,38,G,-0.0012580500000000001,894
26,T,39,C,0.002984094,938
26,T,40,A,-0.0047505435,1002
26,T,41,G,-0.010579226,1217
26,T,42,G,0.0035784790000000007,1340
26,T,43,T,0.008793515000000002,1396
26,T,44,G,0.00324088,1479
26,T,45,C,0.00040264993999999997,1806
26,T,46,G,-0.0009786691000000002,1925
26,T,47,A,0.000403174,2055
27,G,0,G,-1.8562999999999653e-05,1623
27,G,1,C,-0.0004271129999999998,1411
27,G,1,T,0.0002186029999999995,1411
27,G,2,A,2.651060000000003e-06,1367
27,G,3,A,-3.7347000000000075e-05,1277
27,G,4,A,-0.00016106100000000054,1111
27,G,5,A,2.161303e-05,1107
27,G,6,G,7.179799999999792e-06,992
27,G,7,A,1.9792000000000247e-05,980
27,G,8,T,1.7769499999999898e-06,572
27,G,9,A,-2.1486000000000248e-05,547
27,G,10,G,-0.0003421310000000003,542
27,G,11,A,-0.0011540810000000008,403
27,G,12,-,-4.9768000000000165e-06,103
27,G,13,-,-4.9768000000000165e-06,102
27,G,14,-,-4.9768000000000165e-06,101
27,G,15,-,-5.207399999999939e-06,100
27,G,16,-,-5.207399999999939e-06,99
27,G,17,-,-5.0150000000000325e-06,98
27,G,18,-,-5.0150000000000325e-06,97
27,G,19,-,-5.207399999999939e-06,96
27,G,20,-,-5.207399999999939e-06,95
27,G,21,-,-5.0150000000000325e-06,94
27,G,22,-,-5.498500000000002e-06,93
27,G,23,T,-5.290399999999945e-06,27
27,G,24,A,1.8998000000000972e-05,20
27,G,25,G,1.9299999999999873e-05,19
27,G,26,T,0.000139669999999998,5
27,G,27,G,0,0
27,G,28,C,0.0001058970000000002,19
27,G,29,G,2.9691999999999783e-06,64
27,G,30,A,6.894699999999976e-05,167
27,G,31,A,0.000416451,235
27,G,32,T,-1.5208999999999969e-05,288
27,G,33,C,0.00010609299999999981,387
27,G,34,C,-4.940399999999964e-06,474
27,G,35,A,-0.0011540810000000008,657
27,G,36,C,-2.1699999999999497e-05,729
27,G,37,G,0.00011163500000000229,807
27,G,38,G,-0.00013860299999999756,889
27,G,39,C,6.916200000000022e-05,933
27,G,40,A,0.00010587699999999988,997
27,G,41,G,0.0002362810000000005,1212
27,G,42,G,0.0004918660000000005,1335
27,G,43,T,5.898999999999835e-05,1391
27,G,44,G,2.2329999999999225e-05,1474
27,G,45,C,2.126889999999994e-06,1801
27,G,46,G,-5.366300000000132e-06,1920
27,G,47,A,2.651060000000003e-06,2050
28,C,0,G,-2.8836999999999873e-05,1642
28,C,1,C,3.6440000000005635e-06,1430
28,C,1,T,0.0001376760000000015,1430
28,C,2,A,3.708040000000002e-06,1386
28,C,3,A,-8.72059999999994e-05,1296
28,C,4,A,5.860799999999819e-05,1130
28,C,5,A,3.516283999999999e-05,1126
28,C,6,G,8.990600000000157e-06,1011
28,C,7,A,2.1625999999999417e-05,999
28,C,8,T,2.833940000000003e-06,591
28,C,9,A,-5.0687999999999254e-05,566
28,C,10,G,0.0002631259999999998,561
28,C,11,A,-9.26029999999997e-05,422
28,C,12,-,-8.25279999999999e-06,122
28,C,13,-,-8.25279999999999e-06,121
28,C,14,-,-8.25279999999999e-06,120
28,C,15,-,-8.483400000000021e-06,119
28,C,16,-,-8.483400000000021e-06,118
28,C,17,-,-8.29110000000004e-06,117
28,C,18,-,-8.29110000000004e-06,116
28,C,19,-,-8.483400000000021e-06,115
28,C,20,-,-8.483400000000021e-06,114
28,C,21,-,-8.29110000000004e-06,113
28,C,22,-,-8.774600000000009e-06,112
28,C,23,T,-8.566499999999953e-06,46
28,C,24,A,1.9325000000000592e-05,39
28,C,25,G,1.9626999999999492e-05,38
28,C,26,T,0.00021436999999999845,24
28,C,27,G,-9.255200000000009e-05,19
28,C,28,C,0,0
28,C,29,G,4.528500000000016e-06,45
28,C,30,A,-7.858900000000044e-05,148
28,C,31,A,-3.0282999999999873e-05,216
28,C,32,T,-2.5231000000000125e-05,269
28,C,33,C,0.0010954509999999995,368
28,C,34,C,-8.216499999999971e-06,455
28,C,35,A,-9.26029999999997e-05,638
28,C,36,C,-5.0903999999999186e-05,710
28,C,37,G,-0.0001264170000000002,788
28,C,38,G,9.461499999999928e-05,870
28,C,39,C,-7.837299999999964e-05,914
28,C,40,A,0.001095235,978
28,C,41,G,-0.0004189419999999994,1193
28,C,42,G,-0.00028494100000000036,1316
28,C,43,T,6.317000000000128e-05,1372
28,C,44,G,2.3917000000000035e-05,1455
28,C,45,C,3.18387999999998e-06,1782
28,C,46,G,-8.642400000000031e-06,1901
28,C,47,A,3.708040000000002e-06,2031
29,G,0,G,6.4689999999998325e-06,1687
29,G,1,C,-3.04999999999056e-07,1475
29,G,1,T,-1.0299999999956178e-07,1475
29,G,2,A,4.936130000000004e-06,1431
29,G,3,A,-8.339999999999043e-07,1341
29,G,4,A,7.069999999990972e-07,1175
29,G,5,A,-1.4202900000000033e-06,1171
29,G,6,G,2.5156000000000137e-06,1056
29,G,7,A,1.3401000000000558e-05,1044
29,G,8,T,4.061989999999975e-06,636
29,G,9,A,-9.899999999993248e-08,611
29,G,10,G,-4.000000000062981e-09,606
29,G,11,A,-8.899999999999186e-08,467
29,G,12,-,5.790000000000092e-07,167
29,G,13,-,5.790000000000092e-07,166
29,G,14,-,5.790000000000092e-07,165
29,G,15,-,3.483999999999779e-07,164
29,G,16,-,3.483999999999779e-07,163
29,G,17,-,5.406999999999591e-07,162
29,G,18,-,5.406999999999591e-07,161
29,G,19,-,3.483999999999779e-07,160
29,G,20,-,3.483999999999779e-07,159
29,G,21,-,5.406999999999591e-07,158
29,G,22,-,5.71999999999899e-08,157
29,G,23,T,2.653000000000464e-07,91
29,G,24,A,7.398000000000474e-06,84
29,G,25,G,7.699999999999374e-06,83
29,G,26,T,2.929999999998212e-06,69
29,G,27,G,-3.899999999942144e-08,64
29,G,28,C,-6.84999999999835e-07,45
29,G,29,G,0,0
29,G,30,A,-6.299999999979933e-08,103
29,G,31,A,3.730000000001267e-07,171
29,G,32,T,1.7889999999998706e-06,224
29,G,33,C,-4.880000000003111e-07,323
29,G,34,C,6.153000000000278e-07,410
29,G,35,A,-8.899999999999186e-08,593
29,G,36,C,-3.13999999999523e-07,665
29,G,37,G,2.8700000000159154e-07,743
29,G,38,G,1.3099999999696688e-07,825
29,G,39,C,1.519999999997912e-07,869
29,G,40,A,-7.029999999999016e-07,933
29,G,41,G,-1.079000000000184e-06,1148
29,G,42,G,9.090000000003262e-07,1271
29,G,43,T,3.150000000003844e-06,1327
29,G,44,G,-2.839299999999982e-05,1410
29,G,45,C,4.412030000000013e-06,1737
29,G,46,G,1.8939999999996807e-07,1856
29,G,47,A,4.936130000000004e-06,1986
30,A,0,G,-3.20889999999999e-05,1790
30,A,1,C,-0.0001575610000000005,1578
30,A,1,T,-0.0005142509999999986,1578
30,A,2,A,4.362699999999991e-06,1534
30,A,3,A,-4.357799999999898e-05,1444
30,A,4,A,-0.000520085,1278
30,A,5,A,7.176916e-05,1274
30,A,6,G,1.3292499999999988e-05,1159
30,A,7,A,3.972699999999982e-05,1147
30,A,8,T,3.4885700000000038e-06,739
30,A,9,A,-2.5134999999999914e-05,714
30,A,10,G,0.0009559422999999999,709
30,A,11,A,0.00010754699999999994,570
30,A,12,-,-8.22520000000001e-06,270
30,A,13,-,-8.22520000000001e-06,269
30,A,14,-,-8.22520000000001e-06,268
30,A,15,-,-8.455799999999934e-06,267
30,A,16,-,-8.455799999999934e-06,266
30,A,17,-,-8.263499999999952e-06,265
30,A,18,-,-8.263499999999952e-06,264
30,A,19,-,-8.455799999999934e-06,263
30,A,20,-,-8.455799999999934e-06,262
30,A,21,-,-8.263499999999952e-06,261
30,A,22,-,-8.746999999999922e-06,260
30,A,23,T,-8.538899999999865e-06,194
30,A,24,A,3.96839999999999e-05,187
30,A,25,G,3.9986000000000535e-05,186
30,A,26,T,0.00024098999999999648,172
30,A,27,G,0.00010759700000000007,167
30,A,28,C,0.00013968699999999988,148
30,A,29,G,5.494299999999979e-06,103
30,A,30,A,0,0
30,A,31,A,-4.7361000000000104e-05,68
30,A,32,T,-2.5147000000000103e-05,121
30,A,33,C,0.00013988499999999975,220
30,A,34,C,-8.1889000000001e-06,307
30,A,35,A,0.00010754699999999994,490
30,A,36,C,-2.5349999999999505e-05,562
30,A,37,G,0.0010454580000000008,640
30,A,38,G,-0.0004474700000000019,722
30,A,39,C,-0.0025217580000000007,766
30,A,40,A,0.00013966900000000025,830
30,A,41,G,0.00031153699999999975,1045
30,A,42,G,0.0004694199999999999,1168
30,A,43,T,0.00012061000000000363,1224
30,A,44,G,4.497600000000039e-05,1307
30,A,45,C,3.838609999999988e-06,1634
30,A,46,G,-8.614800000000052e-06,1753
30,A,47,A,4.362699999999991e-06,1883
31,A,0,G,-2.3547000000000064e-05,1858
31,A,1,C,-0.0005062369999999997,1646
31,A,1,T,0.000551407000000002,1646
31,A,2,A,3.1346600000000063e-06,1602
31,A,3,A,-6.693199999999871e-05,1512
31,A,4,A,-0.00043008699999999914,1346
31,A,5,A,0.00045975879999999995,1342
31,A,6,G,7.719099999999816e-06,1227
31,A,7,A,1.908899999999991e-05,1215
31,A,8,T,2.260549999999993e-06,807
31,A,9,A,-3.881399999999986e-05,782
31,A,10,G,-0.00035910900000000025,777
31,A,11,A,0.00037027899999999983,638
31,A,12,-,-6.662599999999932e-06,338
31,A,13,-,-6.662599999999932e-06,337
31,A,14,-,-6.662599999999932e-06,336
31,A,15,-,-6.893199999999963e-06,335
31,A,16,-,-6.893199999999963e-06,334
31,A,17,-,-6.70090000000009e-06,333
31,A,18,-,-6.70090000000009e-06,332
31,A,19,-,-6.893199999999963e-06,331
31,A,20,-,-6.893199999999963e-06,330
31,A,21,-,-6.70090000000009e-06,329
31,A,22,-,-7.1844000000000595e-06,328
31,A,23,T,-6.976300000000003e-06,262
31,A,24,A,1.7316000000001594e-05,255
31,A,25,G,1.761700000000102e-05,254
31,A,26,T,0.00017562999999999607,240
31,A,27,G,0.00037032899999999997,235
31,A,28,C,3.079500000000013e-05,216
31,A,29,G,3.682599999999957e-06,171
31,A,30,A,-2.7492999999999962e-05,68
31,A,31,A,0,0
31,A,32,T,-2.0366999999999868e-05,53
31,A,33,C,3.0990999999999744e-05,152
31,A,34,C,-6.626300000000022e-06,239
31,A,35,A,0.00037027899999999983,422
31,A,36,C,-3.902899999999945e-05,494
31,A,37,G,-4.3972999999999235e-05,572
31,A,38,G,3.051499999999832e-05,654
31,A,39,C,-2.727800000000037e-05,698
31,A,40,A,3.0775000000000247e-05,762
31,A,41,G,6.902499999999947e-05,977
31,A,42,G,-0.00036896900000000024,1100
31,A,43,T,5.591000000000276e-05,1156
31,A,44,G,2.1230999999998293e-05,1239
31,A,45,C,2.6104899999999974e-06,1566
31,A,46,G,-7.052199999999973e-06,1685
31,A,47,A,3.1346600000000063e-06,1815
32,T,0,G,-2.0034999999999845e-05,1911
32,T,1,C,-8.942999999999104e-06,1699
32,T,1,T,-5.475999999999051e-06,1699
32,T,2,A,-4.737920000000002e-06,1655
32,T,3,A,-4.4966999999999924e-05,1565
32,T,4,A,1.8415999999996796e-05,1399
32,T,5,A,-2.8470590000000004e-05,1395
32,T,6,G,-1.6034399999999976e-05,1280
32,T,7,A,1.3635000000000556e-05,1268
32,T,8,T,-5.612040000000003e-06,860
32,T,9,A,-2.5947999999999596e-05,835
32,T,10,G,-3.2970000000001956e-06,830
32,T,11,A,7.540999999999798e-06,691
32,T,12,-,-9.483199999999977e-06,391
32,T,13,-,-9.483199999999977e-06,390
32,T,14,-,-9.483199999999977e-06,389
32,T,15,-,-9.713800000000009e-06,388
32,T,16,-,-9.713800000000009e-06,387
32,T,17,-,-9.521399999999993e-06,386
32,T,18,-,-9.521399999999993e-06,385
32,T,19,-,-9.713800000000009e-06,384
32,T,20,-,-9.713800000000009e-06,383
32,T,21,-,-9.521399999999993e-06,382
32,T,22,-,-1.0004999999999997e-05,381
32,T,23,T,-9.796799999999906e-06,315
32,T,24,A,2.4634000000000808e-05,308
32,T,25,G,2.493599999999971e-05,307
32,T,26,T,8.015000000000105e-05,293
32,T,27,G,7.590000000000027e-06,288
32,T,28,C,-1.5231000000000099e-05,269
32,T,29,G,-7.931400000000003e-06,224
32,T,30,A,7.972999999999661e-06,121
32,T,31,A,1.1858999999999915e-05,53
32,T,32,T,0,0
32,T,33,C,-1.5034000000000141e-05,99
32,T,34,C,-9.446800000000033e-06,186
32,T,35,A,7.540999999999798e-06,369
32,T,36,C,-2.6163999999999528e-05,441
32,T,37,G,1.3252000000000055e-05,519
32,T,38,G,-9.210999999998554e-06,601
32,T,39,C,8.188000000000119e-06,645
32,T,40,A,-1.5249000000000165e-05,709
32,T,41,G,-3.3474999999999824e-05,924
32,T,42,G,9.879000000000832e-06,1047
32,T,43,T,-4.449999999999593e-06,1103
32,T,44,G,-5.540000000000059e-05,1186
32,T,45,C,-5.261990000000004e-06,1513
32,T,46,G,-9.872700000000093e-06,1632
32,T,47,A,-4.737920000000002e-06,1762
33,C,0,G,-2.6719000000000135e-05,2010
33,C,1,C,3.3640000000022263e-06,1798
33,C,1,T,0.00012766600000000024,1798
33,C,2,A,3.4687800000000017e-06,1754
33,C,3,A,-8.09039999999997e-05,1664
33,C,4,A,5.433399999999963e-05,1498
33,C,5,A,3.2579129999999997e-05,1494
33,C,6,G,8.367899999999883e-06,1379
33,C,7,A,2.0075999999999948e-05,1367
33,C,8,T,2.5947099999999777e-06,959
33,C,9,A,-4.6997999999999485e-05,934
33,C,10,G,0.0002440239999999998,929
33,C,11,A,-8.59089999999999e-05,790
33,C,12,-,-7.64880000000002e-06,490
33,C,13,-,-7.64880000000002e-06,489
33,C,14,-,-7.64880000000002e-06,488
33,C,15,-,-7.879399999999944e-06,487
33,C,16,-,-7.879399999999944e-06,486
33,C,17,-,-7.68710000000007e-06,485
33,C,18,-,-7.68710000000007e-06,484
33,C,19,-,-7.879399999999944e-06,483
33,C,20,-,-7.879399999999944e-06,482
33,C,21,-,-7.68710000000007e-06,481
33,C,22,-,-8.17060000000004e-06,480
33,C,23,T,-7.962499999999983e-06,414
33,C,24,A,1.7902000000000196e-05,407
33,C,25,G,1.820400000000083e-05,406
33,C,26,T,0.0001987700000000009,392
33,C,27,G,-8.585899999999976e-05,387
33,C,28,C,0.0010157130000000001,368
33,C,29,G,4.175499999999987e-06,323
33,C,30,A,-7.291499999999979e-05,220
33,C,31,A,-2.8092999999999868e-05,152
33,C,32,T,-2.3383000000000084e-05,99
33,C,33,C,0,0
33,C,34,C,-7.612500000000002e-06,87
33,C,35,A,-8.59089999999999e-05,270
33,C,36,C,-4.7212999999999075e-05,342
33,C,37,G,-0.0001172629999999994,420
33,C,38,G,8.775699999999734e-05,502
33,C,39,C,-7.27000000000002e-05,546
33,C,40,A,0.0010156949999999996,610
33,C,41,G,-0.00038850099999999943,825
33,C,42,G,-0.00026421899999999957,948
33,C,43,T,5.855000000000096e-05,1004
33,C,44,G,2.2215000000000776e-05,1087
33,C,45,C,2.944650000000009e-06,1414
33,C,46,G,-8.038400000000062e-06,1533
33,C,47,A,3.4687800000000017e-06,1663
34,C,0,G,-1.8689999999998291e-06,2097
34,C,1,C,-1.14600000000048e-06,1885
34,C,1,T,-7.239999999988228e-07,1885
34,C,2,A,-1.4121999999998575e-07,1841
34,C,3,A,-5.22999999999843e-06,1751
34,C,4,A,1.7479999999993334e-06,1585
34,C,5,A,-3.4367200000000222e-06,1581
34,C,6,G,-1.3548000000001247e-06,1466
34,C,7,A,1.717000000000038e-06,1454
34,C,8,T,-1.0152900000000233e-06,1046
34,C,9,A,-2.6740000000002526e-06,1021
34,C,10,G,-2.870000000002905e-07,1016
34,C,11,A,4.1699999999995213e-07,877
34,C,12,-,4.6330600000000013e-05,577
34,C,13,-,4.6330600000000013e-05,576
34,C,14,-,4.6330600000000013e-05,575
34,C,15,-,4.610000000000009e-05,574
34,C,16,-,4.610000000000009e-05,573
34,C,17,-,4.629229999999996e-05,572
34,C,18,-,4.629229999999996e-05,571
34,C,19,-,4.610000000000009e-05,570
34,C,20,-,4.610000000000009e-05,569
34,C,21,-,4.629229999999996e-05,568
34,C,22,-,4.5808799999999994e-05,567
34,C,23,T,4.601689999999994e-05,501
34,C,24,A,2.4159999999998766e-06,494
34,C,25,G,2.7180000000005117e-06,493
34,C,26,T,8.290000000001074e-06,479
34,C,27,G,4.6700000000052255e-07,474
34,C,28,C,-1.7149999999997896e-06,455
34,C,29,G,-1.1500999999999265e-06,410
34,C,30,A,4.429999999992773e-07,307
34,C,31,A,1.1769999999997754e-06,239
34,C,32,T,-2.9310000000002875e-06,186
34,C,33,C,-1.519000000000173e-06,87
34,C,34,C,0,0
34,C,35,A,4.1699999999995213e-07,183
34,C,36,C,-2.890000000000184e-06,255
34,C,37,G,1.1030000000005619e-06,333
34,C,38,G,-8.45000000002788e-07,415
34,C,39,C,6.590000000000762e-07,459
34,C,40,A,-1.7350000000001045e-06,523
34,C,41,G,-3.374999999999906e-06,738
34,C,42,G,1.4309999999996548e-06,861
34,C,43,T,-8.299999999968055e-07,917
34,C,44,G,-5.541999999999006e-06,1000
34,C,45,C,-6.65350000000019e-07,1327
34,C,46,G,4.594099999999997e-05,1446
34,C,47,A,-1.4121999999998575e-07,1576
35,A,0,G,-1.709900000000002e-05,2280
35,A,1,C,-0.000394017,2068
35,A,1,T,0.0002016439999999991,2068
35,A,2,A,2.477569999999996e-06,2024
35,A,3,A,-3.448600000000024e-05,1934
35,A,4,A,-0.00014859399999999842,1768
35,A,5,A,1.9905140000000003e-05,1764
35,A,6,G,6.655400000000079e-06,1649
35,A,7,A,1.8279000000000385e-05,1637
35,A,8,T,1.6034099999999928e-06,1229
35,A,9,A,-1.9809999999999446e-05,1204
35,A,10,G,-0.000315601,1199
35,A,11,A,-0.001064643,1060
35,A,12,-,-4.586e-06,760
35,A,13,-,-4.586e-06,759
35,A,14,-,-4.586e-06,758
35,A,15,-,-4.816599999999923e-06,757
35,A,16,-,-4.816599999999923e-06,756
35,A,17,-,-4.624200000000016e-06,755
35,A,18,-,-4.624200000000016e-06,754
35,A,19,-,-4.816599999999923e-06,753
35,A,20,-,-4.816599999999923e-06,752
35,A,21,-,-4.624200000000016e-06,751
35,A,22,-,-5.107699999999985e-06,750
35,A,23,T,-4.899600000000037e-06,684
35,A,24,A,1.7504999999999257e-05,677
35,A,25,G,1.7806999999999892e-05,676
35,A,26,T,0.00012881000000000004,662
35,A,27,G,-0.001064593,657
35,A,28,C,9.767900000000026e-05,638
35,A,29,G,2.713199999999959e-06,593
35,A,30,A,6.35649999999998e-05,490
35,A,31,A,0.00038415499999999974,422
35,A,32,T,-1.401300000000022e-05,369
35,A,33,C,9.787599999999978e-05,270
35,A,34,C,-4.5496000000000555e-06,183
35,A,35,A,0,0
35,A,36,C,-2.0023999999999563e-05,72
35,A,37,G,0.00010295299999999938,150
35,A,38,G,-0.00012784499999999796,232
35,A,39,C,6.37810000000006e-05,276
35,A,40,A,9.766099999999975e-05,340
35,A,41,G,0.00021798300000000059,555
35,A,42,G,0.00045376500000000007,678
35,A,43,T,5.438999999999791e-05,734
35,A,44,G,2.063499999999975e-05,817
35,A,45,C,1.953450000000004e-06,1144
35,A,46,G,-4.975500000000007e-06,1263
35,A,47,A,2.477569999999996e-06,1393
36,C,0,G,6.189900000000024e-05,2352
36,C,1,C,0.0001352320000000025,2140
36,C,1,T,0.0001207810000000021,2140
36,C,2,A,-1.7258600000000072e-06,2096
36,C,3,A,0.000438262,2006
36,C,4,A,-2.450400000000158e-05,1840
36,C,5,A,0.00019473749,1836
36,C,6,G,9.048099999999816e-06,1721
36,C,7,A,3.340899999999987e-05,1709
36,C,8,T,-2.6000100000000232e-06,1301
36,C,9,A,-0.002974738,1276
36,C,10,G,3.7635999999999746e-05,1271
36,C,11,A,-3.191899999999961e-05,1132
36,C,12,-,2.4043999999999975e-05,832
36,C,13,-,2.4043999999999975e-05,831
36,C,14,-,2.4043999999999975e-05,830
36,C,15,-,2.3813400000000052e-05,829
36,C,16,-,2.3813400000000052e-05,828
36,C,17,-,2.4005800000000068e-05,827
36,C,18,-,2.4005800000000068e-05,826
36,C,19,-,2.3813400000000052e-05,825
36,C,20,-,2.3813400000000052e-05,824
36,C,21,-,2.4005800000000068e-05,823
36,C,22,-,2.3522200000000064e-05,822
36,C,23,T,2.373030000000012e-05,756
36,C,24,A,4.2850000000000527e-05,749
36,C,25,G,4.315199999999943e-05,748
36,C,26,T,-0.0004090100000000013,734
36,C,27,G,-3.1868e-05,729
36,C,28,C,8.500499999999998e-05,710
36,C,29,G,-3.4879000000000247e-06,665
36,C,30,A,-2.411100000000027e-05,562
36,C,31,A,-6.382699999999981e-05,494
36,C,32,T,7.357700000000002e-05,441
36,C,33,C,8.520199999999993e-05,342
36,C,34,C,2.4080299999999885e-05,255
36,C,35,A,-3.191899999999961e-05,72
36,C,36,C,0,0
36,C,37,G,-3.851599999999886e-05,78
36,C,38,G,0.00017107900000000106,160
36,C,39,C,-2.3895999999999813e-05,204
36,C,40,A,8.498699999999991e-05,268
36,C,41,G,0.00018975600000000013,483
36,C,42,G,-9.988999999998444e-06,606
36,C,43,T,0.0001357700000000038,662
36,C,44,G,7.488299999999955e-05,745
36,C,45,C,-2.2499600000000248e-06,1072
36,C,46,G,2.3654399999999934e-05,1191
36,C,47,A,-1.7258600000000072e-06,1321
37,G,0,G,-0.0001035369999999999,2430
37,G,1,C,-0.0005044449999999992,2218
37,G,1,T,-0.0016475530000000013,2218
37,G,2,A,1.30689e-05,2174
37,G,3,A,-0.0001386789999999992,2084
37,G,4,A,-0.0016660000000000043,1918
37,G,5,A,0.0002308983,1914
37,G,6,G,4.167789999999982e-05,1799
37,G,7,A,0.0001266850000000005,1787
37,G,8,T,1.2194769999999998e-05,1379
37,G,9,A,-8.083799999999974e-05,1354
37,G,10,G,0.0030630861,1349
37,G,11,A,0.0003456029999999999,1210
37,G,12,-,-2.6498799999999964e-05,910
37,G,13,-,-2.6498799999999964e-05,909
37,G,14,-,-2.6498799999999964e-05,908
37,G,15,-,-2.6729399999999995e-05,907
37,G,16,-,-2.6729399999999995e-05,906
37,G,17,-,-2.653699999999998e-05,905
37,G,18,-,-2.653699999999998e-05,904
37,G,19,-,-2.6729399999999995e-05,903
37,G,20,-,-2.6729399999999995e-05,902
37,G,21,-,-2.653699999999998e-05,901
37,G,22,-,-2.702049999999995e-05,900
37,G,23,T,-2.6812399999999893e-05,834
37,G,24,A,0.00012775000000000113,827
37,G,25,G,0.00012805200000000003,826
37,G,26,T,0.0007730899999999971,812
37,G,27,G,0.00034565300000000045,807
37,G,28,C,0.00044780899999999997,788
37,G,29,G,1.8338099999999993e-05,743
37,G,30,A,0.0020765129999999994,640
37,G,31,A,-0.00015152099999999995,572
37,G,32,T,-8.10530000000002e-05,519
37,G,33,C,0.000448005,420
37,G,34,C,-2.646240000000002e-05,333
37,G,35,A,0.0003456029999999999,150
37,G,36,C,-8.105199999999986e-05,78
37,G,37,G,0,0
37,G,38,G,-0.0014342500000000015,82
37,G,39,C,0.0020767299999999997,126
37,G,40,A,0.00044778899999999965,190
37,G,41,G,0.0009977380000000006,405
37,G,42,G,0.001503316000000001,528
37,G,43,T,0.0003873899999999979,584
37,G,44,G,0.00014308300000000045,667
37,G,45,C,1.2544809999999983e-05,994
37,G,46,G,-2.688830000000008e-05,1113
37,G,47,A,1.30689e-05,1243
38,G,0,G,5.594099999999989e-05,2512
38,G,1,C,-0.007356679000000001,2300
38,G,1,T,-0.007600525000000002,2300
38,G,2,A,-7.818599999999973e-07,2256
38,G,3,A,0.0011094810000000007,2166
38,G,4,A,-0.005809400000000003,2000
38,G,5,A,-0.0041625149999999994,1996
38,G,6,G,4.3338299999999856e-05,1881
38,G,7,A,0.00023807499999999992,1869
38,G,8,T,-1.6560100000000133e-06,1461
38,G,9,A,0.0006502280000000001,1436
38,G,10,G,-0.0016447400000000004,1431
38,G,11,A,-0.0007689249999999997,1292
38,G,12,-,3.285000000000007e-05,992
38,G,13,-,3.285000000000007e-05,991
38,G,14,-,3.285000000000007e-05,990
38,G,15,-,3.2619400000000144e-05,989
38,G,16,-,3.2619400000000144e-05,988
38,G,17,-,3.281180000000005e-05,987
38,G,18,-,3.281180000000005e-05,986
38,G,19,-,3.2619400000000144e-05,985
38,G,20,-,3.2619400000000144e-05,984
38,G,21,-,3.281180000000005e-05,983
38,G,22,-,3.232820000000005e-05,982
38,G,23,T,3.2536299999999995e-05,916
38,G,24,A,0.000284388,909
38,G,25,G,0.00028469000000000064,908
38,G,26,T,-0.0003626099999999993,894
38,G,27,G,-0.0007688740000000001,889
38,G,28,C,-0.000601585,870
38,G,29,G,-2.0951999999999863e-06,825
38,G,30,A,-0.0015938370000000007,722
38,G,31,A,0.00018875100000000002,654
38,G,32,T,0.00010051899999999987,601
38,G,33,C,-0.000601388,502
38,G,34,C,3.288629999999998e-05,415
38,G,35,A,-0.0007689249999999997,232
38,G,36,C,0.0006500130000000005,160
38,G,37,G,-0.002571309000000001,82
38,G,38,G,0,0
38,G,39,C,-0.001593621,44
38,G,40,A,-0.0006016049999999998,108
38,G,41,G,-0.0013393169999999996,323
38,G,42,G,-0.003096946999999999,446
38,G,43,T,0.0007706500000000012,502
38,G,44,G,0.00028254899999999826,585
38,G,45,C,-1.3059699999999749e-06,912
38,G,46,G,3.2460400000000026e-05,1031
38,G,47,A,-7.818599999999973e-07,1161
39,C,0,G,-3.428299999999997e-05,2556
39,C,1,C,-0.0001682179999999995,2344
39,C,1,T,-0.000549067999999998,2344
39,C,2,A,4.6301800000000004e-06,2300
39,C,3,A,-4.6499999999999667e-05,2210
39,C,4,A,-0.0005552900000000034,2044
39,C,5,A,7.665795e-05,2040
39,C,6,G,1.4164599999999875e-05,1925
39,C,7,A,4.2397999999999915e-05,1913
39,C,8,T,3.756009999999983e-06,1505
39,C,9,A,-2.684599999999964e-05,1480
39,C,10,G,0.0010206782999999998,1475
39,C,11,A,0.00011486099999999996,1336
39,C,12,-,-8.786599999999981e-06,1036
39,C,13,-,-8.786599999999981e-06,1035
39,C,14,-,-8.786599999999981e-06,1034
39,C,15,-,-9.017199999999904e-06,1033
39,C,16,-,-9.017199999999904e-06,1032
39,C,17,-,-8.824900000000031e-06,1031
39,C,18,-,-8.824900000000031e-06,1030
39,C,19,-,-9.017199999999904e-06,1029
39,C,20,-,-9.017199999999904e-06,1028
39,C,21,-,-8.824900000000031e-06,1027
39,C,22,-,-9.3084e-06,1026
39,C,23,T,-9.100300000000052e-06,960
39,C,24,A,4.2390000000001524e-05,953
39,C,25,G,4.2692000000000424e-05,952
39,C,26,T,0.00025733000000000006,938
39,C,27,G,0.00011491100000000053,933
39,C,28,C,0.0001491550000000002,914
39,C,29,G,5.888799999999956e-06,869
39,C,30,A,-0.002692743000000001,766
39,C,31,A,-5.056100000000018e-05,698
39,C,32,T,-2.686500000000005e-05,645
39,C,33,C,0.00014935099999999982,546
39,C,34,C,-8.750300000000071e-06,459
39,C,35,A,0.00011486099999999996,276
39,C,36,C,-2.7061999999999573e-05,204
39,C,37,G,0.001116286000000001,126
39,C,38,G,-0.00047779000000000224,44
39,C,39,C,0,0
39,C,40,A,0.0001491349999999999,64
39,C,41,G,0.0003326190000000019,279
39,C,42,G,0.0005011829999999988,402
39,C,43,T,0.0001288100000000035,458
39,C,44,G,4.798999999999949e-05,541
39,C,45,C,4.106049999999994e-06,868
39,C,46,G,-9.176200000000022e-06,987
39,C,47,A,4.6301800000000004e-06,1117
40,A,0,G,-2.994099999999991e-05,2620
40,A,1,C,3.7890000000005697e-06,2408
40,A,1,T,0.00014289500000000052,2408
40,A,2,A,3.832820000000003e-06,2364
40,A,3,A,-9.049199999999931e-05,2274
40,A,4,A,6.083799999999709e-05,2108
40,A,5,A,3.651039999999999e-05,2104
40,A,6,G,9.315399999999894e-06,1989
40,A,7,A,2.2435000000000337e-05,1977
40,A,8,T,2.9587299999999912e-06,1569
40,A,9,A,-5.26129999999991e-05,1544
40,A,10,G,0.0002730879999999999,1539
40,A,11,A,-9.609299999999979e-05,1400
40,A,12,-,-8.567799999999962e-06,1100
40,A,13,-,-8.567799999999962e-06,1099
40,A,14,-,-8.567799999999962e-06,1098
40,A,15,-,-8.798399999999885e-06,1097
40,A,16,-,-8.798399999999885e-06,1096
40,A,17,-,-8.606100000000012e-06,1095
40,A,18,-,-8.606100000000012e-06,1094
40,A,19,-,-8.798399999999885e-06,1093
40,A,20,-,-8.798399999999885e-06,1092
40,A,21,-,-8.606100000000012e-06,1091
40,A,22,-,-9.089599999999982e-06,1090
40,A,23,T,-8.881500000000033e-06,1024
40,A,24,A,2.006700000000035e-05,1017
40,A,25,G,2.0367999999999775e-05,1016
40,A,26,T,0.0002225099999999952,1002
40,A,27,G,-9.604299999999965e-05,997
40,A,28,C,0.001136739,978
40,A,29,G,4.712599999999966e-06,933
40,A,30,A,-8.154699999999952e-05,830
40,A,31,A,-3.1427000000000104e-05,762
40,A,32,T,-2.6195000000000124e-05,709
40,A,33,C,0.0011369359999999994,610
40,A,34,C,-8.531500000000052e-06,523
40,A,35,A,-9.609299999999979e-05,340
40,A,36,C,-5.2827999999999556e-05,268
40,A,37,G,-0.00013119099999999925,190
40,A,38,G,9.819299999999989e-05,108
40,A,39,C,-8.133199999999993e-05,64
40,A,40,A,0,0
40,A,41,G,-0.0004348189999999995,215
40,A,42,G,-0.00029574899999999966,338
40,A,43,T,6.557000000000437e-05,394
40,A,44,G,2.4805000000001007e-05,477
40,A,45,C,3.3086699999999684e-06,804
40,A,46,G,-8.957400000000003e-06,923
40,A,47,A,3.832820000000003e-06,1053
41,G,0,G,-0.00018462700000000014,2835
41,G,1,C,2.4208000000001256e-05,2623
41,G,1,T,0.0008740450000000021,2623
41,G,2,A,2.1310969999999998e-05,2579
41,G,3,A,-0.000550788,2489
41,G,4,A,0.0003731399999999975,2323
41,G,5,A,0.00022525532,2319
41,G,6,G,5.4802399999999765e-05,2204
41,G,7,A,0.00013567699999999985,2192
41,G,8,T,2.0436809999999994e-05,1784
41,G,9,A,-0.00032221499999999983,1759
41,G,10,G,0.0016685286999999999,1754
41,G,11,A,-0.0005849850000000001,1615
41,G,12,-,-5.268839999999998e-05,1315
41,G,13,-,-5.268839999999998e-05,1314
41,G,14,-,-5.268839999999998e-05,1313
41,G,15,-,-5.291900000000001e-05,1312
41,G,16,-,-5.291900000000001e-05,1311
41,G,17,-,-5.272670000000003e-05,1310
41,G,18,-,-5.272670000000003e-05,1309
41,G,19,-,-5.291900000000001e-05,1308
41,G,20,-,-5.291900000000001e-05,1307
41,G,21,-,-5.272670000000003e-05,1306
41,G,22,-,-5.32102e-05,1305
41,G,23,T,-5.300219999999998e-05,1239
41,G,24,A,0.00012398700000000075,1232
41,G,25,G,0.00012428800000000018,1231
41,G,26,T,0.0013617099999999986,1217
41,G,27,G,-0.000584935,1212
41,G,28,C,-0.001193975,1193
41,G,29,G,3.049719999999995e-05,1148
41,G,30,A,-0.0004959830000000002,1045
41,G,31,A,-0.00019148699999999973,977
41,G,32,T,-0.000161179,924
41,G,33,C,-0.0011937780000000004,825
41,G,34,C,-5.26522e-05,738
41,G,35,A,-0.0005849850000000001,555
41,G,36,C,-0.0003224300000000003,483
41,G,37,G,-0.0007998939999999989,405
41,G,38,G,0.0005992389999999979,323
41,G,39,C,-0.0004957679999999997,279
41,G,40,A,-0.0011939949999999998,215
41,G,41,G,0,0
41,G,42,G,-0.0018095060000000007,123
41,G,43,T,0.00040279000000000356,179
41,G,44,G,0.0001491769999999986,262
41,G,45,C,2.078684999999998e-05,589
41,G,46,G,-5.307800000000013e-05,708
41,G,47,A,2.1310969999999998e-05,838
42,G,0,G,-9.744700000000007e-05,2958
42,G,1,C,-0.002452125999999999,2746
42,G,1,T,-0.000850799999999997,2746
42,G,2,A,1.27694e-05,2702
42,G,3,A,-4.8449999999998494e-05,2612
42,G,4,A,0.0008008999999999968,2446
42,G,5,A,-0.003003295,2442
42,G,6,G,4.441319999999994e-05,2327
42,G,7,A,0.00014349099999999993,2315
42,G,8,T,1.1895319999999962e-05,1907
42,G,9,A,-2.7988999999999965e-05,1882
42,G,10,G,-0.002300234,1877
42,G,11,A,0.0019341751999999999,1738
42,G,12,-,-2.3469799999999976e-05,1438
42,G,13,-,-2.3469799999999976e-05,1437
42,G,14,-,-2.3469799999999976e-05,1436
42,G,15,-,-2.37003999999999e-05,1435
42,G,16,-,-2.37003999999999e-05,1434
42,G,17,-,-2.3507999999999992e-05,1433
42,G,18,-,-2.3507999999999992e-05,1432
42,G,19,-,-2.37003999999999e-05,1431
42,G,20,-,-2.37003999999999e-05,1430
42,G,21,-,-2.3507999999999992e-05,1429
42,G,22,-,-2.3991599999999996e-05,1428
42,G,23,T,-2.3783400000000014e-05,1362
42,G,24,A,0.00014824600000000118,1355
42,G,25,G,0.00014854800000000008,1354
42,G,26,T,0.0007318499999999992,1340
42,G,27,G,0.0019342250000000004,1335
42,G,28,C,0.0012916809999999998,1316
42,G,29,G,1.7896199999999952e-05,1271
42,G,30,A,0.001186234999999999,1168
42,G,31,A,-0.0016339790000000007,1100
42,G,32,T,-7.178700000000024e-05,1047
42,G,33,C,0.001291876999999999,948
42,G,34,C,-2.3433400000000032e-05,861
42,G,35,A,0.0019341751999999999,678
42,G,36,C,-2.8203999999999556e-05,606
42,G,37,G,0.0019144110000000013,528
42,G,38,G,-0.00220155,446
42,G,39,C,0.0011864509999999998,402
42,G,40,A,0.0012916610000000004,338
42,G,41,G,0.0028770850000000006,123
42,G,42,G,0,0
42,G,43,T,0.00044225000000000167,56
42,G,44,G,0.00016313799999999844,139
42,G,45,C,1.224526000000002e-05,466
42,G,46,G,-2.3859299999999983e-05,585
42,G,47,A,1.27694e-05,715
43,T,0,G,-0.0005275229999999998,3014
43,T,1,C,0.0012420079999999993,2802
43,T,1,T,0.0015611549999999998,2802
43,T,2,A,0.00030159793,2758
43,T,3,A,0.0021431410000000003,2668
43,T,4,A,0.002899981999999999,2502
43,T,5,A,-0.0010316482,2498
43,T,6,G,0.0010777503999999999,2383
43,T,7,A,0.0016666750000000003,2371
43,T,8,T,0.000300723785,1963
43,T,9,A,0.0012556580000000006,1938
43,T,10,G,0.00017134600000000017,1933
43,T,11,A,0.0007967969999999997,1794
43,T,12,-,3.44392e-05,1494
43,T,13,-,3.44392e-05,1493
43,T,14,-,3.44392e-05,1492
43,T,15,-,3.420860000000008e-05,1491
43,T,16,-,3.420860000000008e-05,1490
43,T,17,-,3.4400999999999985e-05,1489
43,T,18,-,3.4400999999999985e-05,1488
43,T,19,-,3.420860000000008e-05,1487
43,T,20,-,3.420860000000008e-05,1486
43,T,21,-,3.4400999999999985e-05,1485
43,T,22,-,3.3917500000000015e-05,1484
43,T,23,T,3.412560000000007e-05,1418
43,T,24,A,0.0014518460000000006,1411
43,T,25,G,0.0014521480000000003,1410
43,T,26,T,0.006136423999999998,1396
43,T,27,G,0.0007968470000000003,1391
43,T,28,C,-0.0009813689999999997,1372
43,T,29,G,0.00044398976,1327
43,T,30,A,0.0010437090000000003,1224
43,T,31,A,0.0008492949999999999,1156
43,T,32,T,0.00010538099999999988,1103
43,T,33,C,-0.0009811720000000002,1004
43,T,34,C,3.4475599999999836e-05,917
43,T,35,A,0.0007967969999999997,734
43,T,36,C,0.0012554420000000007,662
43,T,37,G,0.0016844400000000006,584
43,T,38,G,0.001869179000000002,502
43,T,39,C,0.001043924,458
43,T,40,A,-0.0009813870000000002,394
43,T,41,G,-0.0021851149999999996,179
43,T,42,G,0.0015098639999999997,56
43,T,43,T,0,0
43,T,44,G,0.003996364,83
43,T,45,C,0.00030107378,410
43,T,46,G,3.4049699999999885e-05,529
43,T,47,A,0.00030159793,659
44,G,0,G,-0.0010687890000000001,3097
44,G,1,C,0.00012205399999999991,2885
44,G,1,T,0.0001537359999999998,2885
44,G,2,A,-0.0006589057999999999,2841
44,G,3,A,0.00031494200000000035,2751
44,G,4,A,0.0002867180000000018,2585
44,G,5,A,-0.00010329919999999999,2581
44,G,6,G,0.00048700909999999987,2466
44,G,7,A,-0.002829631,2454
44,G,8,T,-0.0006597799,2046
44,G,9,A,0.00018485500000000026,2021
44,G,10,G,1.6847999999999863e-05,2016
44,G,11,A,7.855699999999993e-05,1877
44,G,12,-,0.00012758620000000002,1577
44,G,13,-,0.00012758620000000002,1576
44,G,14,-,0.00012758620000000002,1575
44,G,15,-,0.0001273556,1574
44,G,16,-,0.0001273556,1573
44,G,17,-,0.00012754789999999997,1572
44,G,18,-,0.00012754789999999997,1571
44,G,19,-,0.0001273556,1570
44,G,20,-,0.0001273556,1569
44,G,21,-,0.00012754789999999997,1568
44,G,22,-,0.0001270644,1567
44,G,23,T,0.00012727250000000006,1501
44,G,24,A,-0.0022071169999999998,1494
44,G,25,G,-0.0022068160000000003,1493
44,G,26,T,0.0006084699999999998,1479
44,G,27,G,7.86070000000005e-05,1474
44,G,28,C,-9.75310000000001e-05,1455
44,G,29,G,-0.0009729909000000001,1410
44,G,30,A,0.00010292299999999956,1307
44,G,31,A,8.419299999999977e-05,1239
44,G,32,T,0.0003903549999999998,1186
44,G,33,C,-9.733400000000014e-05,1087
44,G,34,C,0.00012762249999999982,1000
44,G,35,A,7.855699999999993e-05,817
44,G,36,C,0.0001846399999999998,745
44,G,37,G,0.00016645900000000075,667
44,G,38,G,0.00018426300000000048,585
44,G,39,C,0.00010313999999999983,541
44,G,40,A,-9.754900000000016e-05,477
44,G,41,G,-0.0002167610000000002,262
44,G,42,G,0.00014976300000000067,139
44,G,43,T,0.0010754900000000019,83
44,G,44,G,0,0
44,G,45,C,-0.0006594299,327
44,G,46,G,0.00012719659999999987,446
44,G,47,A,-0.0006589057999999999,576
45,C,0,G,2.375000000000207e-06,3424
45,C,1,C,-2.379999999996274e-07,3212
45,C,1,T,-1.349999999983309e-07,3212
45,C,2,A,-2.846517999999999e-05,3168
45,C,3,A,-5.68999999998876e-07,3078
45,C,4,A,6.099999999911732e-08,2912
45,C,5,A,-7.517499999999916e-07,2908
45,C,6,G,1.1168000000000636e-06,2793
45,C,7,A,4.65899999999974e-06,2781
45,C,8,T,-2.9339270000000003e-05,2373
45,C,9,A,5.6000000000881733e-08,2348
45,C,10,G,4.8999999999795735e-08,2343
45,C,11,A,-3.250000000002383e-07,2204
45,C,12,-,2.360000000000296e-07,1904
45,C,13,-,2.360000000000296e-07,1903
45,C,14,-,2.360000000000296e-07,1902
45,C,15,-,5.400000000106708e-09,1901
45,C,16,-,5.400000000106708e-09,1900
45,C,17,-,1.978000000000136e-07,1899
45,C,18,-,1.978000000000136e-07,1898
45,C,19,-,5.400000000106708e-09,1897
45,C,20,-,5.400000000106708e-09,1896
45,C,21,-,1.978000000000136e-07,1895
45,C,22,-,-2.857999999999897e-07,1894
45,C,23,T,-7.760000000000752e-08,1828
45,C,24,A,2.2930000000021683e-06,1821
45,C,25,G,2.5950000000010687e-06,1820
45,C,26,T,7.299999999973994e-07,1806
45,C,27,G,-2.7500000000010155e-07,1801
45,C,28,C,-2.8500000000004216e-07,1782
45,C,29,G,1.8949999999999675e-06,1737
45,C,30,A,-3.310000000009833e-07,1634
45,C,31,A,5.1000000000044066e-08,1566
45,C,32,T,7.390000000000348e-07,1513
45,C,33,C,-8.800000000008454e-08,1414
45,C,34,C,2.723999999999739e-07,1327
45,C,35,A,-3.250000000002383e-07,1144
45,C,36,C,-1.599999999990498e-07,1072
45,C,37,G,-1.4500000000000624e-07,994
45,C,38,G,1.5299999999926484e-07,912
45,C,39,C,-1.150000000001844e-07,868
45,C,40,A,-3.0400000000001606e-07,804
45,C,41,G,-1.89999999999739e-07,589
45,C,42,G,5.779999999993429e-07,466
45,C,43,T,7.90000000003982e-07,410
45,C,44,G,-9.162000000000059e-06,327
45,C,45,C,0,0
45,C,46,G,-1.5349999999997744e-07,119
45,C,47,A,-2.846517999999999e-05,249
46,G,0,G,-1.3729999999998257e-06,3543
46,G,1,C,-9.32999999998102e-07,3331
46,G,1,T,-5.949999999990685e-07,3331
46,G,2,A,-1.56000000000071e-08,3287
46,G,3,A,-4.143999999999329e-06,3197
46,G,4,A,1.2919999999964904e-06,3031
46,G,5,A,-2.752610000000019e-06,3027
46,G,6,G,-9.536999999999567e-07,2912
46,G,7,A,1.3909999999998923e-06,2900
46,G,8,T,-8.896800000000047e-07,2492
46,G,9,A,-2.0380000000002133e-06,2467
46,G,10,G,-2.050000000000836e-07,2462
46,G,11,A,2.2299999999971648e-07,2323
46,G,12,-,3.584980000000007e-05,2023
46,G,13,-,3.584980000000007e-05,2022
46,G,14,-,3.584980000000007e-05,2021
46,G,15,-,3.561920000000004e-05,2020
46,G,16,-,3.561920000000004e-05,2019
46,G,17,-,3.581150000000002e-05,2018
46,G,18,-,3.581150000000002e-05,2017
46,G,19,-,3.561920000000004e-05,2016
46,G,20,-,3.561920000000004e-05,2015
46,G,21,-,3.581150000000002e-05,2014
46,G,22,-,3.532800000000005e-05,2013
46,G,23,T,3.553610000000011e-05,1947
46,G,24,A,1.8080000000007118e-06,1940
46,G,25,G,2.109999999999612e-06,1939
46,G,26,T,6.3299999999988366e-06,1925
46,G,27,G,2.719999999999459e-07,1920
46,G,28,C,-1.3470000000000669e-06,1901
46,G,29,G,-9.648000000000555e-07,1856
46,G,30,A,2.3700000000015375e-07,1753
46,G,31,A,8.849999999999483e-07,1685
46,G,32,T,-2.218999999999919e-06,1632
46,G,33,C,-1.149000000000202e-06,1533
46,G,34,C,3.588609999999987e-05,1446
46,G,35,A,2.2299999999971648e-07,1263
46,G,36,C,-2.2540000000001448e-06,1191
46,G,37,G,7.710000000001049e-07,1113
46,G,38,G,-6.149999999989497e-07,1031
46,G,39,C,4.529999999992179e-07,987
46,G,40,A,-1.3650000000001335e-06,923
46,G,41,G,-2.552999999999757e-06,708
46,G,42,G,1.1999999999998123e-06,585
46,G,43,T,-7.399999999990747e-07,529
46,G,44,G,-4.180000000001197e-06,446
46,G,45,C,-5.397400000000004e-07,119
46,G,46,G,0,0
46,G,47,A,-1.56000000000071e-08,130
47,A,0,G,1.3290000000000003e-06,3673
47,A,1,C,-2.2099999999990183e-07,3461
47,A,1,T,-1.4299999999932422e-07,3461
47,A,2,A,-1.3745380000000011e-05,3417
47,A,3,A,-5.019999999994473e-07,3327
47,A,4,A,-1.0400000000077014e-07,3161
47,A,5,A,-5.81020000000015e-07,3157
47,A,6,G,7.596000000001206e-07,3042
47,A,7,A,2.427000000000158e-06,3030
47,A,8,T,-1.4619470000000023e-05,2622
47,A,9,A,9.500000000030318e-08,2597
47,A,10,G,6.299999999979933e-08,2592
47,A,11,A,-3.8500000000031565e-07,2453
47,A,12,-,1.4839999999997303e-07,2153
47,A,13,-,1.4839999999997303e-07,2152
47,A,14,-,1.4839999999997303e-07,2151
47,A,15,-,-8.219999999994985e-08,2150
47,A,16,-,-8.219999999994985e-08,2149
47,A,17,-,1.1019999999995703e-07,2148
47,A,18,-,1.1019999999995703e-07,2147
47,A,19,-,-8.219999999994985e-08,2146
47,A,20,-,-8.219999999994985e-08,2145
47,A,21,-,1.1019999999995703e-07,2144
47,A,22,-,-3.7340000000004626e-07,2143
47,A,23,T,-1.6519999999995566e-07,2077
47,A,24,A,9.900000000010595e-07,2070
47,A,25,G,1.2910000000004862e-06,2069
47,A,26,T,1.7000000000072513e-07,2055
47,A,27,G,-3.349999999997452e-07,2050
47,A,28,C,-1.8299999999995403e-07,2031
47,A,29,G,7.59799999999972e-07,1986
47,A,30,A,-3.9899999999988556e-07,1883
47,A,31,A,-3.200000000007017e-08,1815
47,A,32,T,4.7099999999971817e-07,1762
47,A,33,C,1.4000000000003593e-08,1663
47,A,34,C,1.8480000000002574e-07,1576
47,A,35,A,-3.8500000000031565e-07,1393
47,A,36,C,-1.1999999999928734e-07,1321
47,A,37,G,-2.5499999999935297e-07,1243
47,A,38,G,1.5899999999957615e-07,1161
47,A,39,C,-1.8400000000029504e-07,1117
47,A,40,A,-2.0199999999992793e-07,1053
47,A,41,G,3.7000000000474154e-08,838
47,A,42,G,4.930000000007151e-07,715
47,A,43,T,1.8000000000240046e-07,659
47,A,44,G,-4.2510000000002546e-06,576
47,A,45,C,-1.4269529999999964e-05,249
47,A,46,G,-2.41100000000034e-07,130
47,A,47,A,0,0
