polymorphic_index,HXB2_index,nucleotide,TF,consensus,epitope,escape,sc_old,sc_MPL,tc_MPL,f_at_0,f_at_21,f_at_60,f_at_172,f_at_424,f_at_676,xp_at_0,xp_at_21,xp_at_60,xp_at_172,xp_at_424,xp_at_676
95,5998,C,A,A,DETLLQAVR,True,-0.0010810836999999,-0.0051632348,0.1114342,0.0,0.0,0.0,0.0,0.625,0.76,0.222222,0.882353,1.000000,1.000000,1.000000,1.000000
95,5998,G,A,A,DETLLQAVR,True,0.0005851051,-0.01048282,0.1114342,0.11111,0.0,0.16667,0.0,0.0,0.0,0.222222,0.882353,1.000000,1.000000,1.000000,1.000000
96,6000,G,A,G,DETLLQAVR,True,0.07369675,0.03284969,0.1114342,0.11111,0.88235,0.83333,1.0,1.0,1.0,0.222222,0.882353,1.000000,1.000000,1.000000,1.000000
200,6732,A,C,C,KQRVHALFY,True,-0.0017582838,-0.0018146776,0.008317511,0.0,0.0,0.0,0.0,0.0,0.04,0.000000,0.058824,0.166667,0.583333,0.958333,1.000000
201,6733,G,A,A,KQRVHALFY,True,-0.0015731197999999,-0.0016347112,0.008317511,0.0,0.0,0.0,0.0,0.083333,0.04,0.000000,0.058824,0.166667,0.583333,0.958333,1.000000
202,6735,G,A,A,KQRVHALFY,True,0.000579682,0.00022622197,0.008317511,0.0,0.0,0.0,0.0,0.25,0.4,0.000000,0.058824,0.166667,0.583333,0.958333,1.000000
203,6736,A,G,A,KQRVHALFY,True,0.013165309,0.0097567289999999,0.008317511,0.0,0.0,0.16667,0.58333,0.70833,0.64,0.000000,0.058824,0.166667,0.583333,0.958333,1.000000
204,6737,C,A,A,KQRVHALFY,True,-0.000685793,-0.00036422565,0.008317511,0.0,0.0,0.0,0.0,0.041667,0.04,0.000000,0.058824,0.166667,0.583333,0.958333,1.000000
205,6739,A,T,T,KQRVHALFY,True,-0.0011604541,-0.00101760174,0.008317511,0.0,0.0,0.0,0.0,0.0,0.12,0.000000,0.058824,0.166667,0.583333,0.958333,1.000000
205,6739,C,T,T,KQRVHALFY,True,-0.0016658774999999,-0.0016264167,0.008317511,0.0,0.0,0.0,0.0,0.0,0.04,0.000000,0.058824,0.166667,0.583333,0.958333,1.000000
207,6741,A,C,T,KQRVHALFY,True,-0.0002581688999999,-0.0001617090999999,0.008317511,0.0,0.0,0.0,0.0,0.33333,0.52,0.000000,0.058824,0.166667,0.583333,0.958333,1.000000
207,6741,T,C,T,KQRVHALFY,True,0.0013487589,0.0012544396,0.008317511,0.0,0.0,0.0,0.0,0.0,0.24,0.000000,0.058824,0.166667,0.583333,0.958333,1.000000
208,6742,G,A,A,KQRVHALFY,True,-0.0020737828,-0.0016578106,0.008317511,0.0,0.0,0.0,0.0,0.16667,0.0,0.000000,0.058824,0.166667,0.583333,0.958333,1.000000
210,6757,A,G,G,KQRVHALFY,True,-0.00442655,-0.00708656,0.008317511,0.0,0.058824,0.0,0.0,0.0,0.0,0.000000,0.058824,0.166667,0.583333,0.958333,1.000000
765,9116,A,G,A,REILDLWVY,True,-0.0006463116,-0.0005285929,-0.00473929,0.0,0.0,0.0,0.083333,0.0,0.04,0.000000,0.000000,0.000000,0.083333,0.083333,0.480000
766,9120,C,G,G,REILDLWVY,True,0.00108663199,0.0018440646999999,-0.00473929,0.0,0.0,0.0,0.0,0.083333,0.48,0.000000,0.000000,0.000000,0.083333,0.083333,0.480000
