polymorphic_index,HXB2_index,nucleotide,TF,consensus,epitope,escape,sc_old,sc_MPL,tc_MPL,f_at_0,f_at_14,f_at_32,f_at_102,f_at_159,xp_at_0,xp_at_14,xp_at_32,xp_at_102,xp_at_159
28,6000,A,G,G,DLLKTVRLI,True,0.008996956,0.0010406194,0.01432167,0.0,0.066667,0.0,0.0,0.0,0.000000,0.133333,0.083333,0.400000,0.090909
31,6012,G,A,A,DLLKTVRLI,True,0.0039559,0.002236195,0.01432167,0.0,0.066667,0.0,0.0,0.0,0.000000,0.133333,0.083333,0.400000,0.090909
32,6013,T,C,C,DLLKTVRLI,True,-0.0007716185999999,-0.004543405,0.01432167,0.0,0.0,0.083333,0.0,0.0,0.000000,0.133333,0.083333,0.400000,0.090909
34,6018,G,A,A,DLLKTVRLI,True,0.0091630569999999,0.00268847,0.01432167,0.0,0.0,0.0,0.2,0.0,0.000000,0.133333,0.083333,0.400000,0.090909
35,6021,A,T,C,DLLKTVRLI,True,0.044419844,0.026036815,0.01432167,0.0,0.0,0.0,0.2,0.090909,0.000000,0.133333,0.083333,0.400000,0.090909
35,6021,G,T,C,DLLKTVRLI,True,0.040069953,0.0232119521,0.01432167,0.0,0.0,0.0,0.2,0.0,0.000000,0.133333,0.083333,0.400000,0.090909
82,7251,G,A,A,TLSHVVDKL,True,0.004004867,0.002794996,0.01924455,0.0,0.0,0.0,0.0,0.090909,0.000000,0.000000,0.000000,0.200000,0.636364
83,7252,A,G,A,TLSHVVDKL,True,0.004136452,0.003275663,0.01924455,0.0,0.0,0.0,0.0,0.090909,0.000000,0.000000,0.000000,0.200000,0.636364
84,7254,T,C,C,TLSHVVDKL,True,0.0012892585,-0.0045531159999999,0.01924455,0.0,0.0,0.0,0.2,0.0,0.000000,0.000000,0.000000,0.200000,0.636364
85,7263,A,G,A,TLSHVVDKL,True,0.007210581,0.002161385,0.01924455,0.0,0.0,0.0,0.0,0.45455,0.000000,0.000000,0.000000,0.200000,0.636364
87,7285,A,G,G,QF-RNKTIVF,True,0.09141186,0.0287692,0.1631974,0.0,0.73333,1.0,1.0,1.0,0.000000,0.866667,1.000000,1.000000,1.000000
88,7286,C,G,G,QF-RNKTIVF,True,0.010018339,0.003530613,0.1631974,0.0,0.066667,0.0,0.2,0.18182,0.000000,0.866667,1.000000,1.000000,1.000000
89,7296,G,A,A,QF-RNKTIVF,True,0.007822175,0.002124353,0.1631974,0.0,0.066667,0.0,0.0,0.0,0.000000,0.866667,1.000000,1.000000,1.000000
122,8704,G,A,A,DRVIEELQR,True,0.0056538449999999,0.0009805503,0.06460039,0.0,0.0,0.0,0.2,0.0,0.000000,0.000000,0.000000,1.000000,1.000000
123,8709,A,G,G,DRVIEELQR,True,0.0008792131,0.0010317563,0.06460039,0.0,0.0,0.0,0.0,0.090909,0.000000,0.000000,0.000000,1.000000,1.000000
124,8719,C,A,T,DRVIEELQR,True,0.017132808,0.008117953,0.06460039,0.0,0.0,0.0,0.0,0.090909,0.000000,0.000000,0.000000,1.000000,1.000000
124,8719,G,A,T,DRVIEELQR,True,0.0299136599999999,0.012894183,0.06460039,0.0,0.0,0.0,0.8,0.54545,0.000000,0.000000,0.000000,1.000000,1.000000
125,8722,C,T,T,DRVIEELQR,True,0.008022596,-0.0007872637,0.06460039,0.0,0.0,0.0,0.2,0.36364,0.000000,0.000000,0.000000,1.000000,1.000000
149,8865y,A,G,-,DEPAAVGVG,True,0.02876337,0.0012578834,0.02895161,0.0,0.066667,0.25,0.2,0.090909,0.000000,0.066667,0.666667,0.200000,0.545455
150,8865z,G,A,-,DEPAAVGVG,True,0.0003149886,5.014479e-05,0.02895161,0.0,0.0,0.083333,0.0,0.0,0.000000,0.066667,0.666667,0.200000,0.545455
151,8865A,A,T,-,DEPAAVGVG,True,0.0140999693999999,0.00350740247,0.02895161,0.0,0.0,0.083333,0.0,0.0,0.000000,0.066667,0.666667,0.200000,0.545455
151,8865A,G,T,-,DEPAAVGVG,True,0.02777105,0.006983187,0.02895161,0.0,0.0,0.25,0.0,0.27273,0.000000,0.066667,0.666667,0.200000,0.545455
152,8866,A,G,G,DEPAAVGVG,True,-1.0961330000000002e-05,-0.0002758052,0.02895161,0.0,0.0,0.083333,0.0,0.0,0.000000,0.066667,0.666667,0.200000,0.545455
153,8867,G,A,A,DEPAAVGVG,True,0.0003149886,5.014479e-05,0.02895161,0.0,0.0,0.083333,0.0,0.0,0.000000,0.066667,0.666667,0.200000,0.545455
154,8869,T,C,C,DEPAAVGVG,True,0.03017947,0.0049327929999999,0.02895161,0.0,0.0,0.16667,0.0,0.0,0.000000,0.066667,0.666667,0.200000,0.545455
156,8875,-,G,G,DEPAAVGVG,True,0.0016817347,0.0015662546999999,0.02895161,0.0,0.0,0.0,0.0,0.090909,0.000000,0.066667,0.666667,0.200000,0.545455
157,8876,-,C,C,DEPAAVGVG,True,0.0016911193,0.0015756392999999,0.02895161,0.0,0.0,0.0,0.0,0.090909,0.000000,0.066667,0.666667,0.200000,0.545455
158,8877,-,A,A,DEPAAVGVG,True,0.0018459643,0.0017304843,0.02895161,0.0,0.0,0.0,0.0,0.090909,0.000000,0.066667,0.666667,0.200000,0.545455
159,8878,-,G,G,DEPAAVGVG,True,0.0016817347,0.0015662546999999,0.02895161,0.0,0.0,0.0,0.0,0.090909,0.000000,0.066667,0.666667,0.200000,0.545455
160,8879,-,T,A,DEPAAVGVG,True,0.0017145806,0.0015991006999999,0.02895161,0.0,0.0,0.0,0.0,0.090909,0.000000,0.066667,0.666667,0.200000,0.545455
161,8880,-,G,T,DEPAAVGVG,True,0.007593449,0.002724079,0.02895161,0.0,0.0,0.0,0.0,0.090909,0.000000,0.066667,0.666667,0.200000,0.545455
162,8881,-,G,G,DEPAAVGVG,True,0.0016817347,0.0015662546999999,0.02895161,0.0,0.0,0.0,0.0,0.090909,0.000000,0.066667,0.666667,0.200000,0.545455
163,8882,-,G,G,DEPAAVGVG,True,0.0016817347,0.0015662546999999,0.02895161,0.0,0.0,0.0,0.0,0.090909,0.000000,0.066667,0.666667,0.200000,0.545455
164,8883,-,G,G,DEPAAVGVG,True,0.0016817347,0.0015662546999999,0.02895161,0.0,0.0,0.0,0.0,0.090909,0.000000,0.066667,0.666667,0.200000,0.545455
165,8884,-,G,G,DEPAAVGVG,True,0.0016817347,0.0015662546999999,0.02895161,0.0,0.0,0.0,0.0,0.090909,0.000000,0.066667,0.666667,0.200000,0.545455
166,8885,-,T,T,DEPAAVGVG,True,0.0017145806,0.0015991006999999,0.02895161,0.0,0.0,0.0,0.0,0.090909,0.000000,0.066667,0.666667,0.200000,0.545455
167,8886,-,G,G,DEPAAVGVG,True,0.0016817347,0.0015662546999999,0.02895161,0.0,0.0,0.0,0.0,0.090909,0.000000,0.066667,0.666667,0.200000,0.545455
168,8887,-,G,G,DEPAAVGVG,True,0.0016817347,0.0015662546999999,0.02895161,0.0,0.0,0.0,0.0,0.090909,0.000000,0.066667,0.666667,0.200000,0.545455
169,8888,-,G,G,DEPAAVGVG,True,0.0016817347,0.0015662546999999,0.02895161,0.0,0.0,0.0,0.0,0.090909,0.000000,0.066667,0.666667,0.200000,0.545455
170,8889,-,A,A,DEPAAVGVG,True,0.0018459643,0.0017304843,0.02895161,0.0,0.0,0.0,0.0,0.090909,0.000000,0.066667,0.666667,0.200000,0.545455
171,8890,-,C,G,DEPAAVGVG,True,0.002848682,0.00098830065,0.02895161,0.0,0.0,0.0,0.0,0.090909,0.000000,0.066667,0.666667,0.200000,0.545455
171,8890,A,C,G,DEPAAVGVG,True,0.0014750592,-0.00173573935,0.02895161,0.0,0.0,0.0,0.0,0.090909,0.000000,0.066667,0.666667,0.200000,0.545455
171,8890,T,C,G,DEPAAVGVG,True,0.003151208,0.00101182235,0.02895161,0.0,0.0,0.0,0.0,0.090909,0.000000,0.066667,0.666667,0.200000,0.545455
186,9040,C,A,A,KAALDLSHF,True,0.06229873,0.02605213,0.1955393,0.0,0.0,0.66667,0.6,0.63636,0.000000,0.000000,1.000000,1.000000,1.000000
187,9041,C,A,A,KAALDLSHF,True,0.02088543,0.004344655,0.1955393,0.0,0.0,0.25,0.0,0.0,0.000000,0.000000,1.000000,1.000000,1.000000
188,9044,G,C,C,KAALDLSHF,True,0.0259316299999999,0.009459218,0.1955393,0.0,0.0,0.0,0.4,0.36364,0.000000,0.000000,1.000000,1.000000,1.000000
189,9050,A,T,T,KAALDLSHF,True,0.011513649,0.0020058689,0.1955393,0.0,0.0,0.083333,0.0,0.0,0.000000,0.000000,1.000000,1.000000,1.000000
190,9055,A,C,C,KAALDLSHF,True,0.0184556769999999,0.002716785,0.1955393,0.0,0.0,0.083333,0.0,0.0,0.000000,0.000000,1.000000,1.000000,1.000000
