polymorphic_index,alignment,HXB2_index,nucleotide,TF,consensus,epitope,escape,sc_c,sc_tv,sc_sigma,f_at_0,f_at_13,f_at_41,f_at_69,f_at_174,f_at_420,f_at_454
0,31,821,A,G,G,nan,False,0.016870,0.009354417384911376,0.0001347516928899335,0.0,0.0,0.13793,0.0,0.0,0.0,0.0
0,31,821,G,G,G,nan,False,0.000000,0,0,1.0,1.0,0.86207,1.0,1.0,1.0,1.0
1,33,823,A,G,G,nan,False,0.019728,0.011332255828054347,0.00016221183690435942,0.0,0.0,0.13793,0.0,0.0,0.0,0.0
1,33,823,C,G,G,nan,False,0.018336,0.010165663156362519,0.00014189207043901518,0.0,0.0,0.10345,0.0,0.0,0.0,0.0
1,33,823,G,G,G,nan,False,0.000000,0,0,1.0,1.0,0.75862,1.0,1.0,1.0,1.0
2,34,824,A,A,A,nan,False,0.000000,0,0,1.0,1.0,1.0,1.0,0.88889,1.0,1.0
2,34,824,C,A,A,nan,False,0.002773,0.0023189703713252055,1.6344531318494157e-05,0.0,0.0,0.0,0.0,0.11111,0.0,0.0
3,35,825,A,A,A,nan,False,0.000000,0,0,1.0,1.0,1.0,0.0,0.0,0.0,0.0
3,35,825,C,A,A,nan,False,0.019140,0.010434946596555594,0.00012040766145212234,0.0,0.0,0.0,0.0,0.0,0.2,0.2
3,35,825,T,A,A,nan,False,0.036723,0.0196141768779902,0.0002504653412251491,0.0,0.0,0.0,1.0,1.0,0.8,0.8
4,42,832,A,A,A,nan,False,0.000000,0,0,1.0,1.0,0.96552,1.0,1.0,1.0,1.0
4,42,832,C,A,A,nan,False,0.003860,0.002252790229056786,3.2602731093519515e-05,0.0,0.0,0.034483,0.0,0.0,0.0,0.0
5,43,833,A,G,A,nan,False,0.019534,0.011169957903317332,0.00015930388978959085,0.0,0.0,0.17241,0.0,0.0,0.0,0.0
5,43,833,G,G,A,nan,False,0.000000,0,0,1.0,1.0,0.82759,1.0,1.0,1.0,1.0
6,51,841,A,A,A,nan,False,0.000000,0,0,1.0,1.0,0.96552,1.0,1.0,1.0,1.0
6,51,841,G,A,A,nan,False,0.003408,0.0019589678528971924,3.0449335525256046e-05,0.0,0.0,0.034483,0.0,0.0,0.0,0.0
7,57,847,A,C,C,nan,False,0.000265,0.0003038801667861225,1.5720729534370196e-05,0.0,0.090909,0.0,0.0,0.0,0.0,0.0
7,57,847,C,C,C,nan,False,0.000000,0,0,1.0,0.90909,1.0,1.0,1.0,1.0,1.0
8,81,871,A,A,A,GGKKKYQLK,False,0.000000,0,0,1.0,1.0,1.0,1.0,0.88889,1.0,1.0
8,81,871,C,A,A,GGKKKYQLK,True,0.002773,0.0003038801667861225,time varying,0.0,0.0,0.0,0.0,0.11111,0.0,0.0
9,82,872,A,A,A,GGKKKYQLK,False,0.000000,0,0,1.0,1.0,1.0,1.0,1.0,0.0,0.0
9,82,872,G,A,A,GGKKKYQLK,True,0.005013,0.0003038801667861225,time varying,0.0,0.0,0.0,0.0,0.0,1.0,1.0
10,99,889,A,A,A,nan,False,0.000000,0,0,1.0,1.0,1.0,1.0,0.88889,1.0,1.0
10,99,889,C,A,A,nan,False,0.002773,0.0023189703713250016,1.6344531318496305e-05,0.0,0.0,0.0,0.0,0.11111,0.0,0.0
11,102,892,A,G,G,nan,False,-0.002901,-0.0010656376873621125,8.121056877727914e-06,0.0,0.0,0.0,0.0,0.0,0.1,0.1
11,102,892,G,G,G,nan,False,0.000000,0,0,1.0,1.0,1.0,1.0,1.0,0.9,0.9
12,119,909,A,G,G,nan,False,0.001194,0.0015690577691844872,8.16050107595713e-06,0.0,0.0,0.0,0.0,0.0,0.3,0.3
12,119,909,G,G,G,nan,False,0.000000,0,0,1.0,1.0,1.0,1.0,1.0,0.7,0.7
13,149,939,A,A,G,nan,False,0.000000,0,0,1.0,1.0,1.0,1.0,0.88889,1.0,1.0
13,149,939,G,A,G,nan,False,0.000685,0.0007569586008838618,2.503069050698189e-05,0.0,0.0,0.0,0.0,0.11111,0.0,0.0
14,158,948,A,A,A,nan,False,0.000000,0,0,1.0,1.0,1.0,1.0,0.88889,1.0,1.0
14,158,948,G,A,A,nan,False,0.000685,0.0007569586008835327,2.503069050698137e-05,0.0,0.0,0.0,0.0,0.11111,0.0,0.0
15,172,962,A,G,G,nan,False,0.000395,0.001011703837080803,1.4132600646868527e-05,0.0,0.0,0.0,0.0,0.22222,0.0,0.0
15,172,962,G,G,G,nan,False,0.000000,0,0,1.0,1.0,1.0,1.0,0.77778,1.0,1.0
16,180,970,C,C,C,nan,False,0.000000,0,0,1.0,1.0,1.0,1.0,0.88889,1.0,1.0
16,180,970,T,C,C,nan,False,-0.002780,-0.002169521934554296,1.0556307320986374e-05,0.0,0.0,0.0,0.0,0.11111,0.0,0.0
17,184,974,A,G,G,nan,False,0.022066,0.018731844992017112,0.0001644896095318369,0.0,0.0,0.0,0.0,1.0,1.0,1.0
17,184,974,G,G,G,nan,False,0.000000,0,0,1.0,1.0,1.0,1.0,0.0,0.0,0.0
18,218,1008,A,A,A,nan,False,0.000000,0,0,1.0,1.0,1.0,1.0,1.0,0.9,0.9
18,218,1008,G,A,A,nan,False,-0.000229,6.360399473127514e-05,2.243691246691533e-06,0.0,0.0,0.0,0.0,0.0,0.1,0.1
19,220,1010,A,A,A,nan,False,0.000000,0,0,1.0,0.90909,1.0,1.0,1.0,1.0,1.0
19,220,1010,G,A,A,nan,False,0.000562,0.00044846898482153713,1.4833488951397313e-05,0.0,0.090909,0.0,0.0,0.0,0.0,0.0
20,254,1044,C,C,C,nan,False,0.000000,0,0,1.0,1.0,1.0,1.0,0.88889,1.0,1.0
20,254,1044,T,C,C,nan,False,-0.000022,0.0003963039832397527,2.5101189150926356e-05,0.0,0.0,0.0,0.0,0.11111,0.0,0.0
21,267,1057,A,C,C,nan,False,-0.000637,0.00011233280265882429,1.8713399679426183e-06,0.0,0.0,0.0,0.0,0.0,0.1,0.1
21,267,1057,C,C,C,nan,False,0.000000,0,0,1.0,1.0,1.0,1.0,1.0,0.9,0.9
22,272,1062,A,G,G,nan,False,-0.004226,-0.0020549311207239103,1.729090666310096e-05,0.0,0.0,0.0,0.0,0.0,0.1,0.1
22,272,1062,G,G,G,nan,False,0.000000,0,0,1.0,1.0,1.0,1.0,1.0,0.9,0.9
23,279,1069,A,A,G,DIKDTKEAL,False,0.000000,0,0,1.0,1.0,1.0,1.0,1.0,0.0,0.0
23,279,1069,G,A,G,DIKDTKEAL,True,0.005013,0.0048335063039822955,1.6617567666307973e-05,0.0,0.0,0.0,0.0,0.0,1.0,1.0
24,282,1072,A,A,A,DIKDTKEAL,False,0.000000,0,0,1.0,1.0,1.0,1.0,1.0,0.9,0.9
24,282,1072,C,A,A,DIKDTKEAL,True,-0.000384,2.6584609990430263e-05,4.494020848006269e-06,0.0,0.0,0.0,0.0,0.0,0.1,0.1
25,292,1082,A,A,A,DIKDTKEAL,False,0.000000,0,0,1.0,1.0,1.0,1.0,0.88889,1.0,1.0
25,292,1082,G,A,A,DIKDTKEAL,True,-0.002073,-0.0018088673171329183,1.0077685169256033e-05,0.0,0.0,0.0,0.0,0.11111,0.0,0.0
26,293,1083,A,G,G,DIKDTKEAL,False,0.002136,0.0011977810679580697,1.3114029545769704e-05,0.0,0.0,0.0,0.0,0.0,0.1,0.1
26,293,1083,G,G,G,DIKDTKEAL,False,0.000000,0,0,1.0,1.0,1.0,1.0,1.0,0.9,0.9
27,305,1095,C,C,-,nan,False,0.000000,0,0,1.0,1.0,0.96552,1.0,1.0,1.0,1.0
27,305,1095,T,C,-,nan,False,0.002150,0.001445957412242629,2.880920408834453e-05,0.0,0.0,0.034483,0.0,0.0,0.0,0.0
28,344,1134,A,A,A,nan,False,0.000000,0,0,1.0,1.0,0.96552,1.0,1.0,1.0,1.0
28,344,1134,G,A,A,nan,False,0.005711,0.0028044455974528563,4.1070568016110484e-05,0.0,0.0,0.034483,0.0,0.0,0.0,0.0
29,364,1149e,A,C,-,nan,False,0.004285,0.0022734988165934327,3.707839491863282e-05,0.0,0.0,0.034483,0.0,0.0,0.0,0.0
29,364,1149e,C,C,-,nan,False,0.000000,0,0,1.0,1.0,0.96552,1.0,1.0,1.0,1.0
30,391,1170e,A,G,-,nan,False,0.003327,0.0018595917418864057,3.5379205228247314e-05,0.0,0.0,0.034483,0.0,0.0,0.0,0.0
30,391,1170e,G,G,-,nan,False,0.000000,0,0,1.0,1.0,0.96552,1.0,1.0,1.0,1.0
31,395,1170i,A,G,-,nan,False,0.001940,0.0013390422183257441,2.885764771662888e-05,0.0,0.0,0.034483,0.0,0.0,0.0,0.0
31,395,1170i,G,G,-,nan,False,0.000000,0,0,1.0,1.0,0.96552,1.0,1.0,1.0,1.0
32,397,1172,C,T,T,nan,False,0.003006,0.0018094976014319784,3.2309637459908554e-05,0.0,0.0,0.034483,0.0,0.0,0.0,0.0
32,397,1172,T,T,T,nan,False,0.000000,0,0,1.0,1.0,0.96552,1.0,1.0,1.0,1.0
33,422,1197,A,G,G,nan,False,0.000344,0.0002581308915944718,4.6002041839373445e-06,0.0,0.0,0.0,0.0,0.0,0.1,0.1
33,422,1197,G,G,G,nan,False,0.000000,0,0,1.0,1.0,1.0,1.0,1.0,0.9,0.9
34,497,1272,A,A,G,nan,False,0.000000,0,0,1.0,1.0,1.0,1.0,1.0,0.9,0.9
34,497,1272,G,A,G,nan,False,0.001274,0.000732927978864724,4.777422050948099e-06,0.0,0.0,0.0,0.0,0.0,0.1,0.1
35,578,1353,A,A,A,nan,False,0.000000,0,0,1.0,1.0,1.0,1.0,1.0,0.9,0.9
35,578,1353,C,A,A,nan,False,0.001480,0.0008374161426666399,4.716619393793745e-06,0.0,0.0,0.0,0.0,0.0,0.1,0.1
36,657,1432,G,T,T,nan,False,0.005324,0.0026295497408416455,4.0497585472818686e-05,0.0,0.0,0.034483,0.0,0.0,0.0,0.0
36,657,1432,T,T,T,nan,False,0.000000,0,0,1.0,1.0,0.96552,1.0,1.0,1.0,1.0
37,704,1479,A,G,A,nan,False,0.037333,0.020075938682368177,0.00024615676869745024,0.0,0.0,0.0,1.0,1.0,1.0,1.0
37,704,1479,G,G,A,nan,False,0.000000,0,0,1.0,1.0,1.0,0.0,0.0,0.0,0.0
38,764,1539,A,G,G,nan,False,0.003327,0.0018595917418864133,3.537920522825008e-05,0.0,0.0,0.034483,0.0,0.0,0.0,0.0
38,764,1539,G,G,G,nan,False,0.000000,0,0,1.0,1.0,0.96552,1.0,1.0,1.0,1.0
39,769,1544,A,A,A,nan,False,0.000000,0,0,1.0,1.0,1.0,1.0,1.0,0.8,0.8
39,769,1544,G,A,A,nan,False,0.003095,0.0019096850980493492,1.6048987123130753e-05,0.0,0.0,0.0,0.0,0.0,0.2,0.2
40,777,1552,C,C,C,nan,False,0.000000,0,0,1.0,1.0,1.0,1.0,1.0,0.9,0.9
40,777,1552,T,C,C,nan,False,0.002358,0.00131068798465907,1.3215279866924821e-05,0.0,0.0,0.0,0.0,0.0,0.1,0.1
41,788,1563,A,A,A,nan,False,0.000000,0,0,1.0,1.0,0.96552,1.0,1.0,1.0,1.0
41,788,1563,G,A,A,nan,False,0.004617,0.0024567066232969044,3.669960490425667e-05,0.0,0.0,0.034483,0.0,0.0,0.0,0.0
42,797,1572,C,T,C,nan,False,0.003002,0.0017936224311344998,3.211060569327852e-05,0.0,0.0,0.034483,0.0,0.0,0.0,0.0
42,797,1572,T,T,C,nan,False,0.000000,0,0,1.0,1.0,0.96552,1.0,1.0,1.0,1.0
43,883,1658,A,A,A,nan,False,0.000000,0,0,1.0,1.0,0.96552,1.0,1.0,1.0,1.0
43,883,1658,G,A,A,nan,False,0.003063,0.001915459014855341,2.990356168100234e-05,0.0,0.0,0.034483,0.0,0.0,0.0,0.0
44,926,1701,A,G,A,nan,False,0.001964,0.0013514496014090868,2.9012926386855623e-05,0.0,0.0,0.034483,0.0,0.0,0.0,0.0
44,926,1701,G,G,A,nan,False,0.000000,0,0,1.0,1.0,0.96552,1.0,1.0,1.0,1.0
45,950,1725,C,T,G,nan,False,0.000000,0.00016200319288373362,1.5067371974822541e-05,0.0,0.090909,0.0,0.0,0.0,0.0,0.0
45,950,1725,T,T,G,nan,False,0.000000,0,0,1.0,0.90909,1.0,1.0,1.0,1.0,1.0
46,974,1749,C,C,C,nan,False,0.000000,0,0,1.0,1.0,1.0,1.0,0.88889,0.9,0.9
46,974,1749,T,C,C,nan,False,-0.001362,0.00012684096241192573,3.273147762284879e-05,0.0,0.0,0.0,0.0,0.11111,0.1,0.1
47,977,1752,A,G,G,nan,False,0.000344,0.00025813089159444625,4.600204183936849e-06,0.0,0.0,0.0,0.0,0.0,0.1,0.1
47,977,1752,G,G,G,nan,False,0.000000,0,0,1.0,1.0,1.0,1.0,1.0,0.9,0.9
48,1046,1821,A,G,A,nan,False,-0.004226,-0.0020549311207239593,1.7290906663093512e-05,0.0,0.0,0.0,0.0,0.0,0.1,0.1
48,1046,1821,G,G,A,nan,False,0.000000,0,0,1.0,1.0,1.0,1.0,1.0,0.9,0.9
49,1158,1933,A,A,A,nan,False,0.000000,0,0,1.0,1.0,1.0,1.0,1.0,0.9,0.9
49,1158,1933,C,A,A,nan,False,-0.002655,-0.0010602560205702233,1.3456414539968576e-05,0.0,0.0,0.0,0.0,0.0,0.1,0.1
50,1174,1949,A,G,G,nan,False,-0.001816,-0.0016542337584958776,7.6277580594046315e-06,0.0,0.0,0.0,0.1,0.0,0.0,0.0
50,1174,1949,G,G,G,nan,False,0.000000,0,0,1.0,1.0,1.0,0.9,1.0,1.0,1.0
51,1178,1953,A,G,G,nan,False,0.000344,0.0002581308915944674,4.600204183936648e-06,0.0,0.0,0.0,0.0,0.0,0.1,0.1
51,1178,1953,G,G,G,nan,False,0.000000,0,0,1.0,1.0,1.0,1.0,1.0,0.9,0.9
52,1184,1959,C,C,T,nan,False,0.000000,0,0,0.96,1.0,1.0,1.0,1.0,1.0,1.0
52,1184,1959,T,C,T,nan,False,-0.008613,-0.004637587900680483,5.268012485728228e-05,0.04,0.0,0.0,0.0,0.0,0.0,0.0
53,1268,2043,A,G,G,nan,False,0.003760,0.00200563679928481,3.721139629149913e-05,0.0,0.0,0.034483,0.0,0.0,0.0,0.0
53,1268,2043,G,G,G,nan,False,0.000000,0,0,1.0,1.0,0.96552,1.0,1.0,1.0,1.0
54,1277,2052,C,C,C,nan,False,0.000000,0,0,1.0,1.0,1.0,1.0,1.0,0.4,0.4
54,1277,2052,T,C,C,nan,False,0.005502,0.0035848331254982493,1.3248432479141166e-05,0.0,0.0,0.0,0.0,0.0,0.6,0.6
55,1335,2110,C,T,C,nan,False,0.004573,0.00460998279404733,1.6608616789283494e-05,0.0,0.0,0.0,0.0,0.0,1.0,1.0
55,1335,2110,T,T,C,nan,False,0.000000,0,0,1.0,1.0,1.0,1.0,1.0,0.0,0.0
56,1376,2151,A,A,G,nan,False,0.000000,0,0,1.0,1.0,0.96552,1.0,1.0,1.0,1.0
56,1376,2151,G,A,G,nan,False,0.001260,0.000980345087622823,1.8207018312451128e-05,0.0,0.0,0.034483,0.0,0.0,0.0,0.0
57,1385,2159a,-,C,-,nan,False,0.001080,0.0008885416047852618,1.8237184313718495e-05,0.0,0.0,0.034483,0.0,0.0,0.0,0.0
57,1385,2159a,C,C,-,nan,False,0.000000,0,0,1.0,1.0,0.96552,1.0,1.0,1.0,1.0
58,1386,2159b,-,C,-,nan,False,0.001080,0.0008885416047852638,1.8237184313718745e-05,0.0,0.0,0.034483,0.0,0.0,0.0,0.0
58,1386,2159b,C,C,-,nan,False,0.000000,0,0,1.0,1.0,0.96552,1.0,1.0,1.0,1.0
59,1387,2159c,-,C,-,nan,False,0.001080,0.0008885416047852654,1.823718431371918e-05,0.0,0.0,0.034483,0.0,0.0,0.0,0.0
59,1387,2159c,C,C,-,nan,False,0.000000,0,0,1.0,1.0,0.96552,1.0,1.0,1.0,1.0
60,1388,2159d,-,A,-,nan,False,0.001528,0.0011173574404662202,1.8111097678880484e-05,0.0,0.0,0.034483,0.0,0.0,0.0,0.0
60,1388,2159d,A,A,-,nan,False,0.000000,0,0,1.0,1.0,0.96552,1.0,1.0,1.0,1.0
61,1389,2159e,-,C,-,nan,False,0.001080,0.0008885416047852622,1.823718431371897e-05,0.0,0.0,0.034483,0.0,0.0,0.0,0.0
61,1389,2159e,C,C,-,nan,False,0.000000,0,0,1.0,1.0,0.96552,1.0,1.0,1.0,1.0
62,1390,2159f,-,C,-,nan,False,0.001080,0.000888541604785267,1.823718431371978e-05,0.0,0.0,0.034483,0.0,0.0,0.0,0.0
62,1390,2159f,C,C,-,nan,False,0.000000,0,0,1.0,1.0,0.96552,1.0,1.0,1.0,1.0
63,1391,2159g,-,A,-,nan,False,0.001528,0.001117357440466232,1.81110976788805e-05,0.0,0.0,0.034483,0.0,0.0,0.0,0.0
63,1391,2159g,A,A,-,nan,False,0.000000,0,0,1.0,1.0,0.96552,1.0,1.0,1.0,1.0
64,1392,2159h,-,G,-,nan,False,0.001052,0.0008746739780606932,1.824506682794999e-05,0.0,0.0,0.034483,0.0,0.0,0.0,0.0
64,1392,2159h,G,G,-,nan,False,0.000000,0,0,1.0,1.0,0.96552,1.0,1.0,1.0,1.0
65,1393,2159i,-,A,-,nan,False,0.001528,0.0011173574404662215,1.8111097678880975e-05,0.0,0.0,0.034483,0.0,0.0,0.0,0.0
65,1393,2159i,A,A,-,nan,False,0.000000,0,0,1.0,1.0,0.96552,1.0,1.0,1.0,1.0
66,1394,2159j,-,G,-,nan,False,0.001052,0.000874673978060696,1.824506682795024e-05,0.0,0.0,0.034483,0.0,0.0,0.0,0.0
66,1394,2159j,G,G,-,nan,False,0.000000,0,0,1.0,1.0,0.96552,1.0,1.0,1.0,1.0
67,1395,2159k,-,C,-,nan,False,0.001080,0.0008885416047852653,1.8237184313719802e-05,0.0,0.0,0.034483,0.0,0.0,0.0,0.0
67,1395,2159k,C,C,-,nan,False,0.000000,0,0,1.0,1.0,0.96552,1.0,1.0,1.0,1.0
68,1396,2159l,-,C,-,nan,False,0.001080,0.0008885416047852605,1.823718431371976e-05,0.0,0.0,0.034483,0.0,0.0,0.0,0.0
68,1396,2159l,C,C,-,nan,False,0.000000,0,0,1.0,1.0,0.96552,1.0,1.0,1.0,1.0
69,1397,2159m,-,A,-,nan,False,0.001528,0.0011173574404662186,1.8111097678881524e-05,0.0,0.0,0.034483,0.0,0.0,0.0,0.0
69,1397,2159m,A,A,-,nan,False,0.000000,0,0,1.0,1.0,0.96552,1.0,1.0,1.0,1.0
70,1398,2159n,-,A,-,nan,False,0.001528,0.001117357440466218,1.8111097678881066e-05,0.0,0.0,0.034483,0.0,0.0,0.0,0.0
70,1398,2159n,A,A,-,nan,False,0.000000,0,0,1.0,1.0,0.96552,1.0,1.0,1.0,1.0
71,1399,2159o,-,C,-,nan,False,0.001080,0.000888541604785263,1.8237184313720043e-05,0.0,0.0,0.034483,0.0,0.0,0.0,0.0
71,1399,2159o,C,C,-,nan,False,0.000000,0,0,1.0,1.0,0.96552,1.0,1.0,1.0,1.0
72,1400,2159p,-,A,-,nan,False,0.001528,0.001117357440466221,1.8111097678881568e-05,0.0,0.0,0.034483,0.0,0.0,0.0,0.0
72,1400,2159p,A,A,-,nan,False,0.000000,0,0,1.0,1.0,0.96552,1.0,1.0,1.0,1.0
73,1401,2159q,-,G,-,nan,False,0.001052,0.0008746739780606919,1.8245066827951493e-05,0.0,0.0,0.034483,0.0,0.0,0.0,0.0
73,1401,2159q,G,G,-,nan,False,0.000000,0,0,1.0,1.0,0.96552,1.0,1.0,1.0,1.0
74,1402,2159r,-,C,-,nan,False,0.001080,0.0008885416047852618,1.8237184313721314e-05,0.0,0.0,0.034483,0.0,0.0,0.0,0.0
74,1402,2159r,C,C,-,nan,False,0.000000,0,0,1.0,1.0,0.96552,1.0,1.0,1.0,1.0
75,1411,2168,A,A,A,nan,False,0.000000,0,0,1.0,1.0,1.0,1.0,1.0,0.8,0.8
75,1411,2168,C,A,A,nan,False,0.003024,0.0020736690102547695,1.1449179094892081e-05,0.0,0.0,0.0,0.0,0.0,0.2,0.2
76,1435,2192,A,A,A,nan,False,0.000000,0,0,1.0,0.90909,1.0,1.0,1.0,1.0,1.0
76,1435,2192,G,A,A,nan,False,0.000562,0.0004790850228884205,1.519578509445929e-05,0.0,0.090909,0.0,0.0,0.0,0.0,0.0
77,1463,2220,A,G,G,nan,False,-0.008141,-0.0044541855456437665,4.8752259988858665e-05,0.04,0.0,0.0,0.0,0.0,0.0,0.0
77,1463,2220,G,G,G,nan,False,0.000000,0,0,0.96,1.0,1.0,1.0,1.0,1.0,1.0
78,1479,2236,A,C,C,ELYPMTSLK,True,0.000857,0.001247814627361966,1.4101300060406802e-05,0.0,0.0,0.0,0.0,0.22222,0.0,0.0
78,1479,2236,C,C,C,ELYPMTSLK,False,0.000000,0,0,1.0,1.0,1.0,1.0,0.77778,1.0,1.0
79,1492,2249,A,C,C,ELYPMTSLK,True,-0.001020,-0.00029766705915779677,4.828396912570565e-06,0.0,0.0,0.0,0.0,0.0,0.1,0.1
79,1492,2249,C,C,C,ELYPMTSLK,False,0.000000,0,0,1.0,1.0,1.0,1.0,1.0,0.9,0.9
80,1496,2253,C,C,C,ELYPMTSLK,False,0.000000,0,0,0.96,1.0,1.0,1.0,1.0,1.0,1.0
80,1496,2253,T,C,C,ELYPMTSLK,False,-0.009039,-0.004812135520984217,5.501943886274894e-05,0.04,0.0,0.0,0.0,0.0,0.0,0.0
81,1501,2258,A,A,G,ELYPMTSLK,False,0.000000,0,0,1.0,1.0,0.96552,1.0,1.0,1.0,1.0
81,1501,2258,G,A,G,ELYPMTSLK,True,0.002222,0.0008115776385297853,1.609108354429387e-05,0.0,0.0,0.034483,0.0,0.0,0.0,0.0
82,1543,2300,A,G,G,nan,False,-0.000246,0.0002821615131086926,2.5120788587581757e-05,0.0,0.0,0.0,0.0,0.11111,0.0,0.0
82,1543,2300,G,G,G,nan,False,0.000000,0,0,1.0,1.0,1.0,1.0,0.88889,1.0,1.0
83,1546,2303,A,G,G,nan,False,0.004264,0.002172940392265155,3.931130604308915e-05,0.0,0.0,0.034483,0.0,0.0,0.0,0.0
83,1546,2303,G,G,G,nan,False,0.000000,0,0,1.0,1.0,0.96552,1.0,1.0,1.0,1.0
84,1564,2321,A,A,A,nan,False,0.000000,0,0,1.0,1.0,1.0,1.0,0.88889,1.0,1.0
84,1564,2321,G,A,A,nan,False,0.005466,0.004871548711619066,3.236131846337293e-05,0.0,0.0,0.0,0.0,0.11111,0.0,0.0
85,1582,2339,C,T,T,nan,False,0.006164,0.0027940394056009056,4.467361160369341e-05,0.0,0.0,0.034483,0.0,0.0,0.0,0.0
85,1582,2339,T,T,T,nan,False,0.000000,0,0,1.0,1.0,0.96552,1.0,1.0,1.0,1.0
86,1592,2349,C,T,T,nan,False,-0.008888,-0.0047340510314603365,5.50921804968256e-05,0.04,0.0,0.0,0.0,0.0,0.0,0.0
86,1592,2349,T,T,T,nan,False,0.000000,0,0,0.96,1.0,1.0,1.0,1.0,1.0,1.0
87,1603,2360,A,G,G,nan,False,-0.002330,-0.0011323206977346678,7.931331842785736e-06,0.0,0.0,0.0,0.0,0.11111,0.0,0.0
87,1603,2360,G,G,G,nan,False,0.000000,0,0,1.0,1.0,1.0,1.0,0.88889,1.0,1.0
88,1683,2440,A,C,T,nan,False,-0.000637,0.0001123328026591578,1.8713399679427695e-06,0.0,0.0,0.0,0.0,0.0,0.1,0.1
88,1683,2440,C,C,T,nan,False,0.000000,0,0,1.0,1.0,1.0,1.0,1.0,0.9,0.9
89,1702,2459,C,T,T,nan,False,-0.002521,-0.0008716678535039565,7.969738085147535e-06,0.0,0.0,0.0,0.0,0.0,0.1,0.1
89,1702,2459,T,T,T,nan,False,0.000000,0,0,1.0,1.0,1.0,1.0,1.0,0.9,0.9
90,1724,2481,A,A,G,nan,False,0.000000,0,0,1.0,1.0,1.0,1.0,1.0,0.9,0.9
90,1724,2481,G,A,G,nan,False,-0.000229,6.360399473123662e-05,2.2436912466918447e-06,0.0,0.0,0.0,0.0,0.0,0.1,0.1
91,1732,2489,C,T,T,nan,False,0.002309,0.0015270203284961324,2.8769468805655356e-05,0.0,0.0,0.034483,0.0,0.0,0.0,0.0
91,1732,2489,T,T,T,nan,False,0.000000,0,0,1.0,1.0,0.96552,1.0,1.0,1.0,1.0
92,1765,2522,A,G,G,nan,False,-0.008820,-0.004743369782298357,5.2627502465369336e-05,0.04,0.0,0.0,0.0,0.0,0.0,0.0
92,1765,2522,G,G,G,nan,False,0.000000,0,0,0.96,1.0,1.0,1.0,1.0,1.0,1.0
93,1789,2546,C,T,T,nan,False,-0.008452,-0.0045556175562651785,5.2700666547152115e-05,0.04,0.0,0.0,0.0,0.0,0.0,0.0
93,1789,2546,T,T,T,nan,False,0.000000,0,0,0.96,1.0,1.0,1.0,1.0,1.0,1.0
94,1831,2588,A,G,G,nan,False,-0.003791,-0.001639541271531701,1.3563882529485032e-05,0.0,0.0,0.0,0.0,0.0,0.1,0.1
94,1831,2588,G,G,G,nan,False,0.000000,0,0,1.0,1.0,1.0,1.0,1.0,0.9,0.9
95,1870,2627,A,G,G,nan,False,-0.000116,7.854004862567695e-05,1.6448368225619845e-05,0.0,0.090909,0.0,0.0,0.0,0.0,0.0
95,1870,2627,G,G,G,nan,False,0.000000,0,0,1.0,0.90909,1.0,1.0,1.0,1.0,1.0
96,1887,2644,A,A,A,nan,False,0.000000,0,0,1.0,1.0,1.0,1.0,1.0,0.9,0.9
96,1887,2644,G,A,A,nan,False,-0.000589,-7.790355367189126e-05,4.668754056170861e-06,0.0,0.0,0.0,0.0,0.0,0.1,0.1
97,1981,2738,-,A,A,nan,False,0.000804,0.0005763826241906103,1.4598903591064515e-05,0.0,0.090909,0.0,0.0,0.0,0.0,0.0
97,1981,2738,A,A,A,nan,False,0.000000,0,0,1.0,0.90909,1.0,1.0,1.0,1.0,1.0
98,1990,2747,A,A,A,nan,False,0.000000,0,0,1.0,1.0,0.96552,1.0,1.0,1.0,1.0
98,1990,2747,G,A,A,nan,False,0.004690,0.0024804338885083504,3.6997725747524745e-05,0.0,0.0,0.034483,0.0,0.0,0.0,0.0
99,1996,2753,C,T,T,nan,False,0.004633,0.0023609185025302622,3.923085305447787e-05,0.0,0.0,0.034483,0.0,0.0,0.0,0.0
99,1996,2753,T,T,T,nan,False,0.000000,0,0,1.0,1.0,0.96552,1.0,1.0,1.0,1.0
100,2005,2762,A,G,G,nan,False,0.004640,0.0022802350105294057,4.065835678469635e-05,0.0,0.0,0.034483,0.0,0.0,0.0,0.0
100,2005,2762,G,G,G,nan,False,0.000000,0,0,1.0,1.0,0.96552,1.0,1.0,1.0,1.0
101,2051,2808,C,T,T,nan,False,0.002332,0.0015394277116460638,2.8924902073642874e-05,0.0,0.0,0.034483,0.0,0.0,0.0,0.0
101,2051,2808,T,T,T,nan,False,0.000000,0,0,1.0,1.0,0.96552,1.0,1.0,1.0,1.0
102,2083,2840,C,T,C,nan,False,0.000637,0.0011341038614427741,2.6277699272937714e-05,0.0,0.0,0.0,0.0,0.11111,0.0,0.0
102,2083,2840,T,T,C,nan,False,0.000000,0,0,1.0,1.0,1.0,1.0,0.88889,1.0,1.0
103,2094,2851,A,A,A,nan,False,0.000000,0,0,1.0,1.0,1.0,1.0,0.88889,1.0,1.0
103,2094,2851,G,A,A,nan,False,-0.002073,-0.001808867317133375,1.0077685169258195e-05,0.0,0.0,0.0,0.0,0.11111,0.0,0.0
104,2095,2852,-,A,A,nan,False,0.004885,0.0025937189763016633,3.661582376811407e-05,0.0,0.0,0.034483,0.0,0.0,0.0,0.0
104,2095,2852,A,A,A,nan,False,0.000000,0,0,1.0,1.0,0.96552,1.0,1.0,1.0,1.0
105,2103,2860,A,A,A,nan,False,0.000000,0,0,1.0,1.0,1.0,1.0,1.0,0.9,0.9
105,2103,2860,G,A,A,nan,False,0.003067,0.0016725781551959614,1.3309685871858605e-05,0.0,0.0,0.0,0.0,0.0,0.1,0.1
106,2119,2876,A,G,G,nan,False,-0.001127,-0.0009883088221931912,2.4633970801140946e-05,0.0,0.0,0.034483,0.0,0.11111,0.0,0.0
106,2119,2876,G,G,G,nan,False,0.000000,0,0,1.0,1.0,0.96552,1.0,0.88889,1.0,1.0
107,2173,2930,C,T,T,nan,False,0.000724,0.0004521007254564278,4.713109183224256e-06,0.0,0.0,0.0,0.0,0.0,0.1,0.1
107,2173,2930,T,T,T,nan,False,0.000000,0,0,1.0,1.0,1.0,1.0,1.0,0.9,0.9
108,2182,2939,C,T,T,nan,False,0.000637,0.0011341038614426963,2.6277699272936426e-05,0.0,0.0,0.0,0.0,0.11111,0.0,0.0
108,2182,2939,T,T,T,nan,False,0.000000,0,0,1.0,1.0,1.0,1.0,0.88889,1.0,1.0
109,2186,2943,A,A,A,nan,False,0.000000,0,0,1.0,1.0,1.0,1.0,0.88889,1.0,1.0
109,2186,2943,G,A,A,nan,False,0.001184,0.0014136955611280214,2.626391633518613e-05,0.0,0.0,0.0,0.0,0.11111,0.0,0.0
110,2216,2973,A,A,A,nan,False,0.000000,0,0,1.0,1.0,1.0,1.0,1.0,0.9,0.9
110,2216,2973,G,A,A,nan,False,0.005106,0.0026156034882065735,2.2447532977735124e-05,0.0,0.0,0.0,0.0,0.0,0.1,0.1
111,2276,3033,A,G,A,nan,False,-0.001771,-0.0004795728063354541,2.875191523508178e-06,0.0,0.0,0.0,0.0,0.0,0.1,0.1
111,2276,3033,G,G,A,nan,False,0.000000,0,0,1.0,1.0,1.0,1.0,1.0,0.9,0.9
112,2318,3075,A,C,C,nan,False,0.007002,0.003731590717452748,3.679060270597221e-05,0.0,0.0,0.0,0.0,0.11111,0.0,0.0
112,2318,3075,C,C,C,nan,False,0.000000,0,0,1.0,1.0,1.0,1.0,0.88889,0.9,0.9
112,2318,3075,T,C,C,nan,False,0.001026,0.0008237000539678313,2.7713979950324406e-05,0.0,0.0,0.0,0.0,0.0,0.1,0.1
113,2323,3080,A,A,C,nan,False,0.000000,0,0,1.0,1.0,1.0,1.0,0.88889,1.0,1.0
113,2323,3080,G,A,C,nan,False,-0.002073,-0.001808867317133423,1.0077685169258947e-05,0.0,0.0,0.0,0.0,0.11111,0.0,0.0
114,2327,3084,A,G,G,nan,False,-0.009238,-0.004914904675336311,5.49262640460487e-05,0.04,0.0,0.0,0.0,0.0,0.0,0.0
114,2327,3084,G,G,G,nan,False,0.000000,0,0,0.96,1.0,1.0,1.0,1.0,1.0,1.0
115,2329,3086,C,T,T,nan,False,-0.001163,-0.0011449345172372392,6.654191812043779e-06,0.0,0.0,0.0,0.1,0.0,0.0,0.0
115,2329,3086,T,T,T,nan,False,0.000000,0,0,1.0,1.0,1.0,0.9,1.0,1.0,1.0
116,2358,3115,A,T,T,nan,False,-0.000864,-0.0009921810991907955,6.400888857010116e-06,0.0,0.0,0.0,0.1,0.0,0.0,0.0
116,2358,3115,T,T,T,nan,False,0.000000,0,0,1.0,1.0,1.0,0.9,1.0,1.0,1.0
117,2368,3125,C,C,C,nan,False,0.000000,0,0,1.0,1.0,1.0,1.0,0.88889,0.8,0.8
117,2368,3125,T,C,C,nan,False,0.005219,0.0029983173207005736,4.353064194375207e-05,0.0,0.0,0.0,0.0,0.11111,0.2,0.2
118,2372,3129,A,G,G,nan,False,0.004535,0.004396751623916591,3.2078622672081844e-05,0.0,0.0,0.0,0.0,0.11111,0.0,0.0
118,2372,3129,G,G,G,nan,False,0.000000,0,0,1.0,1.0,1.0,1.0,0.88889,1.0,1.0
119,2419,3176,A,G,G,nan,False,-0.001160,-0.00041119309253768934,2.430408336108797e-06,0.0,0.0,0.0,0.0,0.0,0.1,0.1
119,2419,3176,G,G,G,nan,False,0.000000,0,0,1.0,1.0,1.0,1.0,1.0,0.9,0.9
120,2459,3216,A,A,A,nan,False,0.000000,0,0,1.0,1.0,1.0,1.0,1.0,0.9,0.9
120,2459,3216,G,A,A,nan,False,0.001274,0.0007329279788646966,4.777422050947065e-06,0.0,0.0,0.0,0.0,0.0,0.1,0.1
121,2494,3251,C,C,C,nan,False,0.000000,0,0,1.0,1.0,1.0,1.0,1.0,0.9,0.9
121,2494,3251,T,C,C,nan,False,0.004396,0.0022537133176523177,2.2360732712915666e-05,0.0,0.0,0.0,0.0,0.0,0.1,0.1
122,2539,3296,A,A,A,nan,False,0.000000,0,0,1.0,1.0,0.96552,1.0,1.0,1.0,1.0
122,2539,3296,G,A,A,nan,False,0.003667,0.002145734509408021,3.279364022723377e-05,0.0,0.0,0.034483,0.0,0.0,0.0,0.0
123,2594,3351,A,A,A,nan,False,0.000000,0,0,1.0,1.0,1.0,1.0,0.88889,1.0,1.0
123,2594,3351,T,A,A,nan,False,0.000886,0.0008598272004107528,2.5001941035666935e-05,0.0,0.0,0.0,0.0,0.11111,0.0,0.0
124,2622,3379,A,A,A,QIYPGIKVK,False,0.000000,0,0,1.0,1.0,1.0,0.0,0.0,0.0,0.0
124,2622,3379,G,A,A,QIYPGIKVK,True,0.038263,0.0008598272004107528,time varying,0.0,0.0,0.0,1.0,1.0,1.0,1.0
125,2623,3380,A,G,G,QIYPGIKVK,False,0.002318,0.001487514830563635,3.0716070875285996e-05,0.0,0.0,0.034483,0.0,0.0,0.0,0.0
125,2623,3380,G,G,G,QIYPGIKVK,False,0.000000,0,0,1.0,1.0,0.96552,1.0,1.0,1.0,1.0
126,2653,3410,A,A,A,nan,False,0.000000,0,0,1.0,1.0,1.0,1.0,0.88889,1.0,1.0
126,2653,3410,G,A,A,nan,False,0.002107,0.0018290140371076385,9.288162230398447e-06,0.0,0.0,0.0,0.0,0.11111,0.0,0.0
127,2654,3411,A,G,G,nan,False,-0.001816,-0.0016542337584966181,7.627758059407745e-06,0.0,0.0,0.0,0.1,0.0,0.0,0.0
127,2654,3411,G,G,G,nan,False,0.000000,0,0,1.0,1.0,1.0,0.9,1.0,1.0,1.0
128,2668,3425,A,A,A,nan,False,0.000000,0,0,1.0,1.0,0.96552,1.0,1.0,1.0,1.0
128,2668,3425,G,A,A,nan,False,0.005711,0.002804445597452857,4.1070568016107983e-05,0.0,0.0,0.034483,0.0,0.0,0.0,0.0
129,2699,3456,C,C,C,nan,False,0.000000,0,0,1.0,1.0,0.96552,1.0,1.0,0.9,0.9
129,2699,3456,T,C,C,nan,False,0.002184,0.0011283937502399365,5.729026287635079e-05,0.0,0.0,0.034483,0.0,0.0,0.1,0.1
130,2731,3488,A,A,A,nan,False,0.000000,0,0,1.0,1.0,1.0,0.0,0.11111,0.0,0.0
130,2731,3488,C,A,A,nan,False,0.028693,0.01565754747082645,0.000220671880321703,0.0,0.0,0.0,1.0,0.88889,1.0,1.0
131,2757,3514,C,C,C,nan,False,0.000000,0,0,1.0,1.0,1.0,1.0,1.0,0.9,0.9
131,2757,3514,T,C,C,nan,False,-0.001299,-0.0004397937242739202,5.083692284959584e-06,0.0,0.0,0.0,0.0,0.0,0.1,0.1
132,2764,3521,C,C,C,nan,False,0.000000,0,0,0.96,1.0,1.0,1.0,1.0,1.0,1.0
132,2764,3521,T,C,C,nan,False,-0.008613,-0.004637587900680526,5.268012485728296e-05,0.04,0.0,0.0,0.0,0.0,0.0,0.0
133,2776,3533,A,A,A,nan,False,0.000000,0,0,1.0,1.0,1.0,1.0,1.0,0.9,0.9
133,2776,3533,G,A,A,nan,False,-0.000840,-4.775719161776156e-06,2.6517449530583664e-06,0.0,0.0,0.0,0.0,0.0,0.1,0.1
134,2790,3547,A,G,G,nan,False,0.001177,0.0013542169493804543,8.95791736294279e-06,0.0,0.0,0.0,0.0,0.11111,0.0,0.0
134,2790,3547,G,G,G,nan,False,0.000000,0,0,1.0,1.0,1.0,1.0,0.88889,1.0,1.0
135,2796,3553,A,G,G,nan,False,0.002136,0.0011977810679580907,1.3114029545767312e-05,0.0,0.0,0.0,0.0,0.0,0.1,0.1
135,2796,3553,G,G,G,nan,False,0.000000,0,0,1.0,1.0,1.0,1.0,1.0,0.9,0.9
136,2809,3566,C,T,T,nan,False,-0.007773,-0.004266433319568536,4.882487090801336e-05,0.04,0.0,0.0,0.0,0.0,0.0,0.0
136,2809,3566,T,T,T,nan,False,0.000000,0,0,0.96,1.0,1.0,1.0,1.0,1.0,1.0
137,2821,3578,A,G,A,nan,False,-0.008477,-0.004388361514673769,5.1603641018484645e-05,0.04,0.0,0.0,0.0,0.0,0.1,0.1
137,2821,3578,G,G,A,nan,False,0.000000,0,0,0.96,1.0,1.0,1.0,1.0,0.9,0.9
138,2875,3632,C,C,C,nan,False,0.000000,0,0,1.0,1.0,1.0,1.0,0.88889,1.0,1.0
138,2875,3632,T,C,C,nan,False,0.000478,0.0010530409434809174,2.6281546977944337e-05,0.0,0.0,0.0,0.0,0.11111,0.0,0.0
139,2900,3657,A,G,G,nan,False,-0.001520,-0.0005527006409904324,5.181169574323097e-06,0.0,0.0,0.0,0.0,0.0,0.1,0.1
139,2900,3657,G,G,G,nan,False,0.000000,0,0,1.0,1.0,1.0,1.0,1.0,0.9,0.9
140,2902,3659,A,G,G,nan,False,-0.009238,-0.00491490467533633,5.492626404604792e-05,0.04,0.0,0.0,0.0,0.0,0.0,0.0
140,2902,3659,G,G,G,nan,False,0.000000,0,0,0.96,1.0,1.0,1.0,1.0,1.0,1.0
141,2903,3660,A,G,G,nan,False,-0.001771,-0.0004795728063354781,2.8751915235068784e-06,0.0,0.0,0.0,0.0,0.0,0.1,0.1
141,2903,3660,G,G,G,nan,False,0.000000,0,0,1.0,1.0,1.0,1.0,1.0,0.9,0.9
142,2914,3671,A,A,A,nan,False,0.000000,0,0,1.0,1.0,0.96552,1.0,1.0,1.0,1.0
142,2914,3671,G,A,A,nan,False,0.003063,0.001915459014855321,2.9903561681003606e-05,0.0,0.0,0.034483,0.0,0.0,0.0,0.0
143,2929,3686,C,C,C,nan,False,0.000000,0,0,1.0,1.0,1.0,1.0,1.0,0.9,0.9
143,2929,3686,T,C,C,nan,False,-0.001549,-0.0003666658897030875,2.7562629347929014e-06,0.0,0.0,0.0,0.0,0.0,0.1,0.1
144,2947,3704,A,A,G,nan,False,0.000000,0,0,1.0,1.0,0.89655,1.0,1.0,1.0,1.0
144,2947,3704,G,A,G,nan,False,0.012294,0.006647672590923333,9.28348688322405e-05,0.0,0.0,0.10345,0.0,0.0,0.0,0.0
145,3065,3822,C,T,T,nan,False,0.004918,0.004591957011995713,3.220349031737342e-05,0.0,0.0,0.0,0.0,0.11111,0.0,0.0
145,3065,3822,T,T,T,nan,False,0.000000,0,0,1.0,1.0,1.0,1.0,0.88889,1.0,1.0
146,3082,3839,A,G,G,nan,False,-0.004226,-0.0020549311207239533,1.7290906663096958e-05,0.0,0.0,0.0,0.0,0.0,0.1,0.1
146,3082,3839,G,G,G,nan,False,0.000000,0,0,1.0,1.0,1.0,1.0,1.0,0.9,0.9
147,3100,3857,A,A,A,nan,False,0.000000,0,0,0.96,1.0,1.0,1.0,1.0,1.0,1.0
147,3100,3857,G,A,A,nan,False,-0.007210,-0.003979388458169631,4.8944897155295744e-05,0.04,0.0,0.0,0.0,0.0,0.0,0.0
148,3133,3890,C,T,T,nan,False,0.000137,0.000477366901187875,2.5085120712456782e-05,0.0,0.0,0.0,0.0,0.11111,0.0,0.0
148,3133,3890,T,T,T,nan,False,0.000000,0,0,1.0,1.0,1.0,1.0,0.88889,1.0,1.0
149,3174,3931,A,G,G,RGRQKVVSL,True,-0.012085,-0.009679931644241862,7.52128467881805e-05,0.0,0.0,0.0,0.9,0.11111,0.0,0.0
149,3174,3931,G,G,G,RGRQKVVSL,False,0.000000,0,0,1.0,1.0,1.0,0.1,0.88889,1.0,1.0
150,3182,3939,A,C,C,RGRQKVVSL,True,0.002137,0.001994718701934637,1.6237761845210684e-05,0.0,0.0,0.0,0.0,0.11111,0.0,0.0
150,3182,3939,C,C,C,RGRQKVVSL,False,0.000000,0,0,1.0,1.0,1.0,1.0,0.88889,1.0,1.0
151,3189,3946,C,T,T,RGRQKVVSL,True,0.001560,0.0015494223373229553,9.097311343671696e-06,0.0,0.0,0.0,0.0,0.11111,0.0,0.0
151,3189,3946,T,T,T,RGRQKVVSL,False,0.000000,0,0,1.0,1.0,1.0,1.0,0.88889,1.0,1.0
152,3194,3951,C,T,T,RGRQKVVSL,True,0.010648,0.00916601257884771,0.00010992075142454951,0.0,0.0,0.0,0.0,0.66667,1.0,1.0
152,3194,3951,T,T,T,RGRQKVVSL,False,0.000000,0,0,1.0,1.0,1.0,1.0,0.33333,0.0,0.0
153,3200,3957,A,A,A,nan,False,0.000000,0,0,1.0,1.0,0.96552,1.0,1.0,1.0,1.0
153,3200,3957,G,A,A,nan,False,0.003442,0.0020407286138435245,3.147548024026637e-05,0.0,0.0,0.034483,0.0,0.0,0.0,0.0
154,3203,3960,A,G,G,nan,False,0.001177,0.001354216949380429,8.95791736294315e-06,0.0,0.0,0.0,0.0,0.11111,0.0,0.0
154,3203,3960,G,G,G,nan,False,0.000000,0,0,1.0,1.0,1.0,1.0,0.88889,1.0,1.0
155,3220,3977,A,G,G,nan,False,-0.003791,-0.0016395412715317238,1.3563882529483102e-05,0.0,0.0,0.0,0.0,0.0,0.1,0.1
155,3220,3977,G,G,G,nan,False,0.000000,0,0,1.0,1.0,1.0,1.0,1.0,0.9,0.9
156,3229,3986,A,A,A,nan,False,0.000000,0,0,1.0,1.0,1.0,1.0,0.88889,1.0,1.0
156,3229,3986,G,A,A,nan,False,-0.001399,-0.0006575236098710415,7.424994681576457e-06,0.0,0.0,0.0,0.0,0.11111,0.0,0.0
157,3239,3996,C,C,C,nan,False,0.000000,0,0,1.0,1.0,0.96552,1.0,1.0,1.0,1.0
157,3239,3996,T,C,C,nan,False,0.002173,0.0014583647953284803,2.896457271936656e-05,0.0,0.0,0.034483,0.0,0.0,0.0,0.0
158,3247,4004,C,T,T,nan,False,-0.005216,-0.0017377583152237966,2.6256489630574953e-05,0.0,0.0,0.0,0.0,0.11111,0.0,0.0
158,3247,4004,T,T,T,nan,False,0.000000,0,0,1.0,1.0,1.0,1.0,0.88889,1.0,1.0
159,3253,4010,A,G,G,nan,False,0.004909,0.002367776294809591,4.175790578830273e-05,0.0,0.0,0.034483,0.0,0.0,0.0,0.0
159,3253,4010,G,G,G,nan,False,0.000000,0,0,1.0,1.0,0.96552,1.0,1.0,1.0,1.0
160,3286,4043,C,C,C,nan,False,0.000000,0,0,1.0,1.0,1.0,1.0,1.0,0.9,0.9
160,3286,4043,T,C,C,nan,False,0.002358,0.001310687984659246,1.3215279866919495e-05,0.0,0.0,0.0,0.0,0.0,0.1,0.1
161,3307,4064,C,C,C,nan,False,0.000000,0,0,1.0,1.0,1.0,1.0,1.0,0.5,0.5
161,3307,4064,T,C,C,nan,False,0.001445,0.0014493698412079616,8.516844167910868e-06,0.0,0.0,0.0,0.0,0.0,0.5,0.5
162,3310,4067,C,T,T,nan,False,-0.000758,5.126905458917057e-05,1.9870411258641013e-06,0.0,0.0,0.0,0.0,0.0,0.1,0.1
162,3310,4067,T,T,T,nan,False,0.000000,0,0,1.0,1.0,1.0,1.0,1.0,0.9,0.9
163,3365,4122,C,T,T,nan,False,-0.000780,-0.0002172232586648932,2.2788611009096107e-06,0.0,0.0,0.0,0.0,0.0,0.1,0.1
163,3365,4122,T,T,T,nan,False,0.000000,0,0,1.0,1.0,1.0,1.0,1.0,0.9,0.9
164,3373,4130,A,A,A,nan,False,0.000000,0,0,1.0,1.0,0.96552,1.0,1.0,1.0,1.0
164,3373,4130,G,A,A,nan,False,0.005195,0.002647737481499144,3.910043017899754e-05,0.0,0.0,0.034483,0.0,0.0,0.0,0.0
165,3377,4134,A,G,G,nan,False,0.002638,0.0016215194912499872,3.239465080739149e-05,0.0,0.0,0.034483,0.0,0.0,0.0,0.0
165,3377,4134,G,G,G,nan,False,0.000000,0,0,1.0,1.0,0.96552,1.0,1.0,1.0,1.0
166,3392,4149,A,G,G,nan,False,0.003686,0.0019819095340761193,3.691369774002678e-05,0.0,0.0,0.034483,0.0,0.0,0.0,0.0
166,3392,4149,G,G,G,nan,False,0.000000,0,0,1.0,1.0,0.96552,1.0,1.0,1.0,1.0
167,3470,4227,C,C,C,nan,False,0.000000,0,0,1.0,1.0,1.0,1.0,1.0,0.9,0.9
167,3470,4227,T,C,C,nan,False,0.004396,0.0022537133176523763,2.2360732712914572e-05,0.0,0.0,0.0,0.0,0.0,0.1,0.1
168,3472,4229,A,A,A,nan,False,0.000000,0,0,1.0,1.0,1.0,0.0,0.0,0.2,0.2
168,3472,4229,G,A,A,nan,False,0.028855,0.01563253312849497,0.00028178120792438907,0.0,0.0,0.0,1.0,1.0,0.8,0.8
169,3542,4299,A,A,A,nan,False,0.000000,0,0,0.96,1.0,1.0,1.0,1.0,1.0,1.0
169,3542,4299,G,A,A,nan,False,-0.008353,-0.004457552663019685,5.535445231661554e-05,0.04,0.0,0.0,0.0,0.0,0.0,0.0
170,3604,4361,A,G,G,nan,False,0.003210,0.00224359078905416,1.3834426630036234e-05,0.0,0.0,0.0,0.0,0.0,0.3,0.3
170,3604,4361,G,G,G,nan,False,0.000000,0,0,1.0,1.0,1.0,1.0,1.0,0.7,0.7
171,3613,4370,A,A,A,nan,False,0.000000,0,0,1.0,1.0,1.0,1.0,0.88889,1.0,1.0
171,3613,4370,C,A,A,nan,False,0.002773,0.002318970371325068,1.634453131848137e-05,0.0,0.0,0.0,0.0,0.11111,0.0,0.0
172,3634,4391,A,A,A,nan,False,0.000000,0,0,0.96,1.0,1.0,1.0,1.0,1.0,1.0
172,3634,4391,G,A,A,nan,False,-0.007210,-0.003979388458169639,4.8944897155295534e-05,0.04,0.0,0.0,0.0,0.0,0.0,0.0
173,3686,4443,-,A,A,nan,False,0.002299,0.001420102001981627,3.271081687819061e-05,0.0,0.0,0.0,0.0,0.11111,0.0,0.0
173,3686,4443,A,A,A,nan,False,0.000000,0,0,1.0,1.0,0.96552,1.0,0.88889,1.0,1.0
173,3686,4443,G,A,A,nan,False,0.002854,0.001337571543020247,2.822230061920987e-05,0.0,0.0,0.034483,0.0,0.0,0.0,0.0
174,3757,4514,A,A,G,nan,False,0.000000,0,0,1.0,1.0,1.0,1.0,1.0,0.9,0.9
174,3757,4514,G,A,G,nan,False,0.001274,0.0007329279788647261,4.777422050948206e-06,0.0,0.0,0.0,0.0,0.0,0.1,0.1
175,3786,4543,C,C,C,nan,False,0.000000,0,0,1.0,0.90909,1.0,1.0,1.0,1.0,1.0
175,3786,4543,T,C,C,nan,False,-0.000181,7.365706598489416e-05,1.5048148039088843e-05,0.0,0.090909,0.0,0.0,0.0,0.0,0.0
176,3820,4577,C,C,C,nan,False,0.000000,0,0,1.0,1.0,1.0,1.0,1.0,0.9,0.9
176,3820,4577,T,C,C,nan,False,-0.000939,-0.0002982861758048366,2.319635873122923e-06,0.0,0.0,0.0,0.0,0.0,0.1,0.1
177,3826,4583,C,C,C,nan,False,0.000000,0,0,1.0,1.0,1.0,1.0,1.0,0.9,0.9
177,3826,4583,T,C,C,nan,False,-0.004005,-0.0019420242040343871,1.7181268595575415e-05,0.0,0.0,0.0,0.0,0.0,0.1,0.1
178,3835,4592,C,C,C,nan,False,0.000000,0,0,1.0,1.0,0.96552,1.0,1.0,1.0,1.0
178,3835,4592,T,C,C,nan,False,0.003896,0.0020888247279804103,3.6868941483684017e-05,0.0,0.0,0.034483,0.0,0.0,0.0,0.0
179,3901,4658,C,C,C,nan,False,0.000000,0,0,1.0,1.0,0.96552,1.0,1.0,1.0,1.0
179,3901,4658,T,C,C,nan,False,0.003969,0.002112551993191309,3.71667461255415e-05,0.0,0.0,0.034483,0.0,0.0,0.0,0.0
180,3941,4698,A,G,G,nan,False,0.002318,0.0014875148305636373,3.0716070875287324e-05,0.0,0.0,0.034483,0.0,0.0,0.0,0.0
180,3941,4698,G,G,G,nan,False,0.000000,0,0,1.0,1.0,0.96552,1.0,1.0,1.0,1.0
181,3946,4703,A,G,A,nan,False,0.000210,0.0008661540311628385,4.6045545549340685e-05,0.0,0.0,0.034483,0.0,0.0,0.2,0.2
181,3946,4703,G,G,A,nan,False,0.000000,0,0,1.0,1.0,0.96552,1.0,1.0,0.8,0.8
182,3949,4706,A,G,G,nan,False,0.009652,0.00794286036799024,8.418219474643526e-05,0.0,0.0,0.0,0.0,0.33333,0.0,0.0
182,3949,4706,G,G,G,nan,False,0.000000,0,0,1.0,1.0,1.0,1.0,0.66667,1.0,1.0
183,4048,4805,A,G,G,nan,False,0.005855,0.0026225055143264194,4.495808157873497e-05,0.0,0.0,0.034483,0.0,0.0,0.0,0.0
183,4048,4805,G,G,G,nan,False,0.000000,0,0,1.0,1.0,0.96552,1.0,1.0,1.0,1.0
184,4130,4887,-,A,A,nan,False,0.003667,0.0021657592595363435,3.123925047580169e-05,0.0,0.0,0.034483,0.0,0.0,0.0,0.0
184,4130,4887,A,A,A,nan,False,0.000000,0,0,1.0,1.0,0.96552,1.0,1.0,1.0,1.0
185,4141,4898,C,T,T,nan,False,0.001176,0.0011222878805500673,6.374472506030685e-06,0.0,0.0,0.0,0.0,0.0,0.2,0.2
185,4141,4898,T,T,T,nan,False,0.000000,0,0,1.0,1.0,1.0,1.0,1.0,0.8,0.8
186,4171,4928,A,A,A,nan,False,0.000000,0,0,0.96,1.0,1.0,1.0,1.0,1.0,1.0
186,4171,4928,G,A,A,nan,False,-0.007934,-0.00429217891865959,5.313768819843339e-05,0.04,0.0,0.0,0.0,0.0,0.0,0.0
187,4192,4949,A,G,G,nan,False,0.001341,0.0019998438643566837,1.2372577056597506e-05,0.0,0.0,0.0,0.0,0.0,0.7,0.7
187,4192,4949,G,G,G,nan,False,0.000000,0,0,1.0,1.0,1.0,1.0,1.0,0.3,0.3
188,4195,4952,A,G,T,nan,False,-0.001138,-0.00014270077923291008,2.005356312088727e-06,0.0,0.0,0.0,0.0,0.0,0.1,0.1
188,4195,4952,G,G,T,nan,False,0.000000,0,0,1.0,1.0,1.0,1.0,1.0,0.9,0.9
189,4198,4955,A,C,C,nan,False,0.000265,0.0003038801667861244,1.5720729534370375e-05,0.0,0.090909,0.0,0.0,0.0,0.0,0.0
189,4198,4955,C,C,C,nan,False,0.000000,0,0,1.0,0.90909,1.0,1.0,1.0,1.0,1.0
190,4213,4970,A,G,G,nan,False,0.002133,0.001440661925553325,3.0129505415304757e-05,0.0,0.0,0.034483,0.0,0.0,0.0,0.0
190,4213,4970,G,G,G,nan,False,0.000000,0,0,1.0,1.0,0.96552,1.0,1.0,1.0,1.0
191,4249,5006,A,A,A,nan,False,0.000000,0,0,1.0,1.0,0.96552,1.0,1.0,1.0,1.0
191,4249,5006,G,A,A,nan,False,0.005840,0.0028425733840573347,4.154993426169285e-05,0.0,0.0,0.034483,0.0,0.0,0.0,0.0
192,4273,5030,A,C,C,nan,False,0.003575,0.0020524724104341065,1.264263090672389e-05,0.0,0.0,0.0,0.0,0.0,0.1,0.1
192,4273,5030,C,C,C,nan,False,0.000000,0,0,1.0,1.0,1.0,1.0,0.88889,0.9,0.9
192,4273,5030,T,C,C,nan,False,0.007867,0.004136928532684878,2.9233314970049506e-05,0.0,0.0,0.0,0.0,0.11111,0.0,0.0
