ppt,protein,start,end,epitope,detected,readingframe
700010040,gp41,8532,8558,RLRDLLLIV,16,3
700010040,gp41,8727,8753,RACRAILHI,16,3
700010040,int,4569,4595,HTDNGSNFT,111,3
700010040,nef,9355,9384,SSLAFRHVAR,16,1
700010040,p6,2230,2256,KELYPLASL,16,1
700010040,p7,1972,1998,CGKEGHIAR,16,1
700010040,pro,2352,2378,EEMNLPGRW,111,3
700010040,rev,8471,8497,ERILSTYLE,45,2
700010040,vif,5395,5421,AIRKAILGR,16,1
700010058,gp41,7974,8000,ERYLRDQQL,21,3
700010058,nef,9142,9168,HTQGYFPDW,21,1
700010058,p24,1228,1254,ISPRTLNAW,21,1
700010058,p24,1273,1305,KAFSPEVIPMF,595,1
700010058,p24,1507,1536,TSTLQEQIGW,21,1
700010077,gp120,7245,7271,TLSHVVDKL,21,3
700010077,gp120,7278,7307,QF-RNKTIVF,21,3
700010077,gp41,8040,8066,TTVPWNVSW,159,3
700010077,gp41,8703,8729,DRVIEELQR,21,3
700010077,gp41,8739,8765,AVLNIPTRI,159,3
700010077,nef,8872,8890,DEPAAVGVG,13,1
700010077,nef,9040,9066,KAALDLSHF,21,1
700010077,nef,9376,9402,VAREIHPEF,21,1
700010077,p17,898,921,ASRELERF,21,1
700010077,p24,1228,1254,ISPRTLNAW,102,1
700010077,p24,1507,1536,TSTLQEQVGW,21,1
700010077,p24,1273,1305,KAFSPEVIPMF,592,1
700010077,p24,1612,1638,RMYSPTSIL,21,1
700010077,p24,1687,1713,FYKTLRAEQ,21,1
700010077,rev,6000,6026,DLLKTVRLI,159,3
700010077,rt,3669,3695,KISTESIVI,159,3
700010470,gp41,8766,8792,RQGLERALI,69,3
700010470,nef,9016,9042,VPLRPMTFK,41,1
700010470,nef,9358,9390,RLAYQHIAKEK,13,1
700010470,p17,859,885,GGKKKYQLK,13,1
700010470,p17,1066,1092,DIKDTKEAL,69,1
700010470,p6,2233,2259,ELYPMTSLK,125,1
700010470,rnase,3930,3956,RGRQKVVSL,69,3
700010470,rt,3354,3380,QIYPGIKVK,13,3
700010470,vif,5089,5118,RIKTWKSLVK,13,1
700010470,vif,5497,5523,LVAPKKTKP,125,1
700010607,nef,9109,9141,KRREILDLWVY,3,1
703010131,gp120,6330,6356,VTVYYGVPV,63,3
703010131,gp120,6837,6863,CPKISFDPI,333,3
703010131,gp120,7329,7355,LEITTHSFN,530,3
703010131,gp41,8361,8387,SPLSFQTLI,7,3
703010131,int,5016,5042,RKAKIIKDY,333,3
703010131,nef,8986,9018,EEVGFPVKPQV,7,1
703010131,nef,9037,9063,YKGAFDLSF,530,1
703010131,nef,9265,9291,NSGENSCLL,600,1
703010131,p24,1255,1281,VKVIEEKAF,63,1
703010131,tat,5885,5911,KTACNNCYC,63,2
703010131,tat,5942,5971,FQKKGLGISY,7,2
703010131,vpu,6062,6073,MIELLARVD,530,2
703010159,gp41,8130,8156,DNYTDTIYS,588,3
703010159,nef,9001,9027,PVKPQVPLR,588,1
703010159,nef,9328,9354,REVLIWKFD,12,1
703010159,p24,1327,1353,TPQDLNTML,29,1
703010159,p24,1732,1758,NWMTDTLLI,302,1
703010159,rev,8501,8527,PTEPVPFQL,29,2
703010159,rt,2556,2585,SPIETVPVKL,466,3
703010159,vpr,5658,5684,FPRPWLHNL,302,3
703010256,gp41,8040,8066,TAVPWDSSW,7,3
703010256,gp41,8448,8474,RNRSIRLVN,7,3
703010256,gp41,8619,8645,LVQDWGLEL,28,3
703010256,nef,9358,9384,QLAHRHMAR,28,1
703010256,p24,1210,1239,QMVHQPLSPR,28,1
703010256,p24,1681,1707,DRFFKTLRA,28,1
703010256,rnase,3888,3914,NRETKMGKA,28,3
703010256,rt,3276,3302,PIQLPEKDS,35,3
703010256,tat,5834,5863,EPIDPNLEPW,28,2
703010256,vif,5551,5577,EDRWNKPQK,63,1
704010042,gp120,6732,6758,KQRVHALFY,4,3
704010042,gp41,8133,8159,NYTDIIYRL,4,3
704010042,nef,9115,9141,REILDLWVY,4,1
704010042,p24,1210,1236,QMVHQALSP,21,1
704010042,rev,5994,6020,DETLLQAVR,4,3
704010042,rt,2958,2984,NETPGIRYQ,172,3
705010067,gp41,8745,8771,RNIPIRIRQ,42,3
705010067,p17,1000,1026,GTEELKSLY,42,1
705010067,p24,1327,1353,TPQDLNTML,42,1
705010162,nef,8851,8877,RIRKTAPTA,26,1
705010162,nef,9007,9033,KPQVPLRPM,105,1
705010162,nef,9118,9144,EILDLWVYH,26,1
705010162,p17,1051,1077,VHKGIKVKD,105,1
705010162,p7,1975,2001,GKEGHIAKN,40,1
705010162,pro,2352,2378,EEMNLTGKW,40,3
705010162,rev,6006,6032,LQAVRIIKI,105,3
705010162,rnase,4203,4229,VSRGIRKVL,179,3
705010162,vif,5368,5394,HYFDCFAGS,105,1
705010185,p17,1000,1026,GTEELRSLY,11,1
705010185,p24,1327,1353,TPQDLNTML,11,1
705010198,nef,9040,9066,KAAFDLSFF,11,1
705010198,p24,1507,1536,TSTLQEQVAW,32,1
706010164,gp120,6849,6875,SFDPIPIHY,70,3
706010164,gp120,7026,7055,EEIIIRSENL,183,3
706010164,int,4383,4412,GQVDCSPGIW,183,3
706010164,nef,8986,9018,EEVGFPVRPQV,21,1
706010164,nef,9109,9141,KRQDILDLWVY,105,1
706010164,p2,1882,1908,EAMSQANNA,183,1
706010164,p24,1663,1689,PFRDYVDRF,21,1
706010164,p7,1978,2010,KEGHIARNCKA,21,1
706010164,tat,5900,5926,NCYCKMCSY,70,2
