polymorphic_index,alignment,HXB2_index,nucleotide,TF,consensus,epitope,escape,sc_old,sc_MPL,tc_MPL,f_at_0,f_at_16,f_at_45,f_at_111,f_at_181,f_at_283,f_at_412,f_at_552
0,116,906,A,G,G,nan,False,0.004723838,0.003913828,nan,0.0,0.0,0.0,0.125,0.0,0.0,0.0,0.0
0,116,906,G,G,G,nan,False,0.0,0.0,nan,1.0,1.0,1.0,0.875,1.0,1.0,1.0,1.0
1,182,972,A,G,G,nan,False,-0.0006191212999999999,0.0012746388,nan,0.0,0.0,0.0,0.0,0.090909,0.0,0.0,0.0
1,182,972,G,G,G,nan,False,0.0,0.0,nan,1.0,1.0,1.0,1.0,0.90909,1.0,1.0,1.0
2,198,988,C,G,T,nan,False,-0.0024515993,-0.005281167,nan,0.0,0.0,0.0,0.0,0.0,0.0,0.090909,0.0
2,198,988,G,G,T,nan,False,0.0,0.0,nan,1.0,1.0,1.0,1.0,1.0,1.0,0.90909,1.0
3,212,1002,A,A,A,nan,False,0.0,0.0,nan,1.0,1.0,1.0,1.0,1.0,1.0,0.90909,1.0
3,212,1002,G,A,A,nan,False,0.00047181040000000005,0.0004685479,nan,0.0,0.0,0.0,0.0,0.0,0.0,0.090909,0.0
4,243,1033,A,G,G,nan,False,-0.0004828901,-0.004967481,nan,0.0,0.0,0.083333,0.0,0.0,0.0,0.0,0.0
4,243,1033,G,G,G,nan,False,0.0,0.0,nan,1.0,1.0,0.91667,1.0,1.0,1.0,1.0,1.0
5,271,1061,A,G,A,nan,False,0.02063789,0.019560084,nan,0.0,0.0,0.0,0.0,0.0,0.0,0.090909,0.0
5,271,1061,G,G,A,nan,False,0.0,0.0,nan,1.0,1.0,1.0,1.0,1.0,1.0,0.90909,1.0
6,293,1083,A,G,G,nan,False,0.0017157518,0.0035417599999999997,nan,0.0,0.0,0.0,0.125,0.0,0.0,0.0,0.0
6,293,1083,G,G,G,nan,False,0.0,0.0,nan,1.0,1.0,1.0,0.875,1.0,1.0,1.0,1.0
7,299,1089,G,T,T,nan,False,-0.015721008,-0.015104435,nan,0.083333,0.0,0.0,0.0,0.0,0.0,0.0,0.0
7,299,1089,T,T,T,nan,False,0.0,0.0,nan,0.91667,1.0,1.0,1.0,1.0,1.0,1.0,1.0
8,305,1095,C,C,-,nan,False,0.0,0.0,nan,1.0,1.0,1.0,1.0,1.0,1.0,0.90909,1.0
8,305,1095,T,C,-,nan,False,0.02090135,0.019823537000000002,nan,0.0,0.0,0.0,0.0,0.0,0.0,0.090909,0.0
9,358,1148,A,C,C,nan,False,0.04110645,-0.004799051,nan,0.083333,0.0,1.0,0.75,0.90909,0.75,0.18182,0.0
9,358,1148,C,C,C,nan,False,0.0,0.0,nan,0.91667,1.0,0.0,0.25,0.090909,0.25,0.81818,1.0
10,376,1166,A,A,G,nan,False,0.0,0.0,nan,1.0,1.0,1.0,1.0,1.0,1.0,1.0,0.85714
10,376,1166,G,A,G,nan,False,0.005905505,0.0054060129999999994,nan,0.0,0.0,0.0,0.0,0.0,0.0,0.0,0.14286
11,377,1167,C,C,C,nan,False,0.0,0.0,nan,1.0,1.0,1.0,1.0,1.0,1.0,0.90909,1.0
11,377,1167,T,C,C,nan,False,-0.0030517599999999997,-0.005881328999999999,nan,0.0,0.0,0.0,0.0,0.0,0.0,0.090909,0.0
12,379,1169,A,A,A,nan,False,0.0,0.0,nan,1.0,1.0,1.0,1.0,1.0,1.0,0.54545,1.0
12,379,1169,C,A,A,nan,False,0.004811542,0.004696921,nan,0.0,0.0,0.0,0.0,0.0,0.0,0.45455,0.0
13,380,1170,G,G,G,nan,False,0.0,0.0,nan,1.0,1.0,1.0,1.0,1.0,1.0,0.54545,1.0
13,380,1170,T,G,G,nan,False,0.0042207419999999995,0.004106121,nan,0.0,0.0,0.0,0.0,0.0,0.0,0.45455,0.0
14,382,1172,G,T,T,nan,False,0.05648778,0.032474550000000005,nan,0.0,0.0,0.0,0.25,0.090909,0.25,0.81818,1.0
14,382,1172,T,T,T,nan,False,0.0,0.0,nan,1.0,1.0,1.0,0.75,0.90909,0.75,0.18182,0.0
15,443,1233,A,A,A,nan,False,0.0,0.0,nan,1.0,1.0,1.0,1.0,1.0,1.0,0.90909,1.0
15,443,1233,G,A,A,nan,False,0.011372069,0.011745963,nan,0.0,0.0,0.0,0.0,0.0,0.0,0.090909,0.0
16,533,1323,A,A,A,nan,False,0.0,0.0,nan,1.0,1.0,1.0,1.0,1.0,1.0,0.90909,1.0
16,533,1323,G,A,A,nan,False,-0.003834711,-0.006106037,nan,0.0,0.0,0.0,0.0,0.0,0.0,0.090909,0.0
17,575,1365,A,G,G,nan,False,-0.0003349077,-0.003445189,nan,0.0,0.0,0.083333,0.0,0.0,0.0,0.0,0.0
17,575,1365,G,G,G,nan,False,0.0,0.0,nan,1.0,1.0,0.91667,1.0,1.0,1.0,1.0,1.0
18,580,1370,A,A,A,nan,False,0.0,0.0,nan,1.0,0.88889,1.0,1.0,1.0,1.0,1.0,1.0
18,580,1370,G,A,A,nan,False,0.0058777659999999995,0.011585972,nan,0.0,0.11111,0.0,0.0,0.0,0.0,0.0,0.0
19,680,1470,A,G,G,nan,False,0.005035181,0.0019430724,nan,0.0,0.0,0.0,0.0,0.0,0.0,0.0,0.57143
19,680,1470,G,G,G,nan,False,0.0,0.0,nan,1.0,1.0,1.0,1.0,1.0,1.0,1.0,0.42857
20,683,1473,A,G,G,nan,False,-0.003408434,-0.007068049999999999,nan,0.0,0.0,0.0,0.0,0.0,0.0,0.090909,0.0
20,683,1473,G,G,G,nan,False,0.0,0.0,nan,1.0,1.0,1.0,1.0,1.0,1.0,0.90909,1.0
21,705,1495,A,A,A,nan,False,0.0,0.0,nan,0.91667,1.0,1.0,1.0,1.0,1.0,1.0,1.0
21,705,1495,G,A,A,nan,False,-0.013864962,-0.013313291000000001,nan,0.083333,0.0,0.0,0.0,0.0,0.0,0.0,0.0
22,725,1515,C,C,C,nan,False,0.0,0.0,nan,1.0,1.0,1.0,1.0,0.90909,1.0,1.0,1.0
22,725,1515,T,C,C,nan,False,-0.0006517671,0.0005245331,nan,0.0,0.0,0.0,0.0,0.090909,0.0,0.0,0.0
23,806,1596,A,A,A,nan,False,0.0,0.0,nan,1.0,1.0,1.0,1.0,1.0,0.75,1.0,1.0
23,806,1596,G,A,A,nan,False,-0.009550955,-0.002945361,nan,0.0,0.0,0.0,0.0,0.0,0.25,0.0,0.0
24,1013,1803,A,A,A,nan,False,0.0,0.0,nan,1.0,1.0,1.0,1.0,1.0,1.0,1.0,0.85714
24,1013,1803,G,A,A,nan,False,0.005905505,0.0054060129999999994,nan,0.0,0.0,0.0,0.0,0.0,0.0,0.0,0.14286
25,1041,1831,A,A,A,nan,False,0.0,0.0,nan,1.0,1.0,1.0,0.875,1.0,1.0,1.0,1.0
25,1041,1831,G,A,A,nan,False,-0.0016404378,-0.00405775,nan,0.0,0.0,0.0,0.125,0.0,0.0,0.0,0.0
26,1160,1950,A,A,A,nan,False,0.0,0.0,nan,1.0,1.0,1.0,0.875,1.0,1.0,1.0,1.0
26,1160,1950,G,A,A,nan,False,-0.00024548644,0.0018934802,nan,0.0,0.0,0.0,0.125,0.0,0.0,0.0,0.0
27,1163,1953,A,A,G,nan,False,0.0,0.0,nan,1.0,1.0,1.0,0.875,1.0,1.0,1.0,1.0
27,1163,1953,G,A,G,nan,False,0.0032151510000000003,0.006190868,nan,0.0,0.0,0.0,0.125,0.0,0.0,0.0,0.0
28,1166,1956,G,T,T,nan,False,0.007497452999999999,0.0019998674,nan,0.0,0.0,0.0,0.0,0.0,0.25,0.090909,0.57143
28,1166,1956,T,T,T,nan,False,0.0,0.0,nan,1.0,1.0,1.0,1.0,1.0,0.75,0.90909,0.42857
29,1167,1957,A,G,G,nan,False,0.0026906259999999998,0.0024859920000000002,nan,0.0,0.0,0.0,0.0,0.0,0.25,0.0,0.0
29,1167,1957,G,G,G,nan,False,0.0,0.0,nan,1.0,1.0,1.0,1.0,1.0,0.75,1.0,1.0
30,1196,1986,A,G,G,CGKEGHIAR,False,-0.0003349077,-0.003445189,nan,0.0,0.0,0.083333,0.0,0.0,0.0,0.0,0.0
30,1196,1986,G,G,G,CGKEGHIAR,False,0.0,0.0,nan,1.0,1.0,0.91667,1.0,1.0,1.0,1.0,1.0
31,1200,1990,A,A,A,CGKEGHIAR,False,0.0,0.0,nan,1.0,1.0,1.0,0.75,0.81818,0.0,0.54545,0.14286
31,1200,1990,C,A,A,CGKEGHIAR,True,0.05631783,0.03071819,0.1547411,0.0,0.0,0.0,0.25,0.18182,1.0,0.45455,0.85714
32,1207,1997,A,G,A,CGKEGHIAR,True,0.03264849,-0.005064989,0.1547411,0.083333,0.0,1.0,0.75,0.81818,0.25,0.54545,0.14286
32,1207,1997,G,G,A,CGKEGHIAR,False,0.0,0.0,nan,0.91667,1.0,0.0,0.25,0.18182,0.75,0.45455,0.85714
33,1211,2001,C,T,T,nan,False,-0.010212913,-0.003607318,nan,0.0,0.0,0.0,0.0,0.0,0.25,0.0,0.0
33,1211,2001,T,T,T,nan,False,0.0,0.0,nan,1.0,1.0,1.0,1.0,1.0,0.75,1.0,1.0
34,1289,2079,A,G,G,nan,False,0.008543862999999999,0.008136270000000001,nan,0.0,0.0,0.0,0.0,0.0,0.25,0.0,0.0
34,1289,2079,G,G,G,nan,False,0.0,0.0,nan,1.0,1.0,1.0,1.0,1.0,0.75,1.0,1.0
35,1304,2094,A,G,G,nan,False,-0.0006597896,-0.0006630521,nan,0.0,0.0,0.0,0.0,0.0,0.0,0.090909,0.0
35,1304,2094,G,G,G,nan,False,0.0,0.0,nan,1.0,1.0,1.0,1.0,1.0,1.0,0.90909,1.0
36,1356,2146,C,C,C,nan,False,0.0,0.0,nan,1.0,1.0,1.0,1.0,1.0,0.75,1.0,1.0
36,1356,2146,T,C,C,nan,False,0.003176503,0.0030423530000000002,nan,0.0,0.0,0.0,0.0,0.0,0.25,0.0,0.0
37,1424,2214,A,G,G,nan,False,0.0017157518,0.0035417599999999997,nan,0.0,0.0,0.0,0.125,0.0,0.0,0.0,0.0
37,1424,2214,G,G,G,nan,False,0.0,0.0,nan,1.0,1.0,1.0,0.875,1.0,1.0,1.0,1.0
38,1435,2225,C,C,T,nan,False,0.0,0.0,nan,1.0,1.0,1.0,1.0,0.90909,1.0,1.0,0.0
38,1435,2225,T,C,T,nan,False,0.016256442000000003,0.011734602,nan,0.0,0.0,0.0,0.0,0.090909,0.0,0.0,1.0
39,1440,2230,A,A,A,KELYPLASL,False,0.0,0.0,nan,1.0,1.0,1.0,1.0,0.90909,1.0,1.0,1.0
39,1440,2230,C,A,A,KELYPLASL,True,-0.0046241500000000005,-0.002645904,nan,0.0,0.0,0.0,0.0,0.090909,0.0,0.0,0.0
40,1498,2288,A,A,A,nan,False,0.0,0.0,nan,1.0,1.0,1.0,1.0,1.0,0.75,1.0,1.0
40,1498,2288,G,A,A,nan,False,0.004031661000000001,0.003897509,nan,0.0,0.0,0.0,0.0,0.0,0.25,0.0,0.0
41,1505,2295,A,A,A,nan,False,0.0,0.0,nan,1.0,1.0,1.0,1.0,1.0,1.0,1.0,0.85714
41,1505,2295,C,A,A,nan,False,0.006170325,0.005670833,nan,0.0,0.0,0.0,0.0,0.0,0.0,0.0,0.14286
42,1521,2311,A,A,A,nan,False,0.0,0.0,nan,1.0,1.0,0.41667,0.625,0.27273,0.25,0.090909,1.0
42,1521,2311,G,A,A,nan,False,0.013735692,0.008242011,nan,0.0,0.0,0.58333,0.375,0.72727,0.75,0.90909,0.0
43,1574,2364,C,T,T,EEMNLPGRW,False,0.0031602690000000003,0.002955635,nan,0.0,0.0,0.0,0.0,0.0,0.25,0.0,0.0
43,1574,2364,T,T,T,EEMNLPGRW,False,0.0,0.0,nan,1.0,1.0,1.0,1.0,1.0,0.75,1.0,1.0
44,1639,2429,C,T,T,nan,False,-0.00285856,-0.005688128000000001,nan,0.0,0.0,0.0,0.0,0.0,0.0,0.090909,0.0
44,1639,2429,T,T,T,nan,False,0.0,0.0,nan,1.0,1.0,1.0,1.0,1.0,1.0,0.90909,1.0
45,1648,2438,A,A,A,nan,False,0.0,0.0,nan,1.0,1.0,1.0,1.0,1.0,1.0,1.0,0.85714
45,1648,2438,G,A,A,nan,False,0.005905505,0.0054060129999999994,nan,0.0,0.0,0.0,0.0,0.0,0.0,0.0,0.14286
46,1660,2450,C,C,C,nan,False,0.0,0.0,nan,1.0,1.0,1.0,1.0,1.0,1.0,1.0,0.85714
46,1660,2450,T,C,C,nan,False,0.0005685216,8.37744e-05,nan,0.0,0.0,0.0,0.0,0.0,0.0,0.0,0.14286
47,1663,2453,A,T,T,nan,False,0.0006611858000000001,0.0003769998,nan,0.0,0.0,0.0,0.0,0.0,0.0,0.0,0.14286
47,1663,2453,T,T,T,nan,False,0.0,0.0,nan,1.0,1.0,1.0,1.0,1.0,1.0,1.0,0.85714
48,1697,2487,C,C,C,nan,False,0.0,0.0,nan,1.0,1.0,1.0,1.0,1.0,1.0,0.90909,1.0
48,1697,2487,T,C,C,nan,False,-0.004702854,-0.0069741790000000005,nan,0.0,0.0,0.0,0.0,0.0,0.0,0.090909,0.0
49,1738,2528,A,G,G,nan,False,0.003559624,0.007840779999999999,nan,0.0,0.11111,0.0,0.0,0.0,0.0,0.0,0.0
49,1738,2528,G,G,G,nan,False,0.0,0.0,nan,1.0,0.88889,1.0,1.0,1.0,1.0,1.0,1.0
50,1759,2549,C,T,T,nan,False,-0.002770455,-0.00036537666,nan,0.0,0.0,0.0,0.0,0.18182,0.0,0.0,0.0
50,1759,2549,T,T,T,nan,False,0.0,0.0,nan,1.0,1.0,1.0,1.0,0.81818,1.0,1.0,1.0
51,1776,2566,A,A,A,nan,False,0.0,0.0,nan,1.0,0.88889,1.0,1.0,1.0,1.0,1.0,1.0
51,1776,2566,G,A,A,nan,False,0.004691224,0.00897238,nan,0.0,0.11111,0.0,0.0,0.0,0.0,0.0,0.0
52,1815,2605,C,C,C,nan,False,0.0,0.0,nan,1.0,1.0,1.0,1.0,0.90909,1.0,1.0,1.0
52,1815,2605,T,C,C,nan,False,0.00249154,0.0007794947000000001,nan,0.0,0.0,0.0,0.0,0.090909,0.0,0.0,0.0
53,1827,2617,A,A,A,nan,False,0.0,0.0,nan,1.0,1.0,0.91667,1.0,1.0,1.0,1.0,1.0
53,1827,2617,G,A,A,nan,False,-0.0038381730000000003,-0.005264907,nan,0.0,0.0,0.083333,0.0,0.0,0.0,0.0,0.0
54,1840,2630,A,A,A,nan,False,0.0,0.0,nan,1.0,1.0,1.0,1.0,0.90909,1.0,1.0,1.0
54,1840,2630,G,A,A,nan,False,0.0030073540000000003,-0.0018737902999999998,nan,0.0,0.0,0.0,0.0,0.090909,0.0,0.0,0.0
55,1843,2633,A,A,A,nan,False,0.0,0.0,nan,1.0,1.0,1.0,0.875,1.0,1.0,1.0,1.0
55,1843,2633,G,A,A,nan,False,0.005566444,0.0053525380000000004,nan,0.0,0.0,0.0,0.125,0.0,0.0,0.0,0.0
56,1846,2636,-,A,A,nan,False,-0.01353649,-0.012984820000000001,nan,0.083333,0.0,0.0,0.0,0.0,0.0,0.0,0.0
56,1846,2636,A,A,A,nan,False,0.0,0.0,nan,0.91667,1.0,1.0,1.0,1.0,1.0,1.0,1.0
57,1927,2717,C,C,C,nan,False,0.0,0.0,nan,1.0,1.0,1.0,0.75,1.0,1.0,1.0,1.0
57,1927,2717,T,C,C,nan,False,-0.007141975,-0.016542631,nan,0.0,0.0,0.0,0.25,0.0,0.0,0.0,0.0
58,1933,2723,C,C,T,nan,False,0.0,0.0,nan,1.0,1.0,1.0,0.75,1.0,1.0,1.0,1.0
58,1933,2723,T,C,T,nan,False,0.005496307,0.006825263,nan,0.0,0.0,0.0,0.25,0.0,0.0,0.0,0.0
59,1944,2734,C,C,C,nan,False,0.0,0.0,nan,1.0,1.0,0.91667,1.0,1.0,1.0,1.0,1.0
59,1944,2734,T,C,C,nan,False,-0.004712767,-0.0061395,nan,0.0,0.0,0.083333,0.0,0.0,0.0,0.0,0.0
60,1945,2735,C,C,C,nan,False,0.0,0.0,nan,1.0,1.0,1.0,1.0,0.90909,1.0,1.0,1.0
60,1945,2735,T,C,C,nan,False,0.0021357722,-0.0027453720000000003,nan,0.0,0.0,0.0,0.0,0.090909,0.0,0.0,0.0
61,1947,2737,C,T,T,nan,False,0.0026847390000000002,0.0009726946999999999,nan,0.0,0.0,0.0,0.0,0.090909,0.0,0.0,0.0
61,1947,2737,T,T,T,nan,False,0.0,0.0,nan,1.0,1.0,1.0,1.0,0.90909,1.0,1.0,1.0
62,1957,2747,-,A,A,nan,False,-0.0019014986,-0.004731067,nan,0.0,0.0,0.0,0.0,0.0,0.0,0.090909,0.0
62,1957,2747,A,A,A,nan,False,0.0,0.0,nan,1.0,1.0,1.0,1.0,1.0,1.0,0.90909,1.0
63,1964,2754,A,A,A,nan,False,0.0,0.0,nan,1.0,1.0,1.0,1.0,0.90909,1.0,1.0,1.0
63,1964,2754,G,A,A,nan,False,8.0682067e-05,0.0012569823,nan,0.0,0.0,0.0,0.0,0.090909,0.0,0.0,0.0
64,1996,2786,A,A,A,nan,False,0.0,0.0,nan,1.0,1.0,0.91667,1.0,1.0,1.0,1.0,1.0
64,1996,2786,G,A,A,nan,False,0.00014870064,-0.004335891,nan,0.0,0.0,0.083333,0.0,0.0,0.0,0.0,0.0
65,2005,2795,A,G,G,nan,False,0.0026906259999999998,0.0024859920000000002,nan,0.0,0.0,0.0,0.0,0.0,0.25,0.0,0.0
65,2005,2795,G,G,G,nan,False,0.0,0.0,nan,1.0,1.0,1.0,1.0,1.0,0.75,1.0,1.0
66,2020,2810,-,T,C,nan,False,-0.0017999136,-0.004217225,nan,0.0,0.0,0.0,0.125,0.0,0.0,0.0,0.0
66,2020,2810,T,T,C,nan,False,0.0,0.0,nan,1.0,1.0,1.0,0.875,1.0,1.0,1.0,1.0
67,2059,2849,A,A,A,nan,False,0.0,0.0,nan,1.0,1.0,1.0,1.0,1.0,1.0,1.0,0.85714
67,2059,2849,G,A,A,nan,False,0.005905505,0.0054060129999999994,nan,0.0,0.0,0.0,0.0,0.0,0.0,0.0,0.14286
68,2116,2906,C,C,C,nan,False,0.0,0.0,nan,1.0,1.0,1.0,0.875,1.0,1.0,1.0,1.0
68,2116,2906,T,C,C,nan,False,-0.002511488,-0.0049288,nan,0.0,0.0,0.0,0.125,0.0,0.0,0.0,0.0
69,2146,2936,A,A,A,nan,False,0.0,0.0,nan,1.0,1.0,1.0,1.0,1.0,1.0,0.90909,1.0
69,2146,2936,C,A,A,nan,False,0.011633168999999999,0.012007063,nan,0.0,0.0,0.0,0.0,0.0,0.0,0.090909,0.0
70,2200,2990,C,T,T,nan,False,0.0031602690000000003,0.002955635,nan,0.0,0.0,0.0,0.0,0.0,0.25,0.0,0.0
70,2200,2990,T,T,T,nan,False,0.0,0.0,nan,1.0,1.0,1.0,1.0,1.0,0.75,1.0,1.0
71,2269,3059,A,G,T,nan,False,0.00342589,-0.0017539193,nan,0.0,0.0,0.0,0.0,0.0,0.0,0.090909,0.28571
71,2269,3059,G,G,T,nan,False,0.0,0.0,nan,1.0,1.0,1.0,1.0,1.0,1.0,0.90909,0.71429
72,2270,3060,C,T,T,nan,False,0.0026847390000000002,0.0009726946999999999,nan,0.0,0.0,0.0,0.0,0.090909,0.0,0.0,0.0
72,2270,3060,T,T,T,nan,False,0.0,0.0,nan,1.0,1.0,1.0,1.0,0.90909,1.0,1.0,1.0
73,2366,3156,A,G,G,nan,False,-0.0006597896,-0.0006630521,nan,0.0,0.0,0.0,0.0,0.0,0.0,0.090909,0.0
73,2366,3156,G,G,G,nan,False,0.0,0.0,nan,1.0,1.0,1.0,1.0,1.0,1.0,0.90909,1.0
74,2381,3171,C,C,C,nan,False,0.0,0.0,nan,1.0,1.0,1.0,1.0,0.90909,1.0,1.0,1.0
74,2381,3171,T,C,C,nan,False,-0.0007565625,0.00041973788,nan,0.0,0.0,0.0,0.0,0.090909,0.0,0.0,0.0
75,2392,3182,A,G,G,nan,False,-0.002772038,-0.0051893500000000006,nan,0.0,0.0,0.0,0.125,0.0,0.0,0.0,0.0
75,2392,3182,G,G,G,nan,False,0.0,0.0,nan,1.0,1.0,1.0,0.875,1.0,1.0,1.0,1.0
76,2639,3429,A,C,C,nan,False,0.010860370000000001,0.011234263,nan,0.0,0.0,0.0,0.0,0.0,0.0,0.090909,0.0
76,2639,3429,C,C,C,nan,False,0.0,0.0,nan,1.0,1.0,1.0,1.0,1.0,1.0,0.90909,1.0
77,2653,3443,A,A,A,nan,False,0.0,0.0,nan,0.91667,1.0,1.0,1.0,1.0,1.0,1.0,1.0
77,2653,3443,G,A,A,nan,False,-0.01545749,-0.014840916999999999,nan,0.083333,0.0,0.0,0.0,0.0,0.0,0.0,0.0
78,2724,3514,C,C,C,nan,False,0.0,0.0,nan,0.91667,1.0,1.0,1.0,1.0,1.0,1.0,1.0
78,2724,3514,T,C,C,nan,False,-0.016231455,-0.015614882,nan,0.083333,0.0,0.0,0.0,0.0,0.0,0.0,0.0
79,2754,3544,A,A,A,nan,False,0.0,0.0,nan,1.0,1.0,1.0,1.0,0.90909,1.0,1.0,1.0
79,2754,3544,G,A,A,nan,False,0.0002198147,0.0013961149999999999,nan,0.0,0.0,0.0,0.0,0.090909,0.0,0.0,0.0
80,2767,3557,A,A,A,nan,False,0.0,0.0,nan,1.0,1.0,1.0,1.0,1.0,1.0,0.90909,1.0
80,2767,3557,G,A,A,nan,False,0.00047181040000000005,0.0004685479,nan,0.0,0.0,0.0,0.0,0.0,0.0,0.090909,0.0
81,2803,3593,C,C,T,nan,False,0.0,0.0,nan,1.0,1.0,1.0,0.75,0.90909,1.0,1.0,1.0
81,2803,3593,T,C,T,nan,False,-0.003377747,-0.017659548,nan,0.0,0.0,0.0,0.25,0.090909,0.0,0.0,0.0
82,2806,3596,A,G,G,nan,False,-0.003408434,-0.007068049999999999,nan,0.0,0.0,0.0,0.0,0.0,0.0,0.090909,0.0
82,2806,3596,G,G,G,nan,False,0.0,0.0,nan,1.0,1.0,1.0,1.0,1.0,1.0,0.90909,1.0
83,2813,3603,A,G,G,nan,False,0.004434844,0.0042209380000000005,nan,0.0,0.0,0.0,0.125,0.0,0.0,0.0,0.0
83,2813,3603,G,G,G,nan,False,0.0,0.0,nan,1.0,1.0,1.0,0.875,1.0,1.0,1.0,1.0
84,2831,3621,A,A,A,nan,False,0.0,0.0,nan,1.0,1.0,1.0,1.0,1.0,1.0,1.0,0.85714
84,2831,3621,G,A,A,nan,False,0.0014384016,0.0009536544,nan,0.0,0.0,0.0,0.0,0.0,0.0,0.0,0.14286
85,2914,3704,A,G,G,nan,False,0.047542,0.03997639,nan,0.0,0.0,0.0,0.0,0.0,0.0,0.72727,0.0
85,2914,3704,G,G,G,nan,False,0.0,0.0,nan,1.0,1.0,1.0,1.0,1.0,1.0,0.27273,1.0
86,2923,3713,A,A,A,nan,False,0.0,0.0,nan,1.0,1.0,1.0,0.875,1.0,1.0,1.0,1.0
86,2923,3713,G,A,A,nan,False,0.005566444,0.0053525380000000004,nan,0.0,0.0,0.0,0.125,0.0,0.0,0.0,0.0
87,2974,3764,C,C,T,nan,False,0.0,0.0,nan,1.0,1.0,1.0,1.0,0.90909,1.0,1.0,1.0
87,2974,3764,T,C,T,nan,False,-0.0005176957,0.0013760642999999999,nan,0.0,0.0,0.0,0.0,0.090909,0.0,0.0,0.0
88,3009,3799,C,T,T,nan,False,-0.00020995393000000002,-0.00022247879999999997,nan,0.0,0.0,0.0,0.0,0.0,0.0,0.090909,0.0
88,3009,3799,T,T,T,nan,False,0.0,0.0,nan,1.0,1.0,1.0,1.0,1.0,1.0,0.90909,1.0
89,3028,3818,A,G,G,nan,False,-0.003408434,-0.007068049999999999,nan,0.0,0.0,0.0,0.0,0.0,0.0,0.090909,0.0
89,3028,3818,G,G,G,nan,False,0.0,0.0,nan,1.0,1.0,1.0,1.0,1.0,1.0,0.90909,1.0
90,3113,3903,G,T,T,nan,False,0.021460899999999998,0.020383091,nan,0.0,0.0,0.0,0.0,0.0,0.0,0.090909,0.0
90,3113,3903,T,T,T,nan,False,0.0,0.0,nan,1.0,1.0,1.0,1.0,1.0,1.0,0.90909,1.0
91,3181,3971,G,T,T,nan,False,0.00016321499999999997,0.0001599525,nan,0.0,0.0,0.0,0.0,0.0,0.0,0.090909,0.0
91,3181,3971,T,T,T,nan,False,0.0,0.0,nan,1.0,1.0,1.0,1.0,1.0,1.0,0.90909,1.0
92,3242,4032,A,A,A,nan,False,0.0,0.0,nan,1.0,1.0,1.0,1.0,0.90909,1.0,1.0,1.0
92,3242,4032,T,A,A,nan,False,0.00039163029899999996,0.0015679306,nan,0.0,0.0,0.0,0.0,0.090909,0.0,0.0,0.0
93,3337,4127,A,C,A,nan,False,-0.015891955,-0.015275382,nan,0.083333,0.0,0.0,0.0,0.0,0.0,0.0,0.0
93,3337,4127,C,C,A,nan,False,0.0,0.0,nan,0.91667,1.0,1.0,1.0,1.0,1.0,1.0,1.0
94,3433,4223,A,A,A,nan,False,0.0,0.0,nan,1.0,1.0,1.0,1.0,1.0,0.5,0.36364,1.0
94,3433,4223,G,A,A,nan,False,-0.00255396,-0.002756804,nan,0.0,0.0,0.0,0.0,0.0,0.5,0.63636,0.0
95,3472,4262,A,A,A,nan,False,0.0,0.0,nan,1.0,1.0,1.0,1.0,0.18182,1.0,0.90909,0.0
95,3472,4262,C,A,A,nan,False,0.03162402,0.03597202,nan,0.0,0.0,0.0,0.0,0.81818,0.0,0.090909,1.0
96,3529,4319,A,T,T,nan,False,0.008953445,0.009124495,nan,0.0,0.0,0.0,0.0,0.0,0.5,0.72727,0.0
96,3529,4319,T,T,T,nan,False,0.0,0.0,nan,1.0,1.0,1.0,1.0,1.0,0.5,0.27273,1.0
97,3572,4362,C,C,C,nan,False,0.0,0.0,nan,1.0,1.0,1.0,1.0,0.90909,1.0,1.0,1.0
97,3572,4362,T,C,C,nan,False,0.0011720853,0.0015989182,nan,0.0,0.0,0.0,0.0,0.090909,0.0,0.0,0.0
98,3602,4392,A,G,G,nan,False,0.002231521,0.0005194765,nan,0.0,0.0,0.0,0.0,0.090909,0.0,0.0,0.0
98,3602,4392,G,G,G,nan,False,0.0,0.0,nan,1.0,1.0,1.0,1.0,0.90909,1.0,1.0,1.0
99,3640,4430,C,T,T,nan,False,0.005177588,0.004367578,nan,0.0,0.0,0.0,0.125,0.0,0.0,0.0,0.0
99,3640,4430,T,T,T,nan,False,0.0,0.0,nan,1.0,1.0,1.0,0.875,1.0,1.0,1.0,1.0
100,3656,4446,A,A,A,nan,False,0.0,0.0,nan,1.0,1.0,1.0,1.0,1.0,0.5,1.0,1.0
100,3656,4446,G,A,A,nan,False,0.014248465,0.013636236999999999,nan,0.0,0.0,0.0,0.0,0.0,0.5,0.0,0.0
101,3706,4496,C,T,T,nan,False,0.010697126,0.01107102,nan,0.0,0.0,0.0,0.0,0.0,0.0,0.090909,0.0
101,3706,4496,T,T,T,nan,False,0.0,0.0,nan,1.0,1.0,1.0,1.0,1.0,1.0,0.90909,1.0
102,3721,4511,A,G,G,nan,False,-0.006024214,-0.0040459680000000005,nan,0.0,0.0,0.0,0.0,0.090909,0.0,0.0,0.0
102,3721,4511,G,G,G,nan,False,0.0,0.0,nan,1.0,1.0,1.0,1.0,0.90909,1.0,1.0,1.0
103,3742,4532,A,C,C,nan,False,-0.0004236543,0.00075264598,nan,0.0,0.0,0.0,0.0,0.090909,0.0,0.0,0.0
103,3742,4532,C,C,C,nan,False,0.0,0.0,nan,1.0,1.0,1.0,1.0,0.90909,1.0,1.0,1.0
104,3794,4584,A,A,A,HTDNGSNFT,False,0.0,0.0,nan,1.0,1.0,1.0,1.0,1.0,1.0,1.0,0.0
104,3794,4584,G,A,A,HTDNGSNFT,True,0.02121526,0.014715177,nan,0.0,0.0,0.0,0.0,0.0,0.0,0.0,1.0
105,3820,4610,A,G,G,nan,False,0.003559624,0.007840779999999999,nan,0.0,0.11111,0.0,0.0,0.0,0.0,0.0,0.0
105,3820,4610,G,G,G,nan,False,0.0,0.0,nan,1.0,0.88889,1.0,1.0,1.0,1.0,1.0,1.0
106,3823,4613,C,C,C,nan,False,0.0,0.0,nan,1.0,1.0,1.0,1.0,0.90909,1.0,1.0,0.85714
106,3823,4613,T,C,C,nan,False,0.00915562,0.006944082,nan,0.0,0.0,0.0,0.0,0.090909,0.0,0.0,0.14286
107,3850,4640,A,G,G,nan,False,0.010343446,0.002071528,nan,0.0,0.0,0.0,0.0,0.0,0.0,0.090909,0.85714
107,3850,4640,G,G,G,nan,False,0.0,0.0,nan,1.0,1.0,1.0,1.0,1.0,1.0,0.90909,0.14286
108,3851,4641,A,G,G,nan,False,-0.006519492,-0.013502836,nan,0.0,0.0,0.0,0.125,0.0,0.0,0.0,0.0
108,3851,4641,G,G,G,nan,False,0.0,0.0,nan,1.0,1.0,1.0,0.875,1.0,1.0,1.0,1.0
109,3880,4670,C,T,T,nan,False,0.0023289721,-0.002552172,nan,0.0,0.0,0.0,0.0,0.090909,0.0,0.0,0.0
109,3880,4670,T,T,T,nan,False,0.0,0.0,nan,1.0,1.0,1.0,1.0,0.90909,1.0,1.0,1.0
110,3895,4685,A,A,A,nan,False,0.0,0.0,nan,1.0,1.0,1.0,1.0,1.0,1.0,1.0,0.71429
110,3895,4685,G,A,A,nan,False,0.007641425,0.004732942,nan,0.0,0.0,0.0,0.0,0.0,0.0,0.0,0.28571
111,3915,4705,A,A,A,nan,False,0.0,0.0,nan,1.0,0.88889,1.0,1.0,1.0,1.0,1.0,1.0
111,3915,4705,G,A,A,nan,False,0.004691224,0.00897238,nan,0.0,0.11111,0.0,0.0,0.0,0.0,0.0,0.0
112,3931,4721,A,G,G,nan,False,0.008543862999999999,0.008136270000000001,nan,0.0,0.0,0.0,0.0,0.0,0.25,0.0,0.0
112,3931,4721,G,G,G,nan,False,0.0,0.0,nan,1.0,1.0,1.0,1.0,1.0,0.75,1.0,1.0
113,3953,4743,C,C,C,nan,False,0.0,0.0,nan,1.0,1.0,1.0,1.0,1.0,1.0,1.0,0.85714
113,3953,4743,T,C,C,nan,False,0.00010978580000000001,-0.00017440022,nan,0.0,0.0,0.0,0.0,0.0,0.0,0.0,0.14286
114,3958,4748,A,G,G,nan,False,-0.000342493,-0.0003550179,nan,0.0,0.0,0.0,0.0,0.0,0.0,0.090909,0.0
114,3958,4748,G,G,G,nan,False,0.0,0.0,nan,1.0,1.0,1.0,1.0,1.0,1.0,0.90909,1.0
115,3961,4751,A,A,A,nan,False,0.0,0.0,nan,0.91667,1.0,1.0,1.0,1.0,1.0,1.0,1.0
115,3961,4751,G,A,A,nan,False,-0.01545749,-0.014840916999999999,nan,0.083333,0.0,0.0,0.0,0.0,0.0,0.0,0.0
116,3982,4772,C,C,C,nan,False,0.0,0.0,nan,1.0,1.0,1.0,1.0,0.90909,1.0,1.0,1.0
116,3982,4772,T,C,C,nan,False,0.007860102,0.006403106,nan,0.0,0.0,0.0,0.0,0.090909,0.0,0.0,0.0
117,4009,4799,A,G,G,nan,False,-0.003240029,-0.0032060910000000003,nan,0.0,0.0,0.0,0.0,0.0,0.0,0.0,0.14286
117,4009,4799,G,G,G,nan,False,0.0,0.0,nan,1.0,1.0,1.0,1.0,1.0,1.0,1.0,0.85714
118,4084,4874,A,A,A,nan,False,0.0,0.0,nan,1.0,1.0,1.0,1.0,1.0,1.0,1.0,0.85714
118,4084,4874,G,A,A,nan,False,0.005905505,0.0054060129999999994,nan,0.0,0.0,0.0,0.0,0.0,0.0,0.0,0.14286
119,4181,4971,A,G,G,nan,False,0.005123366,0.010831572000000001,nan,0.0,0.11111,0.0,0.0,0.0,0.0,0.0,0.0
119,4181,4971,G,G,G,nan,False,0.0,0.0,nan,1.0,0.88889,1.0,1.0,1.0,1.0,1.0,1.0
120,4203,4993,A,G,G,nan,False,0.003500519,0.003385899,nan,0.0,0.0,0.0,0.0,0.0,0.0,0.45455,0.0
120,4203,4993,G,G,G,nan,False,0.0,0.0,nan,1.0,1.0,1.0,1.0,1.0,1.0,0.54545,1.0
121,4224,5014,-,G,G,nan,False,-0.0023864788000000003,-0.0023525411,nan,0.0,0.0,0.0,0.0,0.0,0.0,0.0,0.14286
121,4224,5014,G,G,G,nan,False,0.0,0.0,nan,1.0,1.0,1.0,1.0,1.0,1.0,1.0,0.85714
122,4225,5015,-,A,A,nan,False,-0.0018173788,-0.0017834411,nan,0.0,0.0,0.0,0.0,0.0,0.0,0.0,0.14286
122,4225,5015,A,A,A,nan,False,0.0,0.0,nan,1.0,1.0,1.0,1.0,1.0,1.0,1.0,0.85714
123,4226,5016,-,A,A,nan,False,-0.0018173788,-0.0017834411,nan,0.0,0.0,0.0,0.0,0.0,0.0,0.0,0.14286
123,4226,5016,A,A,A,nan,False,0.0,0.0,nan,1.0,1.0,1.0,1.0,1.0,1.0,1.0,0.85714
124,4227,5017,-,G,G,nan,False,-0.0023864788000000003,-0.0023525411,nan,0.0,0.0,0.0,0.0,0.0,0.0,0.0,0.14286
124,4227,5017,G,G,G,nan,False,0.0,0.0,nan,1.0,1.0,1.0,1.0,1.0,1.0,1.0,0.85714
125,4228,5018,-,A,A,nan,False,-0.0018173788,-0.0017834411,nan,0.0,0.0,0.0,0.0,0.0,0.0,0.0,0.14286
125,4228,5018,A,A,A,nan,False,0.0,0.0,nan,1.0,1.0,1.0,1.0,1.0,1.0,1.0,0.85714
126,4229,5019,-,A,A,nan,False,-0.0018173788,-0.0017834411,nan,0.0,0.0,0.0,0.0,0.0,0.0,0.0,0.14286
126,4229,5019,A,A,A,nan,False,0.0,0.0,nan,1.0,1.0,1.0,1.0,1.0,1.0,1.0,0.85714
127,4230,5020,-,A,A,nan,False,-0.0018173788,-0.0017834411,nan,0.0,0.0,0.0,0.0,0.0,0.0,0.0,0.14286
127,4230,5020,A,A,A,nan,False,0.0,0.0,nan,1.0,1.0,1.0,1.0,1.0,1.0,1.0,0.85714
128,4231,5021,-,A,A,nan,False,-0.0018173788,-0.0017834411,nan,0.0,0.0,0.0,0.0,0.0,0.0,0.0,0.14286
128,4231,5021,A,A,A,nan,False,0.0,0.0,nan,1.0,1.0,1.0,1.0,1.0,1.0,1.0,0.85714
129,4232,5022,-,G,G,nan,False,-0.0023864788000000003,-0.0023525411,nan,0.0,0.0,0.0,0.0,0.0,0.0,0.0,0.14286
129,4232,5022,G,G,G,nan,False,0.0,0.0,nan,1.0,1.0,1.0,1.0,1.0,1.0,1.0,0.85714
130,4233,5023,-,T,C,nan,False,-0.0022726588,-0.0022387211,nan,0.0,0.0,0.0,0.0,0.0,0.0,0.0,0.14286
130,4233,5023,T,T,C,nan,False,0.0,0.0,nan,1.0,1.0,1.0,1.0,1.0,1.0,1.0,0.85714
131,4234,5024,-,A,A,nan,False,-0.0018173788,-0.0017834411,nan,0.0,0.0,0.0,0.0,0.0,0.0,0.0,0.14286
131,4234,5024,A,A,A,nan,False,0.0,0.0,nan,1.0,1.0,1.0,1.0,1.0,1.0,1.0,0.85714
132,4235,5025,-,A,A,nan,False,-0.0018173788,-0.0017834411,nan,0.0,0.0,0.0,0.0,0.0,0.0,0.0,0.14286
132,4235,5025,A,A,A,nan,False,0.0,0.0,nan,1.0,1.0,1.0,1.0,1.0,1.0,1.0,0.85714
133,4236,5026,-,A,A,nan,False,-0.0018173788,-0.0017834411,nan,0.0,0.0,0.0,0.0,0.0,0.0,0.0,0.14286
133,4236,5026,A,A,A,nan,False,0.0,0.0,nan,1.0,1.0,1.0,1.0,1.0,1.0,1.0,0.85714
134,4237,5027,-,A,G,nan,False,0.002849283,0.002749069,nan,0.0,0.0,0.0,0.0,0.0,0.25,0.0,0.14286
134,4237,5027,A,A,G,nan,False,0.0,0.0,nan,1.0,1.0,1.0,1.0,1.0,0.75,1.0,0.85714
135,4238,5028,-,A,A,nan,False,0.002849283,0.002749069,nan,0.0,0.0,0.0,0.0,0.0,0.25,0.0,0.14286
135,4238,5028,A,A,A,nan,False,0.0,0.0,nan,1.0,1.0,1.0,1.0,1.0,0.75,1.0,0.85714
136,4239,5029,-,T,T,nan,False,0.002418258,0.0023180444999999997,nan,0.0,0.0,0.0,0.0,0.0,0.25,0.0,0.14286
136,4239,5029,T,T,T,nan,False,0.0,0.0,nan,1.0,1.0,1.0,1.0,1.0,0.75,1.0,0.85714
137,4240,5030,-,C,C,nan,False,0.0023412893,0.0022410757,nan,0.0,0.0,0.0,0.0,0.0,0.25,0.0,0.14286
137,4240,5030,C,C,C,nan,False,0.0,0.0,nan,1.0,1.0,1.0,1.0,1.0,0.75,1.0,0.85714
138,4241,5031,-,A,A,nan,False,0.002849283,0.002749069,nan,0.0,0.0,0.0,0.0,0.0,0.25,0.0,0.14286
138,4241,5031,A,A,A,nan,False,0.0,0.0,nan,1.0,1.0,1.0,1.0,1.0,0.75,1.0,0.85714
139,4242,5032,-,T,T,nan,False,0.002418258,0.0023180444999999997,nan,0.0,0.0,0.0,0.0,0.0,0.25,0.0,0.14286
139,4242,5032,T,T,T,nan,False,0.0,0.0,nan,1.0,1.0,1.0,1.0,1.0,0.75,1.0,0.85714
140,4243,5033,-,T,T,nan,False,0.002418258,0.0023180444999999997,nan,0.0,0.0,0.0,0.0,0.0,0.25,0.0,0.14286
140,4243,5033,T,T,T,nan,False,0.0,0.0,nan,1.0,1.0,1.0,1.0,1.0,0.75,1.0,0.85714
141,4244,5034,-,A,A,nan,False,0.002849283,0.002749069,nan,0.0,0.0,0.0,0.0,0.0,0.25,0.0,0.14286
141,4244,5034,A,A,A,nan,False,0.0,0.0,nan,1.0,1.0,1.0,1.0,1.0,0.75,1.0,0.85714
142,4245,5035,-,A,G,nan,False,0.002849283,0.002749069,nan,0.0,0.0,0.0,0.0,0.0,0.25,0.0,0.14286
142,4245,5035,A,A,G,nan,False,0.0,0.0,nan,1.0,1.0,1.0,1.0,1.0,0.75,1.0,0.85714
143,4246,5036,-,G,G,nan,False,0.0023105018,0.0022102882,nan,0.0,0.0,0.0,0.0,0.0,0.25,0.0,0.14286
143,4246,5036,G,G,G,nan,False,0.0,0.0,nan,1.0,1.0,1.0,1.0,1.0,0.75,1.0,0.85714
144,4247,5037,-,C,G,nan,False,0.0023412893,0.0022410757,nan,0.0,0.0,0.0,0.0,0.0,0.25,0.0,0.14286
144,4247,5037,C,C,G,nan,False,0.0,0.0,nan,1.0,1.0,1.0,1.0,1.0,0.75,1.0,0.85714
145,4248,5038,-,A,A,nan,False,0.002849283,0.002749069,nan,0.0,0.0,0.0,0.0,0.0,0.25,0.0,0.14286
145,4248,5038,A,A,A,nan,False,0.0,0.0,nan,1.0,1.0,1.0,1.0,1.0,0.75,1.0,0.85714
