polymorphic_index,alignment_index,HXB2_index,nonsynonymous,escape,nucleotide,TF,consensus,epitope,f_at_0,f_at_13,f_at_41,f_at_69,f_at_174,f_at_420
0,55,5096,0,False,A,A,G,RIKTWKSLVK,1.0,1.0,0.96429,1.0,0.92,0.90909
0,55,5096,1,True,G,A,G,RIKTWKSLVK,0.0,0.0,0.035714,0.0,0.08,0.090909
1,56,5097,0,False,A,A,A,RIKTWKSLVK,1.0,1.0,1.0,0.043478,0.08,0.090909
1,56,5097,1,True,T,A,A,RIKTWKSLVK,0.0,0.0,0.0,0.95652,0.92,0.90909
2,65,5106,0,False,A,A,A,RIKTWKSLVK,1.0,1.0,0.96429,1.0,1.0,1.0
2,65,5106,1,True,C,A,A,RIKTWKSLVK,0.0,0.0,0.035714,0.0,0.0,0.0
3,66,5107,0,False,A,A,A,RIKTWKSLVK,1.0,1.0,0.96429,1.0,1.0,1.0
3,66,5107,1,True,G,A,A,RIKTWKSLVK,0.0,0.0,0.035714,0.0,0.0,0.0
4,78,5119,0,False,C,C,C,nan,1.0,1.0,1.0,1.0,1.0,0.45455
4,78,5119,1,False,T,C,C,nan,0.0,0.0,0.0,0.0,0.0,0.54545
5,87,5128,0,False,C,C,T,nan,1.0,1.0,1.0,1.0,1.0,0.90909
5,87,5128,1,False,T,C,T,nan,0.0,0.0,0.0,0.0,0.0,0.090909
6,90,5131,0,False,A,A,A,nan,1.0,1.0,1.0,1.0,0.96,1.0
6,90,5131,1,False,G,A,A,nan,0.0,0.0,0.0,0.0,0.04,0.0
7,98,5139,0,False,A,G,G,nan,0.0,0.0,0.0,0.0,0.04,0.0
7,98,5139,0,False,G,G,G,nan,1.0,1.0,1.0,1.0,0.96,1.0
8,114,5155,1,False,G,T,T,nan,0.0,0.0,0.0,0.0,0.04,0.0
8,114,5155,0,False,T,T,T,nan,1.0,1.0,1.0,1.0,0.96,1.0
9,124,5165,0,False,A,A,A,nan,1.0,0.92857,1.0,1.0,1.0,1.0
9,124,5165,1,False,C,A,A,nan,0.0,0.071429,0.0,0.0,0.0,0.0
10,134,5175,0,False,A,A,A,nan,1.0,1.0,0.46429,0.043478,0.0,0.0
10,134,5175,1,False,C,A,A,nan,0.0,0.0,0.071429,0.0,0.0,0.0
10,134,5175,1,False,T,A,A,nan,0.0,0.0,0.46429,0.95652,1.0,1.0
11,135,5176,0,False,A,A,A,nan,1.0,0.92857,1.0,1.0,1.0,1.0
11,135,5176,1,False,C,A,A,nan,0.0,0.071429,0.0,0.0,0.0,0.0
12,136,5177,1,False,A,G,G,nan,0.0,0.14286,0.14286,0.0,0.0,0.0
12,136,5177,0,False,G,G,G,nan,1.0,0.85714,0.85714,1.0,1.0,1.0
13,138,5179,0,False,A,A,A,nan,1.0,1.0,0.89286,0.95652,1.0,1.0
13,138,5179,1,False,G,A,A,nan,0.0,0.0,0.10714,0.043478,0.0,0.0
14,139,5180,1,False,A,C,C,nan,0.0,0.0,0.071429,0.0,0.0,0.0
14,139,5180,0,False,C,C,C,nan,1.0,1.0,0.89286,1.0,1.0,1.0
14,139,5180,1,False,T,C,C,nan,0.0,0.0,0.035714,0.0,0.0,0.0
15,151,5192,1,False,A,T,T,nan,0.0,0.071429,0.0,0.0,0.0,0.0
15,151,5192,1,False,C,T,T,nan,0.0,0.0,0.10714,0.0,0.0,0.0
15,151,5192,0,False,T,T,T,nan,1.0,0.92857,0.89286,1.0,1.0,1.0
16,153,5194,0,False,A,A,A,nan,1.0,1.0,0.96429,1.0,1.0,1.0
16,153,5194,1,False,G,A,A,nan,0.0,0.0,0.035714,0.0,0.0,0.0
17,178,5219,1,False,A,G,G,nan,0.0,0.0,0.0,0.0,0.0,0.090909
17,178,5219,0,False,G,G,G,nan,1.0,1.0,1.0,1.0,1.0,0.90909
18,187,5228,1,False,A,G,A,nan,0.0,0.0,0.0,0.0,0.0,0.090909
18,187,5228,0,False,G,G,A,nan,1.0,1.0,1.0,1.0,1.0,0.90909
19,215,5256,0,False,A,G,G,nan,0.0,0.0,0.0,0.0,0.0,0.090909
19,215,5256,0,False,G,G,G,nan,1.0,1.0,1.0,1.0,1.0,0.90909
20,242,5283,0,False,A,G,G,nan,0.0,0.0,0.0,0.043478,0.0,0.0
20,242,5283,0,False,G,G,G,nan,1.0,1.0,1.0,0.95652,1.0,1.0
21,274,5315,1,False,A,G,A,nan,0.0,0.0,0.035714,0.0,0.0,0.0
21,274,5315,0,False,G,G,A,nan,1.0,1.0,0.96429,1.0,1.0,1.0
22,278,5319,0,False,A,A,A,nan,1.0,1.0,0.96429,1.0,1.0,1.0
22,278,5319,0,False,G,A,A,nan,0.0,0.0,0.035714,0.0,0.0,0.0
23,282,5323,0,False,A,A,A,nan,1.0,1.0,1.0,1.0,0.96,1.0
23,282,5323,1,False,T,A,A,nan,0.0,0.0,0.0,0.0,0.04,0.0
24,284,5325,0,False,C,C,C,nan,1.0,1.0,1.0,1.0,1.0,0.90909
24,284,5325,0,False,T,C,C,nan,0.0,0.0,0.0,0.0,0.0,0.090909
25,293,5334,0,False,A,A,A,nan,1.0,1.0,1.0,1.0,1.0,0.90909
25,293,5334,0,False,G,A,A,nan,0.0,0.0,0.0,0.0,0.0,0.090909
26,311,5352,0,False,C,C,C,nan,1.0,1.0,1.0,0.95652,0.96,1.0
26,311,5352,0,False,T,C,C,nan,0.0,0.0,0.0,0.043478,0.04,0.0
27,317,5358,0,False,A,A,A,nan,1.0,1.0,1.0,1.0,0.96,1.0
27,317,5358,0,False,G,A,A,nan,0.0,0.0,0.0,0.0,0.04,0.0
28,369,5410,1,False,A,C,A,nan,0.0,0.0,0.0,0.0,0.0,0.18182
28,369,5410,0,False,C,C,A,nan,1.0,1.0,1.0,0.95652,1.0,0.81818
28,369,5410,0,False,T,C,A,nan,0.0,0.0,0.0,0.043478,0.0,0.0
29,389,5430,1,False,A,C,T,nan,0.0,0.0,0.0,0.0,0.04,0.0
29,389,5430,0,False,C,C,T,nan,1.0,1.0,1.0,1.0,0.96,1.0
30,401,5442,0,False,A,G,A,nan,0.0,0.0,0.0,0.043478,0.0,0.0
30,401,5442,0,False,G,G,A,nan,1.0,1.0,1.0,0.95652,1.0,1.0
31,405,5446,1,False,A,C,C,nan,0.0,0.0,0.0,0.0,0.04,0.0
31,405,5446,0,False,C,C,C,nan,1.0,1.0,1.0,1.0,0.96,1.0
32,406,5447,0,False,A,A,A,nan,1.0,1.0,1.0,1.0,0.76,1.0
32,406,5447,1,False,G,A,A,nan,0.0,0.0,0.0,0.0,0.24,0.0
33,407,5448,0,False,A,A,A,nan,1.0,1.0,1.0,1.0,0.48,1.0
33,407,5448,1,False,C,A,A,nan,0.0,0.0,0.0,0.0,0.48,0.0
33,407,5448,1,False,T,A,A,nan,0.0,0.0,0.0,0.0,0.04,0.0
34,417,5458,0,False,A,A,A,nan,1.0,1.0,1.0,1.0,0.96,1.0
34,417,5458,1,False,G,A,A,nan,0.0,0.0,0.0,0.0,0.04,0.0
35,418,5459,0,False,A,A,A,nan,1.0,1.0,1.0,1.0,1.0,0.0
35,418,5459,1,False,G,A,A,nan,0.0,0.0,0.0,0.0,0.0,1.0
36,419,5460,1,False,A,C,C,nan,0.0,0.0,0.0,0.0,0.04,0.0
36,419,5460,0,False,C,C,C,nan,1.0,1.0,1.0,1.0,0.96,1.0
37,420,5461,0,False,A,A,A,nan,1.0,1.0,1.0,1.0,0.96,1.0
37,420,5461,1,False,C,A,A,nan,0.0,0.0,0.0,0.0,0.04,0.0
38,451,5492,0,False,C,C,C,nan,1.0,1.0,1.0,1.0,0.96,1.0
38,451,5492,1,False,T,C,C,nan,0.0,0.0,0.0,0.0,0.04,0.0
39,461,5502,0,False,A,A,A,LVAPKKTKP,1.0,1.0,1.0,1.0,0.96,1.0
39,461,5502,0,False,G,A,A,LVAPKKTKP,0.0,0.0,0.0,0.0,0.04,0.0
40,465,5506,0,False,C,C,C,LVAPKKTKP,1.0,1.0,0.96429,1.0,0.88,0.81818
40,465,5506,1,True,T,C,C,LVAPKKTKP,0.0,0.0,0.035714,0.0,0.12,0.18182
41,479,5520,0,False,A,G,G,LVAPKKTKP,0.0,0.0,0.0,0.0,0.0,0.090909
41,479,5520,0,False,G,G,G,LVAPKKTKP,1.0,1.0,1.0,1.0,1.0,0.90909
42,485,5526,0,False,C,T,T,nan,0.0,0.0,0.0,0.0,0.04,0.0
42,485,5526,0,False,T,T,T,nan,1.0,1.0,1.0,1.0,0.96,1.0
43,495,5536,1,False,A,G,G,nan,0.0,0.0,0.0,0.0,0.0,0.63636
43,495,5536,0,False,G,G,G,nan,1.0,1.0,1.0,1.0,1.0,0.36364
44,526,5567,0,False,A,A,A,nan,1.0,1.0,1.0,1.0,0.96,1.0
44,526,5567,2,False,C,A,A,nan,0.0,0.0,0.0,0.0,0.04,0.0
45,532,5573,0,False,A,A,A,nan,1.0,1.0,1.0,1.0,0.96,1.0
45,532,5573,1,False,G,A,A,nan,0.0,0.0,0.0,0.0,0.04,0.0
46,556,5597,1,False,A,G,G,nan,0.0,0.0,0.0,0.0,0.08,0.18182
46,556,5597,0,False,G,G,G,nan,1.0,1.0,1.0,1.0,0.92,0.81818
47,559,5600,0,False,A,A,A,nan,1.0,1.0,1.0,1.0,1.0,0.90909
47,559,5600,1,False,C,A,A,nan,0.0,0.0,0.0,0.0,0.0,0.090909
48,595,5636,0,False,A,T,T,nan,0.0,0.0,0.035714,0.0,0.0,0.0
48,595,5636,0,False,T,T,T,nan,1.0,1.0,0.96429,1.0,1.0,1.0
49,598,5639,0,False,A,G,G,nan,0.0,0.0,0.0,0.0,0.04,0.0
49,598,5639,0,False,G,G,G,nan,1.0,1.0,1.0,1.0,0.96,1.0
50,626,5667,1,False,A,C,A,nan,0.0,0.0,0.035714,0.0,0.0,0.0
50,626,5667,0,False,C,C,A,nan,1.0,1.0,0.96429,1.0,1.0,1.0
51,673,5714,0,False,C,T,T,nan,0.083333,0.0,0.0,0.0,0.0,0.0
51,673,5714,0,False,T,T,T,nan,0.91667,1.0,1.0,1.0,1.0,1.0
52,701,5742,0,False,A,A,A,nan,1.0,0.92857,1.0,1.0,1.0,1.0
52,701,5742,0,False,C,A,A,nan,0.0,0.071429,0.0,0.0,0.0,0.0
53,702,5743,1,False,A,G,G,nan,0.0,0.0,0.035714,0.0,0.0,0.0
53,702,5743,0,False,G,G,G,nan,1.0,1.0,0.96429,1.0,1.0,1.0
54,718,5759,0,False,A,G,G,nan,0.0,0.0,0.0,0.0,0.04,0.0
54,718,5759,0,False,G,G,G,nan,1.0,1.0,1.0,1.0,0.96,1.0
55,775,5816,0,False,A,A,A,nan,1.0,1.0,0.96429,1.0,1.0,1.0
55,775,5816,0,False,C,A,A,nan,0.0,0.0,0.035714,0.0,0.0,0.0
56,776,5817,1,False,A,G,G,nan,0.0,0.0,0.035714,0.0,0.0,0.0
56,776,5817,0,False,G,G,G,nan,1.0,1.0,0.96429,1.0,1.0,1.0
57,793,5834,2,False,A,G,G,nan,0.0,0.0,0.035714,0.0,0.0,0.0
57,793,5834,0,False,G,G,G,nan,1.0,1.0,0.96429,1.0,1.0,1.0
58,802,5843,1,False,A,G,G,nan,0.083333,0.0,0.0,0.0,0.0,0.0
58,802,5843,0,False,G,G,G,nan,0.91667,1.0,1.0,1.0,1.0,1.0
59,850,5891,1,False,A,G,G,nan,0.0,0.0,0.0,0.0,0.04,0.0
59,850,5891,0,False,G,G,G,nan,1.0,1.0,1.0,1.0,0.96,1.0
60,973,6014,0,False,A,A,A,nan,1.0,1.0,1.0,0.95652,1.0,1.0
60,973,6014,1,False,G,A,A,nan,0.0,0.0,0.0,0.043478,0.0,0.0
61,1013,6054,0,False,A,A,T,nan,1.0,1.0,1.0,1.0,0.96,1.0
61,1013,6054,0,False,C,A,T,nan,0.0,0.0,0.0,0.0,0.04,0.0
62,1029,6070,0,False,C,T,T,nan,0.0,0.0,0.035714,0.0,0.0,0.0
62,1029,6070,0,False,T,T,T,nan,1.0,1.0,0.96429,1.0,1.0,1.0
63,1039,6080,0,False,C,T,T,nan,0.0,0.0,0.0,0.0,0.04,0.0
63,1039,6080,0,False,T,T,T,nan,1.0,1.0,1.0,1.0,0.96,1.0
64,1053,6094,0,False,G,T,A,nan,0.0,0.0,0.0,0.0,0.0,0.090909
64,1053,6094,0,False,T,T,A,nan,1.0,1.0,1.0,1.0,1.0,0.90909
65,1063,6104,1,False,A,G,G,nan,0.0,0.0,0.0,0.043478,0.0,0.0
65,1063,6104,0,False,G,G,G,nan,1.0,1.0,1.0,0.95652,1.0,1.0
66,1064,6105,1,False,G,T,C,nan,0.0,0.0,0.0,0.0,0.04,0.81818
66,1064,6105,0,False,T,T,C,nan,1.0,1.0,1.0,1.0,0.96,0.18182
67,1075,6116,1,False,A,G,G,nan,0.0,0.0,0.0,0.0,0.04,0.0
67,1075,6116,0,False,G,G,G,nan,1.0,1.0,1.0,1.0,0.96,1.0
68,1113,6154,0,False,A,G,G,nan,0.0,0.0,0.0,0.0,0.04,0.0
68,1113,6154,0,False,G,G,G,nan,1.0,1.0,1.0,1.0,0.96,1.0
69,1124,6165,1,False,A,G,G,nan,0.0,0.0,0.0,0.0,0.08,0.0
69,1124,6165,0,False,G,G,G,nan,1.0,1.0,1.0,1.0,0.92,1.0
70,1131,6172,0,False,A,A,A,nan,1.0,1.0,1.0,1.0,1.0,0.72727
70,1131,6172,0,False,G,A,A,nan,0.0,0.0,0.0,0.0,0.0,0.27273
71,1132,6173,0,False,A,A,A,nan,1.0,1.0,1.0,1.0,0.92,1.0
71,1132,6173,1,False,C,A,A,nan,0.0,0.0,0.0,0.0,0.08,0.0
72,1240,6272,0,False,C,C,A,nan,1.0,1.0,1.0,1.0,1.0,0.90909
72,1240,6272,0,False,T,C,A,nan,0.0,0.0,0.0,0.0,0.0,0.090909
73,1243,6275,2,False,A,G,G,nan,0.0,0.0,0.0,0.043478,0.0,0.0
73,1243,6275,0,False,G,G,G,nan,1.0,1.0,1.0,0.95652,1.0,1.0
74,1245,6277,1,False,A,G,G,nan,0.0,0.0,0.035714,0.0,0.0,0.0
74,1245,6277,0,False,G,G,G,nan,1.0,1.0,0.96429,1.0,1.0,1.0
75,1268,6300,2,False,A,G,A,nan,0.0,0.0,0.0,0.0,0.0,0.090909
75,1268,6300,0,False,G,G,A,nan,1.0,1.0,1.0,1.0,1.0,0.90909
76,1270,6302,1,False,A,G,G,nan,0.0,0.0,0.0,0.0,0.04,0.0
76,1270,6302,0,False,G,G,G,nan,1.0,1.0,1.0,1.0,0.96,1.0
77,1279,6311,0,False,C,T,T,nan,0.0,0.071429,0.0,0.0,0.0,0.0
77,1279,6311,0,False,T,T,T,nan,1.0,0.92857,1.0,1.0,1.0,1.0
78,1283,6314a,0,False,-,-,-,nan,1.0,1.0,1.0,1.0,0.88,0.54545
78,1283,6314a,1,False,A,-,-,nan,0.0,0.0,0.0,0.0,0.12,0.36364
78,1283,6314a,1,False,C,-,-,nan,0.0,0.0,0.0,0.0,0.0,0.090909
79,1284,6314b,0,False,-,-,-,nan,1.0,1.0,1.0,1.0,0.88,0.54545
79,1284,6314b,1,False,A,-,-,nan,0.0,0.0,0.0,0.0,0.12,0.45455
80,1285,6314c,0,False,-,-,-,nan,1.0,1.0,1.0,1.0,0.88,0.54545
80,1285,6314c,1,False,A,-,-,nan,0.0,0.0,0.0,0.0,0.08,0.36364
80,1285,6314c,1,False,C,-,-,nan,0.0,0.0,0.0,0.0,0.0,0.090909
80,1285,6314c,1,False,G,-,-,nan,0.0,0.0,0.0,0.0,0.04,0.0
81,1286,6315,0,False,A,A,G,nan,1.0,1.0,1.0,1.0,0.96,0.45455
81,1286,6315,1,False,G,A,G,nan,0.0,0.0,0.0,0.0,0.04,0.54545
82,1288,6317,0,False,A,A,A,nan,1.0,1.0,1.0,1.0,0.96,1.0
82,1288,6317,0,False,G,A,A,nan,0.0,0.0,0.0,0.0,0.04,0.0
83,1289,6317a,1,False,-,A,-,nan,0.0,0.0,0.0,0.0,0.08,0.63636
83,1289,6317a,0,False,A,A,-,nan,1.0,1.0,1.0,1.0,0.88,0.36364
83,1289,6317a,1,False,G,A,-,nan,0.0,0.0,0.0,0.0,0.04,0.0
84,1290,6317b,1,False,-,A,-,nan,0.0,0.0,0.0,0.0,0.08,0.63636
84,1290,6317b,0,False,A,A,-,nan,1.0,1.0,1.0,1.0,0.92,0.36364
85,1291,6317c,1,False,-,A,-,nan,0.0,0.0,0.0,0.0,0.08,0.63636
85,1291,6317c,0,False,A,A,-,nan,1.0,1.0,1.0,1.0,0.92,0.36364
86,1292,6317d,1,False,-,G,-,nan,0.0,0.0,0.0,0.0,0.08,0.72727
86,1292,6317d,1,False,A,G,-,nan,0.16667,0.0,0.0,0.0,0.04,0.0
86,1292,6317d,0,False,G,G,-,nan,0.83333,1.0,1.0,1.0,0.88,0.27273
87,1293,6317e,1,False,-,A,-,nan,0.0,0.0,0.0,0.0,0.08,0.72727
87,1293,6317e,0,False,A,A,-,nan,0.83333,1.0,1.0,1.0,0.92,0.27273
87,1293,6317e,1,False,G,A,-,nan,0.16667,0.0,0.0,0.0,0.0,0.0
88,1294,6317f,1,False,-,G,-,nan,0.0,0.0,0.0,0.0,0.08,0.72727
88,1294,6317f,0,False,A,G,-,nan,0.16667,0.0,0.0,0.0,0.0,0.0
88,1294,6317f,0,False,G,G,-,nan,0.83333,1.0,1.0,1.0,0.92,0.27273
89,1295,6318,1,False,-,G,G,nan,0.0,0.0,0.0,0.0,0.04,0.0
89,1295,6318,1,False,A,G,G,nan,0.0,0.0,0.0,0.0,0.0,0.18182
89,1295,6318,0,False,G,G,G,nan,1.0,1.0,1.0,1.0,0.96,0.81818
90,1296,6319,1,False,-,A,A,nan,0.0,0.0,0.0,0.0,0.04,0.0
90,1296,6319,0,False,A,A,A,nan,1.0,1.0,1.0,1.0,0.96,1.0
91,1297,6320,1,False,-,A,A,nan,0.0,0.0,0.0,0.0,0.04,0.0
91,1297,6320,0,False,A,A,A,nan,1.0,1.0,1.0,1.0,0.88,0.54545
91,1297,6320,0,False,G,A,A,nan,0.0,0.0,0.0,0.0,0.08,0.45455
92,1298,6321,1,False,-,A,A,nan,0.0,0.0,0.0,0.0,0.04,0.0
92,1298,6321,0,False,A,A,A,nan,1.0,1.0,1.0,1.0,0.92,0.36364
92,1298,6321,1,False,G,A,A,nan,0.0,0.0,0.0,0.0,0.04,0.63636
93,1299,6322,1,False,-,A,A,nan,0.0,0.0,0.0,0.0,0.04,0.0
93,1299,6322,0,False,A,A,A,nan,1.0,1.0,1.0,1.0,0.96,1.0
94,1300,6323,1,False,-,G,A,nan,0.0,0.0,0.0,0.0,0.04,0.0
94,1300,6323,0,False,A,G,A,nan,0.0,0.0,0.0,0.0,0.08,0.63636
94,1300,6323,0,False,G,G,A,nan,1.0,1.0,1.0,1.0,0.88,0.36364
95,1301,6324,0,False,-,-,T,nan,1.0,1.0,1.0,1.0,0.92,0.36364
95,1301,6324,1,False,A,-,T,nan,0.0,0.0,0.0,0.0,0.08,0.63636
96,1302,6325,0,False,-,-,T,nan,1.0,1.0,1.0,1.0,0.92,0.36364
96,1302,6325,1,False,A,-,T,nan,0.0,0.0,0.0,0.0,0.04,0.63636
96,1302,6325,1,False,G,-,T,nan,0.0,0.0,0.0,0.0,0.04,0.0
97,1303,6326,0,False,-,-,G,nan,1.0,1.0,1.0,1.0,0.92,0.36364
97,1303,6326,1,False,G,-,G,nan,0.0,0.0,0.0,0.0,0.08,0.63636
98,1305,6328,1,False,A,G,G,nan,0.0,0.0,0.0,0.043478,0.0,0.0
98,1305,6328,0,False,G,G,G,nan,1.0,1.0,1.0,0.95652,1.0,1.0
99,1321,6344,0,False,C,T,T,nan,0.0,0.0,0.0,0.0,0.04,0.0
99,1321,6344,0,False,T,T,T,nan,1.0,1.0,1.0,1.0,0.96,1.0
100,1324,6347,1,False,-,G,G,nan,0.083333,0.0,0.0,0.0,0.0,0.0
100,1324,6347,0,False,G,G,G,nan,0.91667,1.0,1.0,1.0,1.0,1.0
101,1395,6418,0,False,C,C,T,nan,1.0,1.0,1.0,0.95652,1.0,1.0
101,1395,6418,1,False,T,C,T,nan,0.0,0.0,0.0,0.043478,0.0,0.0
102,1435,6458,0,False,C,T,C,nan,0.0,0.0,0.0,0.0,0.0,0.090909
102,1435,6458,0,False,T,T,C,nan,1.0,1.0,1.0,1.0,1.0,0.90909
103,1440,6463,0,False,A,A,A,nan,1.0,1.0,0.96429,1.0,1.0,1.0
103,1440,6463,1,False,G,A,A,nan,0.0,0.0,0.035714,0.0,0.0,0.0
104,1451,6474,1,False,A,G,G,nan,0.0,0.0,0.0,0.0,0.0,0.54545
104,1451,6474,0,False,G,G,G,nan,1.0,1.0,1.0,1.0,1.0,0.45455
105,1507,6530,0,False,C,C,A,nan,1.0,1.0,1.0,1.0,1.0,0.90909
105,1507,6530,0,False,T,C,A,nan,0.0,0.0,0.0,0.0,0.0,0.090909
106,1565,6588,1,False,A,T,T,nan,0.083333,0.0,0.0,0.0,0.0,0.0
106,1565,6588,0,False,T,T,T,nan,0.91667,1.0,1.0,1.0,1.0,1.0
107,1597,6620,0,False,G,T,T,nan,0.0,0.0,0.071429,0.0,0.0,0.0
107,1597,6620,0,False,T,T,T,nan,1.0,1.0,0.92857,1.0,1.0,1.0
108,1601,6624,1,False,A,G,T,nan,0.0,0.0,0.0,0.0,0.0,0.090909
108,1601,6624,0,False,G,G,T,nan,1.0,1.0,1.0,1.0,1.0,0.90909
109,1605,6628,0,False,G,G,A,nan,1.0,1.0,0.82143,1.0,1.0,0.18182
109,1605,6628,1,False,T,G,A,nan,0.0,0.0,0.17857,0.0,0.0,0.81818
110,1610,6633,1,False,A,G,G,nan,0.0,0.0,0.17857,0.0,0.0,0.72727
110,1610,6633,0,False,G,G,G,nan,1.0,1.0,0.82143,1.0,1.0,0.18182
110,1610,6633,1,False,T,G,G,nan,0.0,0.0,0.0,0.0,0.0,0.090909
111,1611,6634,1,False,A,G,C,nan,0.0,0.0,0.17857,0.0,0.0,0.81818
111,1611,6634,0,False,G,G,C,nan,1.0,1.0,0.82143,1.0,1.0,0.18182
112,1612,6635,0,False,C,C,T,nan,1.0,1.0,1.0,1.0,1.0,0.90909
112,1612,6635,0,False,T,C,T,nan,0.0,0.0,0.0,0.0,0.0,0.090909
113,1617,6640,1,False,A,G,A,nan,0.0,0.0,0.0,0.0,0.0,0.090909
113,1617,6640,0,False,G,G,A,nan,1.0,1.0,1.0,1.0,1.0,0.90909
114,1619,6642,0,False,A,A,A,nan,1.0,0.92857,1.0,1.0,1.0,1.0
114,1619,6642,1,False,G,A,A,nan,0.0,0.071429,0.0,0.0,0.0,0.0
115,1622,6645,1,False,A,G,A,nan,0.0,0.0,0.21429,0.0,0.0,0.81818
115,1622,6645,0,False,G,G,A,nan,1.0,1.0,0.78571,1.0,1.0,0.18182
116,1625,6648,1,False,-,G,C,nan,0.0,0.0,0.21429,0.0,0.0,0.81818
116,1625,6648,0,False,G,G,C,nan,1.0,1.0,0.78571,1.0,1.0,0.18182
117,1626,6649,1,False,-,C,T,nan,0.0,0.0,0.21429,0.0,0.0,0.81818
117,1626,6649,0,False,C,C,T,nan,1.0,1.0,0.78571,1.0,1.0,0.18182
118,1627,6650,1,False,-,T,A,nan,0.0,0.0,0.21429,0.0,0.0,0.81818
118,1627,6650,0,False,T,T,A,nan,1.0,1.0,0.78571,1.0,1.0,0.18182
119,1628,6650a,1,False,-,A,-,nan,0.0,0.0,0.21429,0.0,0.0,0.81818
119,1628,6650a,0,False,A,A,-,nan,1.0,1.0,0.78571,1.0,1.0,0.18182
120,1629,6650b,1,False,-,T,-,nan,0.0,0.0,0.21429,0.0,0.0,0.81818
120,1629,6650b,1,False,A,T,-,nan,0.0,0.0,0.0,0.0,0.0,0.18182
120,1629,6650b,0,False,T,T,-,nan,1.0,1.0,0.78571,1.0,1.0,0.0
121,1630,6650c,1,False,-,T,-,nan,0.0,0.0,0.21429,0.0,0.0,0.81818
121,1630,6650c,0,False,C,T,-,nan,0.0,0.0,0.0,0.0,0.0,0.18182
121,1630,6650c,0,False,T,T,-,nan,1.0,1.0,0.78571,1.0,1.0,0.0
122,1631,6650d,1,False,-,G,-,nan,0.0,0.0,0.21429,0.0,0.0,0.81818
122,1631,6650d,1,False,A,G,-,nan,0.0,0.0,0.0,0.0,0.0,0.18182
122,1631,6650d,0,False,G,G,-,nan,1.0,1.0,0.78571,1.0,1.0,0.0
123,1632,6650e,1,False,-,C,-,nan,0.0,0.0,0.21429,0.0,0.0,0.81818
123,1632,6650e,1,False,A,C,-,nan,0.0,0.0,0.0,0.0,0.0,0.18182
123,1632,6650e,0,False,C,C,-,nan,1.0,1.0,0.78571,1.0,1.0,0.0
124,1633,6650f,1,False,-,T,-,nan,0.0,0.0,0.21429,0.0,0.0,0.81818
124,1633,6650f,0,False,T,T,-,nan,1.0,1.0,0.78571,1.0,1.0,0.18182
125,1634,6650g,1,False,-,A,-,nan,0.0,0.0,0.21429,0.0,0.0,1.0
125,1634,6650g,0,False,A,A,-,nan,1.0,1.0,0.78571,1.0,1.0,0.0
126,1635,6650h,1,False,-,A,-,nan,0.0,0.0,0.21429,0.0,0.0,1.0
126,1635,6650h,0,False,A,A,-,nan,1.0,1.0,0.78571,1.0,1.0,0.0
127,1636,6650i,1,False,-,C,-,nan,0.0,0.0,0.21429,0.0,0.0,1.0
127,1636,6650i,0,False,C,C,-,nan,1.0,1.0,0.78571,1.0,1.0,0.0
128,1637,6650j,1,False,-,A,-,nan,0.0,0.0,0.21429,0.0,0.0,1.0
128,1637,6650j,0,False,A,A,-,nan,1.0,1.0,0.78571,1.0,1.0,0.0
129,1638,6650k,1,False,-,A,-,nan,0.0,0.0,0.21429,0.0,0.0,1.0
129,1638,6650k,0,False,A,A,-,nan,1.0,1.0,0.78571,1.0,1.0,0.0
130,1639,6650l,1,False,-,T,-,nan,0.0,0.0,0.21429,0.0,0.0,1.0
130,1639,6650l,0,False,C,T,-,nan,0.0,0.0,0.0,0.0,0.04,0.0
130,1639,6650l,0,False,T,T,-,nan,1.0,1.0,0.78571,1.0,0.96,0.0
131,1640,6650m,1,False,-,G,-,nan,0.0,0.0,0.21429,0.0,0.0,0.81818
131,1640,6650m,0,False,G,G,-,nan,1.0,1.0,0.78571,1.0,1.0,0.18182
132,1641,6650n,1,False,-,G,-,nan,0.0,0.0,0.21429,0.0,0.0,0.81818
132,1641,6650n,0,False,G,G,-,nan,1.0,1.0,0.78571,1.0,1.0,0.18182
133,1642,6650o,1,False,-,T,-,nan,0.0,0.0,0.21429,0.0,0.0,0.81818
133,1642,6650o,0,False,T,T,-,nan,1.0,1.0,0.78571,1.0,1.0,0.18182
134,1643,6651,1,False,-,A,-,nan,0.0,0.0,0.21429,0.0,0.0,0.81818
134,1643,6651,0,False,A,A,-,nan,1.0,1.0,0.78571,1.0,1.0,0.18182
135,1644,6652,1,False,-,C,G,nan,0.0,0.0,0.21429,0.0,0.0,0.81818
135,1644,6652,0,False,C,C,G,nan,1.0,1.0,0.78571,1.0,0.96,0.18182
135,1644,6652,1,False,T,C,G,nan,0.0,0.0,0.0,0.0,0.04,0.0
136,1645,6653,1,False,-,T,T,nan,0.0,0.0,0.21429,0.0,0.0,0.81818
136,1645,6653,0,False,T,T,T,nan,1.0,1.0,0.78571,1.0,1.0,0.18182
137,1646,6654,1,False,-,A,A,nan,0.0,0.0,0.21429,0.0,0.0,0.81818
137,1646,6654,0,False,A,A,A,nan,1.0,1.0,0.78571,1.0,1.0,0.18182
138,1647,6655,1,False,-,A,G,nan,0.0,0.0,0.21429,0.0,0.0,0.81818
138,1647,6655,0,False,A,A,G,nan,1.0,1.0,0.78571,1.0,1.0,0.18182
139,1648,6656,1,False,-,T,T,nan,0.0,0.0,0.21429,0.0,0.0,0.81818
139,1648,6656,0,False,T,T,T,nan,1.0,1.0,0.78571,1.0,1.0,0.18182
140,1655,6663,0,False,A,A,A,nan,1.0,1.0,1.0,1.0,1.0,0.90909
140,1655,6663,1,False,G,A,A,nan,0.0,0.0,0.0,0.0,0.0,0.090909
141,1659,6667,1,False,A,G,C,nan,0.0,0.0,0.0,0.0,0.0,0.090909
141,1659,6667,0,False,G,G,C,nan,1.0,1.0,1.0,1.0,1.0,0.90909
142,1660,6668,0,False,C,T,G,nan,0.0,0.0,0.0,0.0,0.0,0.090909
142,1660,6668,0,False,T,T,G,nan,1.0,1.0,1.0,1.0,1.0,0.90909
143,1666,6674,1,False,A,T,G,nan,0.0,0.0,0.0,0.0,0.0,0.18182
143,1666,6674,1,False,G,T,G,nan,0.0,0.0,0.0,0.0,0.0,0.81818
143,1666,6674,0,False,T,T,G,nan,1.0,1.0,1.0,1.0,1.0,0.0
144,1693,6701,0,False,C,C,C,nan,1.0,1.0,1.0,1.0,1.0,0.90909
144,1693,6701,0,False,T,C,C,nan,0.0,0.0,0.0,0.0,0.0,0.090909
145,1717,6725,1,False,G,T,T,nan,0.0,0.0,0.0,0.0,0.0,1.0
145,1717,6725,0,False,T,T,T,nan,1.0,1.0,1.0,1.0,1.0,0.0
146,1741,6749,1,False,-,T,T,nan,0.083333,0.0,0.0,0.0,0.0,0.0
146,1741,6749,0,False,T,T,T,nan,0.91667,1.0,1.0,1.0,1.0,1.0
147,1757,6765,1,False,A,G,G,nan,0.0,0.0,0.0,0.0,0.04,0.0
147,1757,6765,0,False,G,G,G,nan,1.0,1.0,1.0,1.0,0.96,1.0
148,1763,6771,1,False,C,T,C,nan,0.0,0.0,0.035714,0.0,0.0,0.0
148,1763,6771,0,False,T,T,C,nan,1.0,1.0,0.96429,1.0,1.0,1.0
149,1807,6815,0,False,C,C,C,nan,1.0,1.0,1.0,1.0,0.96,1.0
149,1807,6815,0,False,T,C,C,nan,0.0,0.0,0.0,0.0,0.04,0.0
150,1817,6825,1,False,A,G,A,nan,0.0,0.0,0.0,0.0,0.0,0.090909
150,1817,6825,0,False,G,G,A,nan,1.0,1.0,1.0,1.0,1.0,0.90909
151,1819,6827,0,False,C,T,T,nan,0.0,0.0,0.035714,0.0,0.0,0.0
151,1819,6827,0,False,T,T,T,nan,1.0,1.0,0.96429,1.0,1.0,1.0
152,1847,6855,1,False,C,G,G,nan,0.0,0.0,0.035714,0.0,0.0,0.0
152,1847,6855,0,False,G,G,G,nan,1.0,1.0,0.96429,1.0,1.0,1.0
153,1858,6866,0,False,A,C,C,nan,0.0,0.0,0.0,0.0,0.0,0.090909
153,1858,6866,0,False,C,C,C,nan,1.0,1.0,1.0,1.0,1.0,0.90909
154,1864,6872,0,False,C,T,T,nan,0.0,0.0,0.0,0.0,0.0,0.090909
154,1864,6872,0,False,T,T,T,nan,1.0,1.0,1.0,1.0,1.0,0.90909
155,1877,6885,1,False,A,G,G,nan,0.0,0.0,0.035714,0.0,0.0,0.0
155,1877,6885,0,False,G,G,G,nan,1.0,1.0,0.96429,1.0,1.0,1.0
156,1897,6905,0,False,A,G,G,nan,0.0,0.0,0.0,0.0,0.0,0.27273
156,1897,6905,0,False,G,G,G,nan,1.0,1.0,1.0,1.0,1.0,0.72727
157,1918,6926,1,False,A,C,T,nan,0.0,0.0,0.0,0.0,0.0,0.090909
157,1918,6926,0,False,C,C,T,nan,1.0,1.0,1.0,1.0,1.0,0.90909
158,1924,6932,0,False,A,A,A,nan,1.0,0.92857,1.0,1.0,1.0,1.0
158,1924,6932,0,False,G,A,A,nan,0.0,0.071429,0.0,0.0,0.0,0.0
159,1940,6948,1,False,A,G,G,nan,0.0,0.071429,0.0,0.0,0.0,0.0
159,1940,6948,0,False,G,G,G,nan,1.0,0.92857,1.0,1.0,1.0,1.0
160,1972,6980,0,False,A,G,G,nan,0.0,0.0,0.0,0.0,0.0,0.090909
160,1972,6980,0,False,G,G,G,nan,1.0,1.0,1.0,1.0,1.0,0.90909
161,2009,7017,0,False,C,C,C,nan,1.0,1.0,1.0,1.0,0.96,1.0
161,2009,7017,0,False,T,C,C,nan,0.0,0.0,0.0,0.0,0.04,0.0
162,2015,7023,1,False,A,G,G,nan,0.083333,0.0,0.0,0.0,0.0,0.0
162,2015,7023,0,False,G,G,G,nan,0.91667,1.0,1.0,1.0,1.0,1.0
163,2018,7026,1,False,A,G,G,nan,0.0,0.0,0.0,0.0,0.0,0.18182
163,2018,7026,0,False,G,G,G,nan,1.0,1.0,1.0,1.0,1.0,0.81818
164,2027,7035,1,False,A,G,G,nan,0.0,0.0,0.0,0.91304,0.76,0.63636
164,2027,7035,0,False,G,G,G,nan,1.0,1.0,1.0,0.086957,0.24,0.36364
165,2061,7069,0,False,A,A,A,nan,1.0,1.0,1.0,1.0,0.96,1.0
165,2061,7069,1,False,G,A,A,nan,0.0,0.0,0.0,0.0,0.04,0.0
166,2104,7112,0,False,C,T,T,nan,0.0,0.0,0.0,0.0,0.04,0.0
166,2104,7112,0,False,T,T,T,nan,1.0,1.0,1.0,1.0,0.96,1.0
167,2107,7115,0,False,A,A,A,nan,1.0,1.0,1.0,1.0,1.0,0.81818
167,2107,7115,0,False,C,A,A,nan,0.0,0.0,0.0,0.0,0.0,0.18182
168,2128,7136,1,False,-,A,A,nan,0.0,0.0,0.035714,0.0,0.0,0.0
168,2128,7136,0,False,A,A,A,nan,1.0,1.0,0.96429,1.0,1.0,1.0
169,2140,7148,1,False,A,T,T,nan,0.0,0.0,0.0,0.0,0.04,0.090909
169,2140,7148,0,False,T,T,T,nan,1.0,1.0,1.0,1.0,0.96,0.90909
170,2147,7155,1,False,A,T,A,nan,0.0,0.0,0.0,0.0,0.0,0.54545
170,2147,7155,0,False,T,T,A,nan,1.0,1.0,1.0,1.0,1.0,0.45455
171,2149,7157,0,False,A,A,A,nan,1.0,1.0,1.0,1.0,1.0,0.72727
171,2149,7157,1,False,C,A,A,nan,0.0,0.0,0.0,0.0,0.0,0.27273
172,2169,7177,0,False,A,A,A,nan,1.0,1.0,1.0,1.0,1.0,0.90909
172,2169,7177,1,False,T,A,A,nan,0.0,0.0,0.0,0.0,0.0,0.090909
173,2205,7210,0,False,C,C,C,nan,1.0,1.0,0.96429,1.0,1.0,1.0
173,2205,7210,1,False,T,C,C,nan,0.0,0.0,0.035714,0.0,0.0,0.0
174,2223,7228,0,False,A,A,G,nan,1.0,1.0,1.0,1.0,1.0,0.81818
174,2223,7228,1,False,C,A,G,nan,0.0,0.0,0.0,0.0,0.0,0.090909
174,2223,7228,1,False,G,A,G,nan,0.0,0.0,0.0,0.0,0.0,0.090909
175,2224,7229,0,False,A,G,A,nan,0.0,0.0,0.0,0.0,0.04,0.0
175,2224,7229,0,False,G,G,A,nan,1.0,1.0,1.0,1.0,0.96,1.0
176,2251,7256,0,False,A,A,G,nan,1.0,1.0,0.96429,1.0,1.0,1.0
176,2251,7256,0,False,G,A,G,nan,0.0,0.0,0.035714,0.0,0.0,0.0
177,2259,7264,0,False,A,A,A,nan,1.0,1.0,0.96429,1.0,1.0,1.0
177,2259,7264,1,False,G,A,A,nan,0.0,0.0,0.035714,0.0,0.0,0.0
178,2274,7279,0,False,A,A,A,nan,1.0,1.0,1.0,1.0,0.96,1.0
178,2274,7279,1,False,G,A,A,nan,0.0,0.0,0.0,0.0,0.04,0.0
179,2280,7285,1,False,A,G,G,nan,0.0,0.071429,0.0,0.0,0.0,0.0
179,2280,7285,0,False,G,G,G,nan,1.0,0.92857,1.0,1.0,1.0,1.0
180,2287,7286f,0,False,A,A,-,nan,1.0,1.0,1.0,1.0,0.96,1.0
180,2287,7286f,0,False,G,A,-,nan,0.0,0.0,0.0,0.0,0.04,0.0
181,2296,7292,0,False,C,T,T,nan,0.0,0.0,0.0,0.0,0.0,0.090909
181,2296,7292,0,False,T,T,T,nan,1.0,1.0,1.0,1.0,1.0,0.90909
182,2307,7303,1,False,C,T,T,nan,0.0,0.0,0.035714,0.0,0.0,0.0
182,2307,7303,0,False,T,T,T,nan,1.0,1.0,0.96429,1.0,1.0,1.0
183,2332,7328,0,False,C,C,C,nan,1.0,1.0,1.0,1.0,0.96,1.0
183,2332,7328,0,False,T,C,C,nan,0.0,0.0,0.0,0.0,0.04,0.0
184,2335,7331,0,False,A,A,A,nan,1.0,1.0,0.96429,1.0,1.0,1.0
184,2335,7331,0,False,G,A,A,nan,0.0,0.0,0.035714,0.0,0.0,0.0
185,2351,7347,1,False,-,A,A,nan,0.0,0.0,0.035714,0.0,0.0,0.0
185,2351,7347,0,False,A,A,A,nan,1.0,1.0,0.96429,1.0,1.0,1.0
186,2352,7348,1,False,-,G,G,nan,0.0,0.0,0.035714,0.0,0.0,0.0
186,2352,7348,0,False,G,G,G,nan,1.0,1.0,0.96429,1.0,1.0,1.0
187,2353,7349,1,False,-,T,T,nan,0.0,0.0,0.035714,0.0,0.0,0.0
187,2353,7349,0,False,T,T,T,nan,1.0,1.0,0.96429,1.0,1.0,1.0
188,2354,7350,1,False,-,T,T,nan,0.0,0.0,0.035714,0.0,0.0,0.0
188,2354,7350,0,False,T,T,T,nan,1.0,1.0,0.96429,1.0,1.0,1.0
189,2355,7351,1,False,-,T,T,nan,0.0,0.0,0.035714,0.0,0.0,0.0
189,2355,7351,0,False,T,T,T,nan,1.0,1.0,0.96429,1.0,1.0,1.0
190,2356,7352,1,False,-,T,T,nan,0.0,0.0,0.035714,0.0,0.0,0.0
190,2356,7352,0,False,T,T,T,nan,1.0,1.0,0.96429,1.0,1.0,1.0
191,2357,7353,1,False,-,A,A,nan,0.0,0.0,0.035714,0.0,0.0,0.0
191,2357,7353,0,False,A,A,A,nan,1.0,1.0,0.96429,1.0,1.0,1.0
192,2358,7354,1,False,-,A,A,nan,0.0,0.0,0.035714,0.0,0.0,0.0
192,2358,7354,0,False,A,A,A,nan,1.0,1.0,0.96429,1.0,1.0,1.0
193,2359,7355,1,False,-,T,T,nan,0.0,0.0,0.035714,0.0,0.0,0.0
193,2359,7355,0,False,T,T,T,nan,1.0,1.0,0.96429,1.0,1.0,1.0
194,2360,7356,1,False,A,T,T,nan,0.0,0.0,0.035714,0.0,0.0,0.0
194,2360,7356,0,False,T,T,T,nan,1.0,1.0,0.96429,1.0,1.0,1.0
195,2398,7394,0,False,A,G,G,nan,0.0,0.0,0.0,0.0,0.04,0.0
195,2398,7394,0,False,G,G,G,nan,1.0,1.0,1.0,1.0,0.96,1.0
196,2401,7397,0,False,C,T,T,nan,0.0,0.0,0.0,0.0,0.04,0.0
196,2401,7397,0,False,T,T,T,nan,1.0,1.0,1.0,1.0,0.96,1.0
197,2421,7417,0,False,A,A,A,nan,1.0,1.0,0.96429,1.0,1.0,0.45455
197,2421,7417,1,False,C,A,A,nan,0.0,0.0,0.035714,0.0,0.0,0.54545
198,2423,7419,0,False,A,A,T,nan,1.0,1.0,0.96429,1.0,1.0,0.45455
198,2423,7419,1,False,T,A,T,nan,0.0,0.0,0.035714,0.0,0.0,0.54545
199,2424,7420,0,False,C,C,A,nan,1.0,1.0,0.96429,1.0,1.0,0.45455
199,2424,7420,1,False,G,C,A,nan,0.0,0.0,0.035714,0.0,0.0,0.54545
200,2425,7421,1,False,G,T,A,nan,0.0,0.0,0.035714,0.0,0.0,0.54545
200,2425,7421,0,False,T,T,A,nan,1.0,1.0,0.96429,1.0,1.0,0.45455
201,2426,7422,1,False,-,T,T,nan,0.0,0.0,0.071429,0.0,0.0,0.54545
201,2426,7422,1,False,A,T,T,nan,0.0,0.0,0.0,0.0,0.0,0.27273
201,2426,7422,1,False,G,T,T,nan,0.0,0.0,0.0,0.0,0.0,0.18182
201,2426,7422,0,False,T,T,T,nan,1.0,1.0,0.92857,1.0,1.0,0.0
202,2427,7423,1,False,-,G,-,nan,0.0,0.0,0.071429,0.0,0.0,0.54545
202,2427,7423,0,False,G,G,-,nan,1.0,1.0,0.92857,1.0,1.0,0.45455
203,2428,7424,1,False,-,G,-,nan,0.0,0.0,0.071429,0.0,0.0,0.54545
203,2428,7424,0,False,G,G,-,nan,1.0,1.0,0.92857,1.0,1.0,0.36364
203,2428,7424,1,False,T,G,-,nan,0.0,0.0,0.0,0.0,0.0,0.090909
204,2438,7434,1,False,-,A,G,nan,0.0,0.0,0.035714,0.0,0.0,0.0
204,2438,7434,0,False,A,A,G,nan,1.0,1.0,0.96429,1.0,1.0,1.0
205,2439,7435,1,False,-,A,A,nan,0.0,0.0,0.035714,0.0,0.0,0.0
205,2439,7435,0,False,A,A,A,nan,1.0,1.0,0.96429,1.0,1.0,1.0
206,2440,7436,1,False,-,T,T,nan,0.0,0.0,0.035714,0.0,0.0,0.0
206,2440,7436,0,False,T,T,T,nan,1.0,1.0,0.96429,1.0,1.0,1.0
207,2441,7437,0,False,G,G,A,nan,1.0,1.0,0.96429,1.0,1.0,1.0
207,2441,7437,1,False,T,G,A,nan,0.0,0.0,0.035714,0.0,0.0,0.0
208,2442,7438,0,False,A,A,C,nan,1.0,1.0,0.96429,1.0,1.0,1.0
208,2442,7438,1,False,G,A,C,nan,0.0,0.0,0.035714,0.0,0.0,0.0
209,2443,7439,1,False,G,T,A,nan,0.0,0.0,0.035714,0.0,0.0,0.0
209,2443,7439,0,False,T,T,A,nan,1.0,1.0,0.96429,1.0,1.0,1.0
210,2445,7441,1,False,A,C,A,nan,0.0,0.0,0.035714,0.0,0.0,0.0
210,2445,7441,0,False,C,C,A,nan,1.0,1.0,0.96429,1.0,1.0,1.0
211,2447,7443,0,False,A,A,A,nan,1.0,1.0,0.96429,1.0,1.0,1.0
211,2447,7443,1,False,G,A,A,nan,0.0,0.0,0.035714,0.0,0.0,0.0
212,2448,7444,1,False,A,C,A,nan,0.0,0.0,0.035714,0.0,0.0,0.0
212,2448,7444,0,False,C,C,A,nan,1.0,1.0,0.96429,1.0,1.0,1.0
213,2449,7445,0,False,A,A,T,nan,1.0,1.0,0.96429,1.0,1.0,1.0
213,2449,7445,1,False,T,A,T,nan,0.0,0.0,0.035714,0.0,0.0,0.0
214,2450,7446,1,False,A,G,A,nan,0.0,0.0,0.035714,0.0,0.0,0.0
214,2450,7446,0,False,G,G,A,nan,1.0,1.0,0.96429,1.0,1.0,1.0
215,2451,7447,1,False,C,G,C,nan,0.0,0.0,0.035714,0.0,0.0,0.0
215,2451,7447,0,False,G,G,C,nan,1.0,1.0,0.96429,1.0,1.0,1.0
216,2452,7448,0,False,A,G,T,nan,0.0,0.0,0.035714,0.0,0.0,0.0
216,2452,7448,0,False,G,G,T,nan,1.0,1.0,0.92857,1.0,1.0,1.0
216,2452,7448,0,False,T,G,T,nan,0.0,0.0,0.035714,0.0,0.0,0.0
217,2453,7449,1,False,A,T,A,nan,0.0,0.0,0.035714,0.0,0.0,0.0
217,2453,7449,1,False,C,T,A,nan,0.0,0.0,0.0,0.0,0.0,0.090909
217,2453,7449,0,False,T,T,A,nan,1.0,1.0,0.96429,1.0,1.0,0.90909
218,2456,7452,0,False,A,A,G,nan,1.0,1.0,0.96429,1.0,1.0,1.0
218,2456,7452,1,False,G,A,G,nan,0.0,0.0,0.035714,0.0,0.0,0.0
219,2457,7453,0,False,A,A,G,nan,1.0,1.0,0.96429,1.0,1.0,1.0
219,2457,7453,1,False,G,A,G,nan,0.0,0.0,0.035714,0.0,0.0,0.0
220,2458,7454,0,False,G,T,A,nan,0.0,0.0,0.035714,0.0,0.0,0.0
220,2458,7454,0,False,T,T,A,nan,1.0,1.0,0.96429,1.0,1.0,1.0
221,2459,7455,0,False,A,A,A,nan,1.0,1.0,0.96429,1.0,1.0,1.0
221,2459,7455,1,False,T,A,A,nan,0.0,0.0,0.035714,0.0,0.0,0.0
222,2460,7456,0,False,A,A,A,nan,1.0,1.0,0.96429,1.0,1.0,1.0
222,2460,7456,1,False,C,A,A,nan,0.0,0.0,0.035714,0.0,0.0,0.0
223,2461,7457,0,False,A,C,T,nan,0.0,0.0,0.035714,0.0,0.0,0.0
223,2461,7457,0,False,C,C,T,nan,1.0,1.0,0.96429,1.0,1.0,1.0
224,2463,7459,1,False,A,G,A,nan,0.0,0.0,0.071429,0.0,0.0,0.090909
224,2463,7459,0,False,G,G,A,nan,1.0,1.0,0.92857,1.0,1.0,0.90909
225,2464,7460,0,False,C,C,C,nan,1.0,1.0,0.96429,1.0,1.0,1.0
225,2464,7460,0,False,T,C,C,nan,0.0,0.0,0.035714,0.0,0.0,0.0
226,2466,7462,1,False,A,C,C,nan,0.0,0.0,0.035714,0.0,0.0,0.0
226,2466,7462,0,False,C,C,C,nan,1.0,1.0,0.96429,1.0,1.0,0.27273
226,2466,7462,1,False,T,C,C,nan,0.0,0.0,0.0,0.0,0.0,0.72727
227,2467,7463,0,False,A,A,T,nan,1.0,1.0,0.96429,1.0,1.0,1.0
227,2467,7463,1,False,C,A,T,nan,0.0,0.0,0.035714,0.0,0.0,0.0
228,2469,7465,1,False,G,T,T,nan,0.0,0.0,0.035714,0.0,0.0,0.0
228,2469,7465,0,False,T,T,T,nan,1.0,1.0,0.96429,1.0,1.0,1.0
229,2545,7541,0,False,C,C,C,nan,1.0,1.0,1.0,1.0,1.0,0.90909
229,2545,7541,0,False,T,C,C,nan,0.0,0.0,0.0,0.0,0.0,0.090909
230,2554,7550,0,False,A,A,A,nan,1.0,1.0,1.0,1.0,1.0,0.90909
230,2554,7550,0,False,G,A,A,nan,0.0,0.0,0.0,0.0,0.0,0.090909
231,2603,7599,1,False,A,G,G,nan,0.0,0.0,0.0,0.043478,0.0,0.0
231,2603,7599,0,False,G,G,G,nan,1.0,1.0,1.0,0.95652,1.0,1.0
232,2617,7607,0,False,C,C,C,nan,1.0,1.0,1.0,0.95652,1.0,1.0
232,2617,7607,0,False,T,C,C,nan,0.0,0.0,0.0,0.043478,0.0,0.0
233,2629,7619,0,False,C,T,C,nan,0.0,0.071429,0.0,0.0,0.0,0.0
233,2629,7619,0,False,T,T,C,nan,1.0,0.92857,1.0,1.0,1.0,1.0
234,2635,7625,0,False,C,C,C,nan,1.0,0.92857,1.0,1.0,1.0,1.0
234,2635,7625,0,False,T,C,C,nan,0.0,0.071429,0.0,0.0,0.0,0.0
235,2681,7671,1,False,-,T,T,nan,0.0,0.0,0.0,0.0,0.0,0.090909
235,2681,7671,0,False,T,T,T,nan,1.0,1.0,1.0,1.0,1.0,0.90909
236,2682,7672,1,False,-,T,T,nan,0.0,0.0,0.0,0.0,0.0,0.090909
236,2682,7672,0,False,T,T,T,nan,1.0,1.0,1.0,1.0,1.0,0.90909
237,2683,7673,1,False,-,A,A,nan,0.0,0.0,0.0,0.0,0.0,0.090909
237,2683,7673,0,False,A,A,A,nan,1.0,1.0,1.0,1.0,1.0,0.90909
238,2684,7674,1,False,-,T,T,nan,0.0,0.0,0.0,0.0,0.0,0.090909
238,2684,7674,0,False,T,T,T,nan,1.0,1.0,1.0,1.0,1.0,0.90909
239,2685,7675,1,False,-,A,A,nan,0.0,0.0,0.0,0.0,0.0,0.090909
239,2685,7675,0,False,A,A,A,nan,1.0,1.0,1.0,1.0,1.0,0.90909
240,2686,7676,1,False,-,T,T,nan,0.0,0.0,0.0,0.0,0.0,0.090909
240,2686,7676,0,False,T,T,T,nan,1.0,1.0,1.0,1.0,1.0,0.90909
241,2687,7677,1,False,-,A,A,nan,0.0,0.0,0.0,0.0,0.0,0.090909
241,2687,7677,0,False,A,A,A,nan,1.0,1.0,1.0,1.0,1.0,0.90909
242,2688,7678,1,False,-,A,A,nan,0.0,0.0,0.0,0.0,0.0,0.090909
242,2688,7678,0,False,A,A,A,nan,1.0,1.0,1.0,1.0,1.0,0.90909
243,2689,7679,1,False,-,A,A,nan,0.0,0.0,0.0,0.0,0.0,0.090909
243,2689,7679,0,False,A,A,A,nan,1.0,1.0,1.0,1.0,1.0,0.90909
244,2732,7722,1,False,A,G,A,nan,0.0,0.0,0.035714,0.0,0.0,0.63636
244,2732,7722,0,False,G,G,A,nan,1.0,1.0,0.96429,1.0,1.0,0.36364
245,2733,7723,0,False,A,A,A,nan,1.0,1.0,1.0,1.0,1.0,0.90909
245,2733,7723,1,False,G,A,A,nan,0.0,0.0,0.0,0.0,0.0,0.090909
246,2749,7739,0,False,A,G,G,nan,0.0,0.0,0.035714,0.0,0.0,0.0
246,2749,7739,0,False,G,G,G,nan,1.0,1.0,0.96429,1.0,1.0,1.0
247,2768,7758,0,False,A,A,G,nan,1.0,1.0,1.0,1.0,0.96,0.0
247,2768,7758,1,False,G,A,G,nan,0.0,0.0,0.0,0.0,0.04,1.0
248,2795,7785,1,False,A,G,G,nan,0.0,0.0,0.0,0.043478,0.0,0.0
248,2795,7785,0,False,G,G,G,nan,1.0,1.0,1.0,0.95652,1.0,1.0
249,2875,7865,0,False,C,T,T,nan,0.0,0.0,0.0,0.0,0.04,0.0
249,2875,7865,0,False,T,T,T,nan,1.0,1.0,1.0,1.0,0.96,1.0
250,2896,7886,0,False,C,T,T,nan,0.0,0.0,0.0,0.0,0.0,0.090909
250,2896,7886,0,False,T,T,T,nan,1.0,1.0,1.0,1.0,1.0,0.90909
251,2956,7946,0,False,A,G,G,nan,0.0,0.0,0.0,0.0,0.24,0.0
251,2956,7946,0,False,G,G,G,nan,1.0,1.0,1.0,1.0,0.76,1.0
252,2981,7971,1,False,A,G,G,nan,0.0,0.0,0.32143,0.0,0.44,0.90909
252,2981,7971,0,False,G,G,G,nan,1.0,1.0,0.67857,1.0,0.56,0.090909
253,2987,7977,0,False,A,A,A,nan,1.0,1.0,1.0,1.0,0.96,1.0
253,2987,7977,0,False,C,A,A,nan,0.0,0.0,0.0,0.0,0.04,0.0
254,3016,8006,0,False,A,G,G,nan,0.0,0.0,0.035714,0.0,0.04,0.0
254,3016,8006,0,False,G,G,G,nan,1.0,1.0,0.96429,1.0,0.96,1.0
255,3047,8037,0,False,A,A,A,nan,1.0,1.0,1.0,1.0,0.96,1.0
255,3047,8037,1,False,G,A,A,nan,0.0,0.0,0.0,0.0,0.04,0.0
256,3052,8042,0,False,C,T,T,nan,0.0,0.0,0.0,0.0,0.04,0.0
256,3052,8042,0,False,T,T,T,nan,1.0,1.0,1.0,1.0,0.96,1.0
257,3068,8058,1,False,A,G,G,nan,0.083333,0.0,0.0,0.0,0.0,0.0
257,3068,8058,0,False,G,G,G,nan,0.91667,1.0,1.0,1.0,1.0,1.0
258,3070,8060,0,False,C,C,T,nan,1.0,1.0,1.0,1.0,0.96,1.0
258,3070,8060,0,False,T,C,T,nan,0.0,0.0,0.0,0.0,0.04,0.0
259,3081,8071,0,False,A,A,A,nan,1.0,1.0,1.0,1.0,1.0,0.90909
259,3081,8071,1,False,G,A,A,nan,0.0,0.0,0.0,0.0,0.0,0.090909
260,3084,8074,1,False,A,G,A,nan,0.0,0.0,0.0,0.043478,0.0,0.0
260,3084,8074,0,False,G,G,A,nan,1.0,1.0,1.0,0.95652,1.0,1.0
261,3085,8075,0,False,A,A,A,nan,1.0,1.0,1.0,1.0,1.0,0.90909
261,3085,8075,0,False,G,A,A,nan,0.0,0.0,0.0,0.0,0.0,0.090909
262,3097,8087,0,False,A,G,G,nan,0.0,0.0,0.0,0.0,0.0,0.18182
262,3097,8087,0,False,G,G,G,nan,1.0,1.0,1.0,1.0,1.0,0.81818
263,3104,8094,0,False,A,A,A,nan,1.0,1.0,1.0,1.0,1.0,0.54545
263,3104,8094,1,False,G,A,A,nan,0.0,0.0,0.0,0.0,0.0,0.45455
264,3130,8120,0,False,A,G,A,nan,0.0,0.0,0.0,0.0,0.0,0.090909
264,3130,8120,0,False,G,G,A,nan,1.0,1.0,1.0,1.0,1.0,0.90909
265,3148,8138,0,False,C,T,C,nan,0.0,0.0,0.035714,0.0,0.0,0.0
265,3148,8138,0,False,T,T,C,nan,1.0,1.0,0.96429,1.0,1.0,1.0
266,3157,8147,0,False,A,G,A,nan,0.0,0.0,0.035714,0.0,0.0,0.0
266,3157,8147,0,False,G,G,A,nan,1.0,1.0,0.96429,1.0,1.0,1.0
267,3163,8153,0,False,C,C,C,nan,1.0,1.0,0.96429,1.0,1.0,1.0
267,3163,8153,0,False,T,C,C,nan,0.0,0.0,0.035714,0.0,0.0,0.0
268,3199,8189,1,False,-,A,G,nan,0.083333,0.0,0.0,0.0,0.0,0.0
268,3199,8189,0,False,A,A,G,nan,0.91667,1.0,1.0,1.0,1.0,1.0
269,3205,8195,0,False,A,A,A,nan,1.0,1.0,1.0,1.0,1.0,0.90909
269,3205,8195,0,False,G,A,A,nan,0.0,0.0,0.0,0.0,0.0,0.090909
270,3229,8219,1,False,A,C,A,nan,0.0,0.0,0.035714,0.0,0.0,0.0
270,3229,8219,0,False,C,C,A,nan,1.0,1.0,0.96429,1.0,1.0,1.0
271,3254,8244,1,False,A,G,G,nan,0.0,0.0,0.0,0.0,0.04,0.090909
271,3254,8244,0,False,G,G,G,nan,1.0,1.0,1.0,1.0,0.96,0.90909
272,3271,8261,0,False,A,G,G,nan,0.083333,0.0,0.0,0.0,0.0,0.0
272,3271,8261,0,False,G,G,G,nan,0.91667,1.0,1.0,1.0,1.0,1.0
273,3272,8262,1,False,A,T,T,nan,0.0,0.0,0.0,0.0,0.08,0.90909
273,3272,8262,1,False,G,T,T,nan,0.0,0.0,0.0,0.0,0.04,0.090909
273,3272,8262,0,False,T,T,T,nan,1.0,1.0,1.0,1.0,0.88,0.0
274,3289,8279,0,False,C,C,C,nan,1.0,1.0,0.96429,1.0,1.0,1.0
274,3289,8279,0,False,T,C,C,nan,0.0,0.0,0.035714,0.0,0.0,0.0
275,3307,8297,0,False,C,T,C,nan,0.0,0.0,0.0,0.0,0.04,0.0
275,3307,8297,0,False,T,T,C,nan,1.0,1.0,1.0,1.0,0.96,1.0
276,3336,8326,1,False,C,T,T,nan,0.0,0.0,0.035714,0.0,0.0,0.0
276,3336,8326,0,False,T,T,T,nan,1.0,1.0,0.96429,1.0,1.0,1.0
277,3337,8327,0,False,A,A,A,nan,1.0,1.0,0.96429,1.0,1.0,1.0
277,3337,8327,0,False,G,A,A,nan,0.0,0.0,0.035714,0.0,0.0,0.0
278,3338,8328,0,False,C,C,C,nan,0.91667,1.0,1.0,1.0,1.0,1.0
278,3338,8328,1,False,T,C,C,nan,0.083333,0.0,0.0,0.0,0.0,0.0
279,3385,8375,1,False,A,T,T,nan,0.0,0.0,0.0,0.0,0.0,0.090909
279,3385,8375,0,False,T,T,T,nan,1.0,1.0,1.0,1.0,1.0,0.90909
280,3437,8427,2,False,A,G,G,nan,0.0,0.0,0.035714,0.0,0.0,0.0
280,3437,8427,0,False,G,G,G,nan,1.0,1.0,0.96429,1.0,1.0,1.0
281,3472,8462,0,False,A,A,T,nan,1.0,1.0,1.0,0.95652,1.0,1.0
281,3472,8462,2,False,G,A,T,nan,0.0,0.0,0.0,0.043478,0.0,0.0
282,3512,8502,0,False,C,C,C,nan,1.0,1.0,0.96429,1.0,1.0,1.0
282,3512,8502,1,False,T,C,C,nan,0.0,0.0,0.035714,0.0,0.0,0.0
283,3520,8510,0,False,C,C,C,nan,1.0,1.0,1.0,1.0,1.0,0.90909
283,3520,8510,1,False,T,C,C,nan,0.0,0.0,0.0,0.0,0.0,0.090909
284,3529,8519,0,False,C,C,C,nan,1.0,1.0,1.0,1.0,0.96,1.0
284,3529,8519,1,False,T,C,C,nan,0.0,0.0,0.0,0.0,0.04,0.0
285,3542,8532,2,False,A,C,C,nan,0.0,0.0,0.035714,0.0,0.0,0.0
285,3542,8532,0,False,C,C,C,nan,1.0,1.0,0.96429,1.0,1.0,1.0
286,3591,8581,1,False,A,G,G,nan,0.0,0.0,0.0,0.043478,0.0,0.0
286,3591,8581,0,False,G,G,G,nan,1.0,1.0,1.0,0.95652,1.0,1.0
287,3592,8582,0,False,A,A,A,nan,1.0,1.0,1.0,1.0,0.96,1.0
287,3592,8582,1,False,G,A,A,nan,0.0,0.0,0.0,0.0,0.04,0.0
288,3608,8598,2,False,A,G,G,nan,0.0,0.0,0.0,0.0,0.0,0.090909
288,3608,8598,0,False,G,G,G,nan,1.0,1.0,1.0,1.0,1.0,0.90909
289,3619,8609,0,False,C,T,T,nan,0.0,0.0,0.035714,0.0,0.0,0.0
289,3619,8609,0,False,T,T,T,nan,1.0,1.0,0.96429,1.0,1.0,1.0
290,3646,8636,1,False,C,T,T,nan,0.0,0.0,0.0,0.0,0.0,0.27273
290,3646,8636,2,False,G,T,T,nan,0.0,0.071429,0.0,0.0,0.0,0.0
290,3646,8636,0,False,T,T,T,nan,1.0,0.92857,1.0,1.0,1.0,0.72727
291,3652,8642,0,False,A,A,A,nan,1.0,1.0,1.0,1.0,1.0,0.90909
291,3652,8642,2,False,C,A,A,nan,0.0,0.0,0.0,0.0,0.0,0.090909
292,3667,8657,0,False,A,T,T,nan,0.0,0.0,0.0,0.043478,0.0,0.0
292,3667,8657,0,False,T,T,T,nan,1.0,1.0,1.0,0.95652,1.0,1.0
293,3674,8664,0,False,C,T,T,nan,0.0,0.0,0.0,0.0,0.04,0.0
293,3674,8664,0,False,T,T,T,nan,1.0,1.0,1.0,1.0,0.96,1.0
294,3684,8674,1,False,A,C,C,nan,0.0,0.0,0.0,0.0,0.04,0.0
294,3684,8674,0,False,C,C,C,nan,1.0,1.0,1.0,0.95652,0.96,1.0
294,3684,8674,1,False,T,C,C,nan,0.0,0.0,0.0,0.043478,0.0,0.0
295,3695,8685,1,False,A,G,G,nan,0.0,0.0,0.035714,0.0,0.0,0.0
295,3695,8685,0,False,G,G,G,nan,1.0,1.0,0.96429,1.0,1.0,1.0
296,3698,8688,1,False,A,G,G,nan,0.0,0.0,0.0,0.0,0.04,0.18182
296,3698,8688,0,False,G,G,G,nan,1.0,1.0,1.0,1.0,0.96,0.81818
297,3706,8696,0,False,A,G,G,nan,0.0,0.0,0.0,0.0,0.04,0.0
297,3706,8696,0,False,G,G,G,nan,1.0,1.0,1.0,1.0,0.96,1.0
298,3708,8698,1,False,A,G,G,nan,0.0,0.0,0.035714,0.0,0.0,0.0
298,3708,8698,0,False,G,G,G,nan,1.0,1.0,0.96429,1.0,1.0,1.0
299,3713,8703,1,False,A,G,G,nan,0.0,0.0,0.035714,0.0,0.0,0.0
299,3713,8703,0,False,G,G,G,nan,1.0,1.0,0.96429,1.0,1.0,1.0
300,3757,8747,0,False,C,C,C,nan,1.0,1.0,1.0,1.0,1.0,0.90909
300,3757,8747,0,False,T,C,C,nan,0.0,0.0,0.0,0.0,0.0,0.090909
301,3774,8764,1,False,G,T,T,nan,0.0,0.071429,0.0,0.0,0.0,0.0
301,3774,8764,0,False,T,T,T,nan,1.0,0.92857,1.0,1.0,1.0,1.0
302,3786,8776,1,True,C,T,T,RQGLERALI,0.0,0.0,0.0,0.0,0.04,0.0
302,3786,8776,0,False,T,T,T,RQGLERALI,1.0,1.0,1.0,1.0,0.96,1.0
303,3794,8784,1,True,A,G,G,RQGLERALI,0.0,0.0,0.0,0.0,0.76,0.45455
303,3794,8784,0,False,G,G,G,RQGLERALI,1.0,1.0,1.0,1.0,0.24,0.54545
304,3795,8785,0,False,C,C,C,RQGLERALI,1.0,1.0,1.0,1.0,0.92,0.45455
304,3795,8785,1,True,T,C,C,RQGLERALI,0.0,0.0,0.0,0.0,0.08,0.54545
305,3799,8789,0,False,A,A,G,RQGLERALI,1.0,1.0,1.0,1.0,0.96,1.0
305,3799,8789,1,True,T,A,G,RQGLERALI,0.0,0.0,0.0,0.0,0.04,0.0
306,3828,8818,0,False,C,C,C,nan,1.0,1.0,1.0,1.0,1.0,0.90909
306,3828,8818,1,False,T,C,C,nan,0.0,0.0,0.0,0.0,0.0,0.090909
307,3829,8819,1,False,A,G,G,nan,0.0,0.0,0.0,0.043478,0.0,0.0
307,3829,8819,0,False,G,G,G,nan,1.0,1.0,1.0,0.95652,1.0,1.0
308,3838,8828,0,False,A,A,T,nan,1.0,1.0,1.0,1.0,1.0,0.90909
308,3838,8828,1,False,G,A,T,nan,0.0,0.0,0.0,0.0,0.0,0.090909
309,3847,8837,1,False,A,C,C,nan,0.0,0.0,0.0,0.0,0.0,0.090909
309,3847,8837,0,False,C,C,C,nan,1.0,1.0,1.0,1.0,1.0,0.90909
310,3849,8839,1,False,A,G,A,nan,0.0,0.0,0.0,0.0,0.0,0.090909
310,3849,8839,0,False,G,G,A,nan,1.0,1.0,1.0,1.0,1.0,0.90909
311,3850,8840,1,False,A,C,C,nan,0.0,0.0,0.0,0.0,0.0,0.63636
311,3850,8840,0,False,C,C,C,nan,1.0,1.0,1.0,1.0,0.96,0.36364
311,3850,8840,1,False,T,C,C,nan,0.0,0.0,0.0,0.0,0.04,0.0
312,3858,8848,1,False,A,G,G,nan,0.0,0.0,0.0,0.0,0.04,0.0
312,3858,8848,0,False,G,G,G,nan,1.0,1.0,1.0,1.0,0.96,1.0
313,3860,8850,0,False,A,A,A,nan,1.0,1.0,1.0,1.0,1.0,0.81818
313,3860,8850,1,False,C,A,A,nan,0.0,0.0,0.0,0.0,0.0,0.18182
314,3873,8863,1,False,A,G,G,nan,0.0,0.0,0.0,0.0,0.04,0.18182
314,3873,8863,0,False,G,G,G,nan,1.0,1.0,1.0,1.0,0.96,0.81818
315,3877,8865b,0,False,A,A,-,nan,1.0,1.0,1.0,1.0,1.0,0.90909
315,3877,8865b,1,False,G,A,-,nan,0.0,0.0,0.0,0.0,0.0,0.090909
316,3892,8870,0,False,C,C,C,nan,1.0,1.0,1.0,0.95652,1.0,1.0
316,3892,8870,1,False,T,C,C,nan,0.0,0.0,0.0,0.043478,0.0,0.0
317,3904,8882,1,False,A,G,G,nan,0.0,0.0,0.0,0.043478,0.0,0.0
317,3904,8882,0,False,G,G,G,nan,1.0,1.0,1.0,0.95652,1.0,1.0
318,3908,8886,0,False,A,G,G,nan,0.0,0.0,0.0,0.043478,0.0,0.0
318,3908,8886,0,False,G,G,G,nan,1.0,1.0,1.0,0.95652,1.0,1.0
319,3926,8904,0,False,C,C,C,nan,1.0,1.0,1.0,1.0,1.0,0.81818
319,3926,8904,0,False,T,C,C,nan,0.0,0.0,0.0,0.0,0.0,0.18182
320,3927,8905,0,False,C,T,C,nan,0.0,0.0,0.0,0.0,0.0,0.090909
320,3927,8905,0,False,T,T,C,nan,1.0,1.0,1.0,1.0,1.0,0.90909
321,3944,8922,0,False,A,A,A,nan,1.0,1.0,1.0,1.0,1.0,0.36364
321,3944,8922,0,False,G,A,A,nan,0.0,0.0,0.0,0.0,0.0,0.63636
322,3947,8925,0,False,C,C,C,nan,1.0,1.0,1.0,1.0,1.0,0.81818
322,3947,8925,0,False,T,C,C,nan,0.0,0.0,0.0,0.0,0.0,0.18182
323,3952,8930,1,False,A,G,G,nan,0.0,0.0,0.0,0.0,0.04,0.0
323,3952,8930,0,False,G,G,G,nan,1.0,1.0,1.0,1.0,0.96,1.0
324,3953,8931,1,False,A,T,T,nan,0.0,0.0,0.035714,0.0,0.0,0.0
324,3953,8931,0,False,T,T,T,nan,1.0,1.0,0.96429,1.0,1.0,1.0
325,3954,8932,0,False,A,A,A,nan,0.91667,1.0,1.0,1.0,1.0,1.0
325,3954,8932,1,False,G,A,A,nan,0.083333,0.0,0.0,0.0,0.0,0.0
326,3955,8933,1,False,A,G,G,nan,0.0,0.0,0.0,0.0,0.04,0.0
326,3955,8933,0,False,G,G,G,nan,1.0,1.0,1.0,1.0,0.96,1.0
327,3956,8934,0,False,C,C,C,nan,1.0,1.0,1.0,1.0,1.0,0.90909
327,3956,8934,0,False,T,C,C,nan,0.0,0.0,0.0,0.0,0.0,0.090909
328,3982,8960,1,False,A,G,G,nan,0.0,0.0,0.035714,0.0,0.0,0.0
328,3982,8960,0,False,G,G,G,nan,1.0,1.0,0.96429,1.0,1.0,1.0
329,3996,8974,1,False,C,G,G,nan,0.0,0.0,0.035714,0.0,0.0,0.0
329,3996,8974,0,False,G,G,G,nan,1.0,1.0,0.96429,1.0,1.0,1.0
330,3997,8975,0,False,C,C,C,nan,0.91667,1.0,1.0,1.0,1.0,1.0
330,3997,8975,1,False,T,C,C,nan,0.083333,0.0,0.0,0.0,0.0,0.0
331,4016,8994,0,False,A,G,G,nan,0.0,0.0,0.0,0.043478,0.0,0.0
331,4016,8994,0,False,G,G,G,nan,1.0,1.0,1.0,0.95652,1.0,1.0
332,4043,9021,0,False,C,T,T,VPLRPMTFK,0.0,0.0,0.0,0.0,0.04,0.0
332,4043,9021,0,False,T,T,T,VPLRPMTFK,1.0,1.0,1.0,1.0,0.96,1.0
333,4058,9036,0,False,G,T,T,VPLRPMTFK,0.0,0.0,0.0,0.0,0.0,0.090909
333,4058,9036,0,False,T,T,T,VPLRPMTFK,1.0,1.0,1.0,1.0,1.0,0.90909
334,4060,9038,1,True,A,T,A,VPLRPMTFK,0.0,0.0,0.0,0.0,0.0,0.90909
334,4060,9038,0,False,T,T,A,VPLRPMTFK,1.0,1.0,1.0,1.0,1.0,0.090909
335,4064,9042,0,False,A,G,G,VPLRPMTFK,0.0,0.0,0.0,0.043478,0.0,0.0
335,4064,9042,0,False,G,G,G,VPLRPMTFK,1.0,1.0,1.0,0.95652,1.0,1.0
336,4103,9081,0,False,G,G,G,nan,1.0,0.92857,1.0,1.0,1.0,1.0
336,4103,9081,0,False,T,G,G,nan,0.0,0.071429,0.0,0.0,0.0,0.0
337,4132,9110,0,False,A,A,A,nan,1.0,1.0,0.92857,1.0,1.0,0.72727
337,4132,9110,1,False,G,A,A,nan,0.0,0.0,0.071429,0.0,0.0,0.27273
338,4196,9174,0,False,C,T,C,nan,0.0,0.0,0.035714,0.0,0.0,0.0
338,4196,9174,0,False,T,T,C,nan,1.0,1.0,0.96429,1.0,1.0,1.0
339,4269,9247,1,False,A,G,G,nan,0.0,0.0,0.0,0.0,0.04,0.0
339,4269,9247,0,False,G,G,G,nan,1.0,1.0,1.0,1.0,0.96,1.0
340,4298,9276,0,False,A,G,G,nan,0.0,0.0,0.0,0.0,0.04,0.0
340,4298,9276,0,False,G,G,G,nan,1.0,1.0,1.0,1.0,0.96,1.0
341,4303,9281,0,False,A,A,A,nan,1.0,1.0,1.0,1.0,0.64,0.63636
341,4303,9281,1,False,G,A,A,nan,0.0,0.0,0.0,0.0,0.36,0.36364
342,4304,9282,1,False,A,C,C,nan,0.0,0.0,0.0,0.0,0.04,0.0
342,4304,9282,0,False,C,C,C,nan,1.0,1.0,1.0,1.0,0.96,1.0
343,4308,9286,0,False,C,C,T,nan,1.0,1.0,1.0,1.0,1.0,0.90909
343,4308,9286,0,False,T,C,T,nan,0.0,0.0,0.0,0.0,0.0,0.090909
344,4311,9289,0,False,C,C,T,nan,1.0,1.0,1.0,1.0,1.0,0.90909
344,4311,9289,0,False,T,C,T,nan,0.0,0.0,0.0,0.0,0.0,0.090909
345,4316,9294,1,False,G,T,C,nan,0.0,0.0,0.0,0.0,0.08,0.0
345,4316,9294,0,False,T,T,C,nan,1.0,1.0,1.0,1.0,0.92,1.0
346,4320,9298,0,False,A,A,A,nan,1.0,1.0,1.0,1.0,1.0,0.45455
346,4320,9298,1,False,C,A,A,nan,0.0,0.0,0.0,0.0,0.0,0.18182
346,4320,9298,1,False,T,A,A,nan,0.0,0.0,0.0,0.0,0.0,0.36364
347,4321,9299,1,False,C,T,T,nan,0.0,0.0,0.0,0.0,0.12,0.0
347,4321,9299,0,False,T,T,T,nan,1.0,1.0,1.0,1.0,0.88,1.0
348,4323,9301,0,False,A,A,A,nan,1.0,1.0,1.0,1.0,0.88,0.90909
348,4323,9301,1,False,G,A,A,nan,0.0,0.0,0.0,0.0,0.12,0.090909
349,4324,9302,1,False,A,G,G,nan,0.0,0.0,0.0,0.0,0.16,0.0
349,4324,9302,0,False,G,G,G,nan,1.0,1.0,1.0,1.0,0.84,1.0
350,4329,9307,0,False,C,C,C,nan,1.0,1.0,1.0,1.0,0.96,1.0
350,4329,9307,1,False,T,C,C,nan,0.0,0.0,0.0,0.0,0.04,0.0
351,4346,9324,0,False,A,G,G,nan,0.0,0.0,0.0,0.0,0.0,0.18182
351,4346,9324,0,False,G,G,G,nan,1.0,1.0,1.0,1.0,1.0,0.81818
352,4381,9359,1,True,A,G,G,RLAYQHIAKEK,0.0,0.071429,0.14286,0.043478,0.0,0.0
352,4381,9359,0,False,G,G,G,RLAYQHIAKEK,1.0,0.92857,0.57143,0.95652,0.96,0.36364
352,4381,9359,1,True,T,G,G,RLAYQHIAKEK,0.0,0.0,0.28571,0.0,0.04,0.63636
353,4392,9370,1,True,A,C,C,RLAYQHIAKEK,0.0,0.0,0.071429,0.0,0.04,0.0
353,4392,9370,0,False,C,C,C,RLAYQHIAKEK,1.0,1.0,0.92857,1.0,0.96,1.0
354,4397,9375,0,False,C,C,C,RLAYQHIAKEK,1.0,1.0,1.0,1.0,1.0,0.90909
354,4397,9375,0,False,T,C,C,RLAYQHIAKEK,0.0,0.0,0.0,0.0,0.0,0.090909
355,4405,9383,0,False,A,A,G,RLAYQHIAKEK,1.0,1.0,0.42857,0.0,0.0,0.0
355,4405,9383,1,True,G,A,G,RLAYQHIAKEK,0.0,0.0,0.57143,1.0,1.0,1.0
356,4409,9387,0,False,A,G,G,RLAYQHIAKEK,0.0,0.0,0.0,0.0,0.0,0.090909
356,4409,9387,0,False,G,G,G,RLAYQHIAKEK,1.0,1.0,1.0,1.0,1.0,0.90909
357,4430,9408,0,False,A,G,G,nan,0.0,0.0,0.0,0.0,0.0,0.090909
357,4430,9408,0,False,G,G,G,nan,1.0,1.0,1.0,1.0,1.0,0.90909
358,4464,9434c,0,False,A,G,-,nan,0.0,0.0,0.0,0.0,0.0,0.090909
358,4464,9434c,0,False,G,G,-,nan,1.0,1.0,1.0,1.0,1.0,0.90909
359,4470,9434i,0,False,C,T,-,nan,0.0,0.0,0.0,0.0,0.04,0.0
359,4470,9434i,0,False,T,T,-,nan,1.0,1.0,1.0,1.0,0.96,1.0
360,4497,9455,0,False,G,T,T,nan,0.0,0.0,0.0,0.043478,0.0,0.0
360,4497,9455,0,False,T,T,T,nan,1.0,1.0,1.0,0.95652,1.0,1.0
361,4532,9489,0,False,A,G,G,nan,0.0,0.0,0.0,0.043478,0.0,0.0
361,4532,9489,0,False,G,G,G,nan,1.0,1.0,1.0,0.95652,1.0,1.0
362,4555,9512,0,False,C,T,T,nan,0.0,0.0,0.0,0.043478,0.0,0.0
362,4555,9512,0,False,T,T,T,nan,1.0,1.0,1.0,0.95652,1.0,1.0
363,4565,9522,0,False,C,T,T,nan,0.0,0.0,0.035714,0.0,0.0,0.0
363,4565,9522,0,False,T,T,T,nan,1.0,1.0,0.96429,1.0,1.0,1.0
364,4578,9535,0,False,C,T,T,nan,0.0,0.0,0.0,0.043478,0.0,0.0
364,4578,9535,0,False,T,T,T,nan,1.0,1.0,1.0,0.95652,1.0,1.0
365,4580,9537,0,False,A,C,C,nan,0.0,0.0,0.035714,0.0,0.0,0.0
365,4580,9537,0,False,C,C,C,nan,1.0,1.0,0.96429,1.0,1.0,1.0
366,4581,9538,0,False,G,T,T,nan,0.0,0.0,0.10714,0.0,0.0,0.090909
366,4581,9538,0,False,T,T,T,nan,1.0,1.0,0.89286,1.0,1.0,0.90909
