polymorphic_index,alignment_index,HXB2_index,nonsynonymous,escape,nucleotide,TF,consensus,epitope,f_at_0,f_at_8,f_at_12,f_at_22,f_at_29,f_at_56,f_at_85,f_at_302
0,60,850,0,False,C,T,T,nan,0.0,0.0,0.0,0.0,0.0,0.0,0.0,0.055556
0,60,850,0,False,T,T,T,nan,1.0,1.0,1.0,1.0,1.0,1.0,1.0,0.94444
1,104,894,0,False,A,A,A,nan,1.0,1.0,1.0,1.0,1.0,1.0,1.0,0.94444
1,104,894,0,False,G,A,A,nan,0.0,0.0,0.0,0.0,0.0,0.0,0.0,0.055556
2,116,906,0,False,A,G,G,nan,0.0,0.0,0.0,0.0,0.0,0.125,0.0,0.0
2,116,906,0,False,G,G,G,nan,1.0,1.0,1.0,1.0,1.0,0.875,1.0,1.0
3,127,917,0,False,A,A,G,nan,1.0,1.0,1.0,1.0,1.0,0.875,1.0,0.0
3,127,917,1,False,G,A,G,nan,0.0,0.0,0.0,0.0,0.0,0.125,0.0,1.0
4,133,923,0,False,C,C,C,nan,1.0,1.0,0.9,1.0,1.0,1.0,1.0,1.0
4,133,923,1,False,T,C,C,nan,0.0,0.0,0.1,0.0,0.0,0.0,0.0,0.0
5,150,940,0,False,C,T,T,nan,0.0,0.0,0.0,0.0,0.0,0.125,0.0,0.0
5,150,940,0,False,T,T,T,nan,1.0,1.0,1.0,1.0,1.0,0.875,1.0,1.0
6,164,954,0,False,A,A,A,nan,1.0,1.0,1.0,1.0,1.0,1.0,1.0,0.94444
6,164,954,0,False,G,A,A,nan,0.0,0.0,0.0,0.0,0.0,0.0,0.0,0.055556
7,184,974,0,False,C,C,A,nan,1.0,1.0,1.0,1.0,1.0,1.0,0.8,1.0
7,184,974,1,False,T,C,A,nan,0.0,0.0,0.0,0.0,0.0,0.0,0.2,0.0
8,247,1037,0,False,C,C,C,nan,1.0,1.0,1.0,1.0,1.0,1.0,0.9,1.0
8,247,1037,1,False,T,C,C,nan,0.0,0.0,0.0,0.0,0.0,0.0,0.1,0.0
9,304,1094,0,False,A,A,A,nan,1.0,1.0,1.0,1.0,1.0,1.0,1.0,0.77778
9,304,1094,1,False,G,A,A,nan,0.0,0.0,0.0,0.0,0.0,0.0,0.0,0.22222
10,332,1122,0,False,C,T,T,nan,0.0,0.0,0.0,0.0,0.0,0.0,0.0,0.055556
10,332,1122,0,False,T,T,T,nan,1.0,1.0,1.0,1.0,1.0,1.0,1.0,0.94444
11,346,1136,0,False,A,A,A,nan,1.0,1.0,1.0,1.0,1.0,1.0,1.0,0.94444
11,346,1136,1,False,C,A,A,nan,0.0,0.0,0.0,0.0,0.0,0.0,0.0,0.055556
12,351,1141,1,False,A,G,G,nan,0.0,0.0,0.0,0.0,0.0,0.0,0.0,0.11111
12,351,1141,0,False,G,G,G,nan,1.0,1.0,1.0,1.0,1.0,1.0,1.0,0.88889
13,407,1194,0,False,A,G,G,nan,0.0,0.0,0.0,0.4,0.2,0.375,0.1,0.0
13,407,1194,0,False,G,G,G,nan,1.0,1.0,1.0,0.6,0.8,0.625,0.9,1.0
14,433,1220,0,False,A,A,A,nan,1.0,1.0,1.0,1.0,1.0,1.0,1.0,0.94444
14,433,1220,1,False,G,A,A,nan,0.0,0.0,0.0,0.0,0.0,0.0,0.0,0.055556
15,434,1221,0,False,C,C,C,nan,1.0,1.0,0.9,1.0,1.0,1.0,1.0,1.0
15,434,1221,0,False,T,C,C,nan,0.0,0.0,0.1,0.0,0.0,0.0,0.0,0.0
16,482,1269,0,False,A,G,G,nan,0.0,0.0,0.0,0.0,0.066667,0.0,0.0,0.0
16,482,1269,0,False,G,G,G,nan,1.0,1.0,1.0,1.0,0.93333,1.0,1.0,1.0
17,485,1272,0,False,A,G,G,nan,0.0,0.090909,0.0,0.0,0.0,0.0,0.0,0.0
17,485,1272,0,False,G,G,G,nan,1.0,0.90909,1.0,1.0,1.0,1.0,1.0,1.0
18,599,1386,0,False,A,G,A,nan,0.0,0.0,0.0,0.0,0.0,0.0,0.0,0.055556
18,599,1386,0,False,G,G,A,nan,1.0,1.0,1.0,1.0,1.0,1.0,1.0,0.94444
19,603,1390,0,False,C,T,T,nan,0.0,0.0,0.0,0.0,0.066667,0.0,0.0,0.0
19,603,1390,0,False,T,T,T,nan,1.0,1.0,1.0,1.0,0.93333,1.0,1.0,1.0
20,672,1459,0,False,G,G,G,nan,1.0,1.0,1.0,1.0,1.0,1.0,0.9,1.0
20,672,1459,1,False,T,G,G,nan,0.0,0.0,0.0,0.0,0.0,0.0,0.1,0.0
21,674,1461,0,False,A,A,A,nan,1.0,1.0,1.0,1.0,1.0,1.0,0.9,1.0
21,674,1461,0,False,G,A,A,nan,0.0,0.0,0.0,0.0,0.0,0.0,0.1,0.0
22,727,1514,0,False,A,A,C,nan,1.0,1.0,1.0,1.0,0.93333,1.0,1.0,0.0
22,727,1514,1,False,C,A,C,nan,0.0,0.0,0.0,0.0,0.0,0.0,0.0,0.55556
22,727,1514,1,False,G,A,C,nan,0.0,0.0,0.0,0.0,0.066667,0.0,0.0,0.44444
23,836,1623,0,False,C,C,C,nan,1.0,1.0,1.0,1.0,1.0,1.0,0.9,1.0
23,836,1623,0,False,T,C,C,nan,0.0,0.0,0.0,0.0,0.0,0.0,0.1,0.0
24,852,1639,1,False,A,G,G,nan,0.0,0.0,0.0,0.0,0.0,0.125,0.0,0.0
24,852,1639,0,False,G,G,G,nan,1.0,1.0,1.0,1.0,1.0,0.875,1.0,1.0
25,901,1688,1,False,C,T,T,nan,0.0,0.0,0.0,0.0,0.0,0.0,0.1,0.0
25,901,1688,0,False,T,T,T,nan,1.0,1.0,1.0,1.0,1.0,1.0,0.9,1.0
26,923,1710,0,False,A,A,A,nan,1.0,1.0,1.0,1.0,1.0,1.0,1.0,0.94444
26,923,1710,0,False,G,A,A,nan,0.0,0.0,0.0,0.0,0.0,0.0,0.0,0.055556
27,963,1750,0,False,C,T,T,NWMTDTLLI,0.0,0.0,0.0,0.0,0.0,0.0,0.0,0.11111
27,963,1750,0,False,T,T,T,NWMTDTLLI,1.0,1.0,1.0,1.0,1.0,1.0,1.0,0.88889
28,965,1752,0,False,A,G,G,NWMTDTLLI,0.0,0.0,0.0,0.0,0.0,0.0,0.0,0.055556
28,965,1752,0,False,G,G,G,NWMTDTLLI,1.0,1.0,1.0,1.0,1.0,1.0,1.0,0.94444
29,1037,1824,0,False,A,A,A,nan,1.0,1.0,1.0,1.0,1.0,1.0,1.0,0.94444
29,1037,1824,0,False,G,A,A,nan,0.0,0.0,0.0,0.0,0.0,0.0,0.0,0.055556
30,1110,1897,1,False,A,G,G,nan,0.0,0.0,0.0,0.0,0.0,0.0,0.2,0.0
30,1110,1897,0,False,G,G,G,nan,1.0,1.0,1.0,1.0,1.0,1.0,0.8,1.0
31,1114,1901,0,False,A,A,A,nan,1.0,1.0,1.0,1.0,1.0,0.875,1.0,0.66667
31,1114,1901,1,False,C,A,A,nan,0.0,0.0,0.0,0.0,0.0,0.0,0.0,0.33333
31,1114,1901,1,False,G,A,A,nan,0.0,0.0,0.0,0.0,0.0,0.125,0.0,0.0
32,1119,1906,0,False,A,A,-,nan,1.0,1.0,1.0,1.0,1.0,1.0,1.0,0.83333
32,1119,1906,1,False,C,A,-,nan,0.0,0.0,0.0,0.0,0.0,0.0,0.0,0.16667
33,1120,1907,0,False,A,A,-,nan,1.0,1.0,1.0,1.0,1.0,1.0,1.0,0.94444
33,1120,1907,1,False,C,A,-,nan,0.0,0.0,0.0,0.0,0.0,0.0,0.0,0.055556
34,1128,1915,0,False,A,A,A,nan,1.0,1.0,1.0,1.0,1.0,1.0,0.2,0.88889
34,1128,1915,1,False,G,A,A,nan,0.0,0.0,0.0,0.0,0.0,0.0,0.8,0.11111
35,1134,1921,0,False,A,A,A,nan,1.0,1.0,1.0,1.0,1.0,0.875,1.0,0.72222
35,1134,1921,1,False,G,A,A,nan,0.0,0.0,0.0,0.0,0.0,0.125,0.0,0.27778
36,1136,1923,1,False,A,G,G,nan,0.0,0.0,0.0,0.0,0.0,0.0,0.0,0.055556
36,1136,1923,0,False,G,G,G,nan,1.0,1.0,1.0,1.0,1.0,1.0,1.0,0.94444
37,1167,1954,0,False,A,A,A,nan,1.0,1.0,1.0,1.0,1.0,1.0,1.0,0.94444
37,1167,1954,1,False,G,A,A,nan,0.0,0.0,0.0,0.0,0.0,0.0,0.0,0.055556
38,1185,1972,1,False,G,T,T,nan,0.0,0.0,0.0,0.0,0.0,0.125,0.0,0.0
38,1185,1972,0,False,T,T,T,nan,1.0,1.0,1.0,1.0,1.0,0.875,1.0,1.0
39,1193,1980,0,False,A,G,G,nan,0.0,0.0,0.0,0.0,0.0,0.0,0.0,0.055556
39,1193,1980,0,False,G,G,G,nan,1.0,1.0,1.0,1.0,1.0,1.0,1.0,0.94444
40,1203,1990,0,False,A,A,A,nan,1.0,1.0,1.0,1.0,1.0,1.0,0.9,1.0
40,1203,1990,1,False,G,A,A,nan,0.0,0.0,0.0,0.0,0.0,0.0,0.1,0.0
41,1259,2046,0,False,A,A,A,nan,1.0,1.0,1.0,1.0,1.0,1.0,0.9,1.0
41,1259,2046,0,False,G,A,A,nan,0.0,0.0,0.0,0.0,0.0,0.0,0.1,0.0
42,1271,2058,1,False,A,G,G,nan,0.0,0.090909,0.0,0.0,0.0,0.0,0.0,0.0
42,1271,2058,0,False,G,G,G,nan,1.0,0.90909,1.0,1.0,1.0,1.0,1.0,1.0
43,1275,2062,1,False,A,G,G,nan,0.0,0.0,0.0,0.0,0.0,0.0,0.1,0.0
43,1275,2062,0,False,G,G,G,nan,1.0,1.0,1.0,1.0,1.0,1.0,0.9,1.0
44,1362,2149,1,False,A,G,G,nan,0.0,0.0,0.0,0.0,0.0,0.0,0.1,0.0
44,1362,2149,0,False,G,G,G,nan,1.0,1.0,1.0,1.0,1.0,1.0,0.9,1.0
45,1368,2155,0,False,A,A,A,nan,1.0,1.0,1.0,1.0,1.0,1.0,1.0,0.72222
45,1368,2155,1,False,T,A,A,nan,0.0,0.0,0.0,0.0,0.0,0.0,0.0,0.27778
46,1378,2165,0,False,C,C,C,nan,1.0,1.0,0.9,1.0,1.0,1.0,1.0,1.0
46,1378,2165,1,False,T,C,C,nan,0.0,0.0,0.1,0.0,0.0,0.0,0.0,0.0
47,1432,2219,0,False,A,A,A,nan,1.0,1.0,1.0,1.0,1.0,1.0,1.0,0.94444
47,1432,2219,1,False,T,A,A,nan,0.0,0.0,0.0,0.0,0.0,0.0,0.0,0.055556
48,1502,2289,0,False,A,A,A,nan,1.0,0.90909,1.0,1.0,1.0,1.0,1.0,1.0
48,1502,2289,1,False,G,A,A,nan,0.0,0.090909,0.0,0.0,0.0,0.0,0.0,0.0
49,1534,2321,0,False,C,C,C,nan,1.0,1.0,1.0,1.0,1.0,1.0,0.9,1.0
49,1534,2321,0,False,T,C,C,nan,0.0,0.0,0.0,0.0,0.0,0.0,0.1,0.0
50,1540,2327,0,False,C,C,C,nan,1.0,1.0,1.0,1.0,1.0,0.875,1.0,1.0
50,1540,2327,0,False,T,C,C,nan,0.0,0.0,0.0,0.0,0.0,0.125,0.0,0.0
51,1635,2422,1,False,A,G,G,nan,0.0,0.0,0.0,0.0,0.0,0.125,0.0,0.0
51,1635,2422,0,False,G,G,G,nan,1.0,1.0,1.0,1.0,1.0,0.875,1.0,1.0
52,1648,2435,0,False,A,A,A,nan,1.0,1.0,0.7,0.8,1.0,1.0,0.9,1.0
52,1648,2435,0,False,G,A,A,nan,0.0,0.0,0.3,0.2,0.0,0.0,0.1,0.0
53,1669,2456,0,False,A,G,A,nan,0.0,0.0,0.0,0.0,0.0,0.0,0.1,0.0
53,1669,2456,0,False,G,G,A,nan,1.0,1.0,1.0,1.0,1.0,1.0,0.9,1.0
54,1678,2465,0,False,G,T,T,nan,0.0,0.0,0.0,0.0,0.0,0.0,0.0,0.055556
54,1678,2465,0,False,T,T,T,nan,1.0,1.0,1.0,1.0,1.0,1.0,1.0,0.94444
55,1680,2467,1,False,C,T,T,nan,0.0,0.0,0.0,0.0,0.066667,0.0,0.0,0.0
55,1680,2467,0,False,T,T,T,nan,1.0,1.0,1.0,1.0,0.93333,1.0,1.0,1.0
56,1684,2471,0,False,C,T,T,nan,0.0,0.0,0.0,0.0,0.0,0.0,0.1,0.0
56,1684,2471,0,False,T,T,T,nan,1.0,1.0,1.0,1.0,1.0,1.0,0.9,1.0
57,1690,2477,0,False,A,G,A,nan,0.0,0.0,0.0,0.0,0.066667,0.0,0.0,0.0
57,1690,2477,0,False,G,G,A,nan,1.0,1.0,1.0,1.0,0.93333,1.0,1.0,1.0
58,1691,2478,1,False,-,T,T,nan,0.0,0.0,0.0,0.0,0.066667,0.0,0.0,0.0
58,1691,2478,0,False,C,T,T,nan,0.0,0.0,0.0,0.0,0.0,0.125,0.0,0.0
58,1691,2478,0,False,T,T,T,nan,1.0,1.0,1.0,1.0,0.93333,0.875,1.0,1.0
59,1692,2479,1,False,-,T,T,nan,0.0,0.0,0.0,0.0,0.066667,0.0,0.0,0.0
59,1692,2479,0,False,T,T,T,nan,1.0,1.0,1.0,1.0,0.93333,1.0,1.0,1.0
60,1693,2480,1,False,-,A,A,nan,0.0,0.0,0.0,0.0,0.066667,0.0,0.0,0.0
60,1693,2480,0,False,A,A,A,nan,1.0,1.0,1.0,1.0,0.93333,1.0,1.0,1.0
61,1694,2481,1,False,-,G,G,nan,0.0,0.0,0.0,0.0,0.066667,0.0,0.0,0.0
61,1694,2481,0,False,G,G,G,nan,1.0,1.0,1.0,1.0,0.93333,1.0,1.0,1.0
62,1695,2482,1,False,-,T,T,nan,0.0,0.0,0.0,0.0,0.066667,0.0,0.0,0.0
62,1695,2482,0,False,T,T,T,nan,1.0,1.0,1.0,1.0,0.93333,1.0,1.0,1.0
63,1696,2483,1,False,-,A,A,nan,0.0,0.0,0.0,0.0,0.066667,0.0,0.0,0.0
63,1696,2483,0,False,A,A,A,nan,1.0,1.0,1.0,1.0,0.93333,1.0,1.0,1.0
64,1705,2492,0,False,A,G,A,nan,0.0,0.0,0.0,0.0,0.0,0.0,0.0,0.11111
64,1705,2492,0,False,G,G,A,nan,1.0,1.0,1.0,1.0,1.0,1.0,1.0,0.88889
65,1778,2565,1,False,A,G,G,nan,0.0,0.0,0.0,0.0,0.0,0.0,0.0,0.055556
65,1778,2565,0,False,G,G,G,nan,1.0,1.0,1.0,1.0,1.0,1.0,1.0,0.94444
66,1786,2573,0,False,A,A,A,nan,1.0,0.90909,1.0,1.0,1.0,1.0,1.0,1.0
66,1786,2573,0,False,G,A,A,nan,0.0,0.090909,0.0,0.0,0.0,0.0,0.0,0.0
67,1789,2576,0,False,A,A,A,nan,1.0,1.0,1.0,1.0,1.0,1.0,1.0,0.88889
67,1789,2576,0,False,G,A,A,nan,0.0,0.0,0.0,0.0,0.0,0.0,0.0,0.11111
68,1801,2588,0,False,A,G,G,nan,0.0,0.0,0.0,0.0,0.0,0.0,0.0,0.055556
68,1801,2588,0,False,G,G,G,nan,1.0,1.0,1.0,1.0,1.0,1.0,1.0,0.94444
69,1822,2609,0,False,A,G,G,nan,0.0,0.0,0.0,0.0,0.0,0.0,0.0,0.11111
69,1822,2609,0,False,G,G,G,nan,1.0,1.0,1.0,1.0,1.0,1.0,1.0,0.88889
70,1849,2636,0,False,A,G,G,nan,0.0,0.090909,0.0,0.0,0.0,0.0,0.0,0.0
70,1849,2636,0,False,G,G,G,nan,1.0,0.90909,1.0,1.0,1.0,1.0,1.0,1.0
71,1859,2646,1,False,A,G,G,nan,0.0,0.0,0.0,0.0,0.066667,0.0,0.0,0.0
71,1859,2646,0,False,G,G,G,nan,1.0,1.0,1.0,1.0,0.93333,1.0,1.0,1.0
72,1877,2664,1,False,A,G,G,nan,0.0,0.090909,0.0,0.0,0.0,0.0,0.0,0.0
72,1877,2664,0,False,G,G,G,nan,1.0,0.90909,1.0,1.0,1.0,1.0,1.0,1.0
73,1909,2696,0,False,A,A,A,nan,1.0,1.0,1.0,1.0,1.0,1.0,0.9,1.0
73,1909,2696,0,False,G,A,A,nan,0.0,0.0,0.0,0.0,0.0,0.0,0.1,0.0
74,1916,2703,0,False,C,C,C,nan,1.0,1.0,1.0,1.0,1.0,1.0,1.0,0.94444
74,1916,2703,1,False,T,C,C,nan,0.0,0.0,0.0,0.0,0.0,0.0,0.0,0.055556
75,1948,2735,0,False,C,C,C,nan,1.0,1.0,1.0,1.0,1.0,1.0,0.9,1.0
75,1948,2735,0,False,T,C,C,nan,0.0,0.0,0.0,0.0,0.0,0.0,0.1,0.0
76,1978,2765,0,False,A,A,A,nan,1.0,1.0,1.0,1.0,1.0,1.0,1.0,0.94444
76,1978,2765,0,False,G,A,A,nan,0.0,0.0,0.0,0.0,0.0,0.0,0.0,0.055556
77,1988,2775,0,False,G,G,G,nan,1.0,1.0,1.0,1.0,1.0,1.0,0.9,1.0
77,1988,2775,1,False,T,G,G,nan,0.0,0.0,0.0,0.0,0.0,0.0,0.1,0.0
78,2086,2873,0,False,G,G,A,nan,0.9375,1.0,1.0,1.0,1.0,1.0,1.0,1.0
78,2086,2873,0,False,T,G,A,nan,0.0625,0.0,0.0,0.0,0.0,0.0,0.0,0.0
79,2095,2882,0,False,C,G,G,nan,0.0,0.0,0.0,0.0,0.0,0.0,0.0,0.22222
79,2095,2882,0,False,G,G,G,nan,1.0,1.0,1.0,1.0,1.0,1.0,1.0,0.77778
80,2116,2903,0,False,C,T,T,nan,0.0,0.0,0.0,0.0,0.0,0.0,0.0,0.055556
80,2116,2903,0,False,T,T,T,nan,1.0,1.0,1.0,1.0,1.0,1.0,1.0,0.94444
81,2134,2921,0,False,C,T,C,nan,0.0,0.0,0.0,0.0,0.0,0.0,0.0,0.055556
81,2134,2921,0,False,T,T,C,nan,1.0,1.0,1.0,1.0,1.0,1.0,1.0,0.94444
82,2155,2942,0,False,C,C,C,nan,1.0,1.0,1.0,1.0,0.93333,1.0,1.0,1.0
82,2155,2942,0,False,T,C,C,nan,0.0,0.0,0.0,0.0,0.066667,0.0,0.0,0.0
83,2179,2966,0,False,A,A,A,nan,1.0,1.0,1.0,1.0,1.0,1.0,1.0,0.83333
83,2179,2966,0,False,G,A,A,nan,0.0,0.0,0.0,0.0,0.0,0.0,0.0,0.16667
84,2252,3039,0,False,A,A,A,nan,1.0,1.0,1.0,1.0,1.0,0.875,1.0,1.0
84,2252,3039,1,False,G,A,A,nan,0.0,0.0,0.0,0.0,0.0,0.125,0.0,0.0
85,2257,3044,0,False,A,A,A,nan,1.0,1.0,1.0,1.0,1.0,1.0,1.0,0.94444
85,2257,3044,0,False,G,A,A,nan,0.0,0.0,0.0,0.0,0.0,0.0,0.0,0.055556
86,2347,3134,0,False,A,A,A,nan,1.0,1.0,1.0,1.0,1.0,1.0,0.9,1.0
86,2347,3134,1,False,G,A,A,nan,0.0,0.0,0.0,0.0,0.0,0.0,0.1,0.0
87,2392,3179,0,False,A,G,A,nan,0.0,0.0,0.0,0.0,0.0,0.0,0.0,0.055556
87,2392,3179,0,False,G,G,A,nan,1.0,1.0,1.0,1.0,1.0,1.0,1.0,0.94444
88,2416,3203,1,False,G,T,C,nan,0.0,0.090909,0.0,0.0,0.0,0.0,0.0,0.0
88,2416,3203,0,False,T,T,C,nan,1.0,0.90909,1.0,1.0,1.0,1.0,1.0,1.0
89,2498,3285,0,False,C,C,C,nan,0.875,0.90909,1.0,1.0,1.0,1.0,1.0,1.0
89,2498,3285,0,False,T,C,C,nan,0.125,0.090909,0.0,0.0,0.0,0.0,0.0,0.0
90,2542,3329,0,False,A,A,A,nan,1.0,1.0,1.0,1.0,1.0,1.0,0.9,1.0
90,2542,3329,0,False,G,A,A,nan,0.0,0.0,0.0,0.0,0.0,0.0,0.1,0.0
91,2578,3365,0,False,A,A,A,nan,1.0,1.0,1.0,1.0,1.0,1.0,1.0,0.94444
91,2578,3365,0,False,G,A,A,nan,0.0,0.0,0.0,0.0,0.0,0.0,0.0,0.055556
92,2587,3374,0,False,A,A,A,nan,1.0,1.0,1.0,1.0,1.0,1.0,1.0,0.94444
92,2587,3374,0,False,G,A,A,nan,0.0,0.0,0.0,0.0,0.0,0.0,0.0,0.055556
93,2588,3375,1,False,A,G,G,nan,0.0,0.0,0.0,0.0,0.0,0.0,0.0,0.055556
93,2588,3375,0,False,G,G,G,nan,1.0,1.0,1.0,1.0,1.0,1.0,1.0,0.94444
94,2616,3403,1,False,A,G,G,nan,0.0,0.090909,0.0,0.0,0.0,0.0,0.0,0.0
94,2616,3403,0,False,G,G,G,nan,1.0,0.90909,1.0,1.0,1.0,1.0,1.0,1.0
95,2625,3412,0,False,C,C,C,nan,0.9375,1.0,1.0,1.0,1.0,1.0,1.0,1.0
95,2625,3412,1,False,T,C,C,nan,0.0625,0.0,0.0,0.0,0.0,0.0,0.0,0.0
96,2656,3443,0,False,A,A,A,nan,1.0,1.0,0.9,1.0,1.0,1.0,1.0,1.0
96,2656,3443,0,False,G,A,A,nan,0.0,0.0,0.1,0.0,0.0,0.0,0.0,0.0
97,2666,3453,1,False,A,G,G,nan,0.0,0.090909,0.0,0.0,0.0,0.0,0.0,0.0
97,2666,3453,0,False,G,G,G,nan,1.0,0.90909,1.0,1.0,1.0,1.0,1.0,1.0
98,2684,3471,1,False,A,G,G,nan,0.0,0.090909,0.0,0.0,0.0,0.0,0.0,0.0
98,2684,3471,0,False,G,G,G,nan,1.0,0.90909,1.0,1.0,1.0,1.0,1.0,1.0
99,2749,3536,0,False,A,A,A,nan,1.0,1.0,1.0,1.0,1.0,0.875,1.0,1.0
99,2749,3536,1,False,G,A,A,nan,0.0,0.0,0.0,0.0,0.0,0.125,0.0,0.0
100,2833,3620,1,False,A,G,G,nan,0.125,0.090909,0.0,0.0,0.0,0.0,0.0,0.0
100,2833,3620,0,False,G,G,G,nan,0.875,0.90909,1.0,1.0,1.0,1.0,1.0,1.0
101,2834,3621,0,False,A,A,A,nan,1.0,1.0,1.0,1.0,1.0,1.0,1.0,0.88889
101,2834,3621,0,False,C,A,A,nan,0.0,0.0,0.0,0.0,0.0,0.0,0.0,0.11111
102,2859,3646,0,False,A,A,A,nan,1.0,0.90909,1.0,1.0,1.0,1.0,1.0,1.0
102,2859,3646,1,False,G,A,A,nan,0.0,0.090909,0.0,0.0,0.0,0.0,0.0,0.0
103,2887,3674,0,False,A,A,A,nan,1.0,1.0,1.0,1.0,1.0,1.0,1.0,0.94444
103,2887,3674,1,False,G,A,A,nan,0.0,0.0,0.0,0.0,0.0,0.0,0.0,0.055556
104,2949,3736,0,False,A,A,A,nan,1.0,1.0,1.0,1.0,1.0,1.0,0.9,1.0
104,2949,3736,1,False,C,A,A,nan,0.0,0.0,0.0,0.0,0.0,0.0,0.1,0.0
105,2960,3747,1,False,-,A,A,nan,0.0,0.0,0.0,0.0,0.0,0.0,0.0,0.055556
105,2960,3747,0,False,A,A,A,nan,1.0,1.0,1.0,1.0,1.0,1.0,1.0,0.94444
106,2961,3748,1,False,-,C,C,nan,0.0,0.0,0.0,0.0,0.0,0.0,0.0,0.055556
106,2961,3748,0,False,C,C,C,nan,1.0,1.0,1.0,1.0,1.0,1.0,1.0,0.94444
107,2962,3749,1,False,-,A,A,nan,0.0,0.0,0.0,0.0,0.0,0.0,0.0,0.055556
107,2962,3749,0,False,A,A,A,nan,1.0,1.0,1.0,1.0,1.0,1.0,1.0,0.94444
108,2963,3750,1,False,-,T,T,nan,0.0,0.0,0.0,0.0,0.0,0.0,0.0,0.055556
108,2963,3750,0,False,T,T,T,nan,1.0,1.0,1.0,1.0,1.0,1.0,1.0,0.94444
109,2964,3751,1,False,-,G,G,nan,0.0,0.0,0.0,0.0,0.0,0.0,0.0,0.055556
109,2964,3751,0,False,G,G,G,nan,1.0,1.0,1.0,1.0,1.0,1.0,1.0,0.94444
110,2965,3752,1,False,-,G,G,nan,0.0,0.0,0.0,0.0,0.0,0.0,0.0,0.055556
110,2965,3752,0,False,G,G,G,nan,1.0,1.0,1.0,1.0,1.0,1.0,1.0,0.94444
111,2966,3753,1,False,-,T,T,nan,0.0,0.0,0.0,0.0,0.0,0.0,0.0,0.055556
111,2966,3753,0,False,T,T,T,nan,1.0,1.0,1.0,1.0,1.0,1.0,1.0,0.94444
112,2967,3754,1,False,-,G,G,nan,0.0,0.0,0.0,0.0,0.0,0.0,0.0,0.055556
112,2967,3754,0,False,G,G,G,nan,1.0,1.0,1.0,1.0,1.0,1.0,1.0,0.94444
113,2968,3755,1,False,-,G,G,nan,0.0,0.0,0.0,0.0,0.0,0.0,0.0,0.055556
113,2968,3755,0,False,G,G,G,nan,1.0,1.0,1.0,1.0,1.0,1.0,1.0,0.94444
114,2969,3756,1,False,-,A,A,nan,0.0,0.0,0.0,0.0,0.0,0.0,0.0,0.055556
114,2969,3756,0,False,A,A,A,nan,1.0,1.0,1.0,1.0,1.0,1.0,1.0,0.94444
115,2970,3757,1,False,-,C,C,nan,0.0,0.0,0.0,0.0,0.0,0.0,0.0,0.055556
115,2970,3757,0,False,C,C,C,nan,1.0,1.0,1.0,1.0,1.0,1.0,1.0,0.94444
116,2971,3758,1,False,-,A,A,nan,0.0,0.0,0.0,0.0,0.0,0.0,0.0,0.055556
116,2971,3758,0,False,A,A,A,nan,1.0,1.0,1.0,1.0,1.0,1.0,1.0,0.94444
117,2972,3759,1,False,-,G,G,nan,0.0,0.0,0.0,0.0,0.0,0.0,0.0,0.055556
117,2972,3759,0,False,G,G,G,nan,1.0,1.0,1.0,1.0,1.0,1.0,1.0,0.94444
118,2973,3760,1,False,-,A,A,nan,0.0,0.0,0.0,0.0,0.0,0.0,0.0,0.055556
118,2973,3760,0,False,A,A,A,nan,1.0,1.0,1.0,1.0,1.0,1.0,1.0,0.94444
119,2974,3761,1,False,-,C,C,nan,0.0,0.0,0.0,0.0,0.0,0.0,0.0,0.055556
119,2974,3761,0,False,C,C,C,nan,1.0,1.0,1.0,1.0,1.0,1.0,1.0,0.94444
120,2975,3762,1,False,-,T,T,nan,0.0,0.0,0.0,0.0,0.0,0.0,0.0,0.055556
120,2975,3762,0,False,T,T,T,nan,1.0,1.0,1.0,1.0,1.0,1.0,1.0,0.94444
121,2976,3763,1,False,-,A,A,nan,0.0,0.0,0.0,0.0,0.0,0.0,0.0,0.055556
121,2976,3763,0,False,A,A,A,nan,1.0,1.0,1.0,1.0,1.0,1.0,1.0,0.94444
122,2977,3764,1,False,-,T,T,nan,0.0,0.0,0.0,0.0,0.0,0.0,0.0,0.055556
122,2977,3764,0,False,T,T,T,nan,1.0,1.0,1.0,1.0,1.0,1.0,1.0,0.94444
123,2978,3765,1,False,-,T,T,nan,0.0,0.0,0.0,0.0,0.0,0.0,0.0,0.055556
123,2978,3765,0,False,T,T,T,nan,1.0,1.0,1.0,1.0,1.0,1.0,1.0,0.94444
124,2979,3766,1,False,-,G,G,nan,0.0,0.0,0.0,0.0,0.0,0.0,0.0,0.055556
124,2979,3766,0,False,G,G,G,nan,1.0,1.0,1.0,1.0,1.0,1.0,1.0,0.94444
125,2980,3767,1,False,-,G,G,nan,0.0,0.0,0.0,0.0,0.0,0.0,0.0,0.055556
125,2980,3767,0,False,G,G,G,nan,1.0,1.0,1.0,1.0,1.0,1.0,1.0,0.94444
126,2981,3768,1,False,-,C,C,nan,0.0,0.0,0.0,0.0,0.0,0.0,0.0,0.055556
126,2981,3768,0,False,C,C,C,nan,1.0,1.0,1.0,1.0,1.0,1.0,1.0,0.94444
127,2982,3769,1,False,-,A,A,nan,0.0,0.0,0.0,0.0,0.0,0.0,0.0,0.055556
127,2982,3769,0,False,A,A,A,nan,1.0,1.0,1.0,1.0,1.0,1.0,1.0,0.94444
128,2983,3770,1,False,-,A,A,nan,0.0,0.0,0.0,0.0,0.0,0.0,0.0,0.055556
128,2983,3770,0,False,A,A,A,nan,1.0,1.0,1.0,1.0,1.0,1.0,1.0,0.77778
128,2983,3770,0,False,G,A,A,nan,0.0,0.0,0.0,0.0,0.0,0.0,0.0,0.16667
129,2984,3771,1,False,-,G,G,nan,0.0,0.0,0.0,0.0,0.0,0.0,0.0,0.055556
129,2984,3771,0,False,G,G,G,nan,1.0,1.0,1.0,1.0,1.0,1.0,1.0,0.94444
130,2985,3772,1,False,-,C,C,nan,0.0,0.0,0.0,0.0,0.0,0.0,0.0,0.055556
130,2985,3772,0,False,C,C,C,nan,1.0,1.0,1.0,1.0,1.0,1.0,1.0,0.94444
131,2986,3773,1,False,-,C,C,nan,0.0,0.0,0.0,0.0,0.0,0.0,0.0,0.055556
131,2986,3773,0,False,C,C,C,nan,1.0,1.0,1.0,1.0,1.0,1.0,1.0,0.94444
132,2987,3774,1,False,-,A,A,nan,0.0,0.0,0.0,0.0,0.0,0.0,0.0,0.055556
132,2987,3774,0,False,A,A,A,nan,1.0,1.0,1.0,1.0,1.0,1.0,1.0,0.94444
133,2988,3775,1,False,-,C,C,nan,0.0,0.0,0.0,0.0,0.0,0.0,0.0,0.055556
133,2988,3775,0,False,C,C,C,nan,1.0,1.0,1.0,1.0,1.0,1.0,1.0,0.94444
134,2989,3776,1,False,-,C,C,nan,0.0,0.0,0.0,0.0,0.0,0.0,0.0,0.055556
134,2989,3776,0,False,C,C,C,nan,1.0,1.0,1.0,1.0,1.0,1.0,1.0,0.94444
135,2990,3777,1,False,-,T,T,nan,0.0,0.0,0.0,0.0,0.0,0.0,0.0,0.055556
135,2990,3777,0,False,T,T,T,nan,1.0,1.0,1.0,1.0,1.0,1.0,1.0,0.94444
136,2991,3778,1,False,-,G,G,nan,0.0,0.0,0.0,0.0,0.0,0.0,0.0,0.055556
136,2991,3778,0,False,G,G,G,nan,1.0,1.0,1.0,1.0,1.0,1.0,1.0,0.94444
137,2992,3779,1,False,-,G,G,nan,0.0,0.0,0.0,0.0,0.0,0.0,0.0,0.055556
137,2992,3779,1,False,A,G,G,nan,0.0,0.090909,0.0,0.0,0.0,0.0,0.0,0.0
137,2992,3779,0,False,G,G,G,nan,1.0,0.90909,1.0,1.0,1.0,1.0,1.0,0.94444
138,2993,3780,1,False,-,A,A,nan,0.0,0.0,0.0,0.0,0.0,0.0,0.0,0.055556
138,2993,3780,0,False,A,A,A,nan,1.0,1.0,1.0,1.0,1.0,1.0,1.0,0.94444
139,2994,3781,1,False,-,T,T,nan,0.0,0.0,0.0,0.0,0.0,0.0,0.0,0.055556
139,2994,3781,0,False,T,T,T,nan,1.0,1.0,1.0,1.0,1.0,1.0,1.0,0.94444
140,2995,3782,1,False,-,T,T,nan,0.0,0.0,0.0,0.0,0.0,0.0,0.0,0.055556
140,2995,3782,0,False,T,T,T,nan,1.0,1.0,1.0,1.0,1.0,1.0,1.0,0.94444
141,2996,3783,1,False,-,C,C,nan,0.0,0.0,0.0,0.0,0.0,0.0,0.0,0.055556
141,2996,3783,0,False,C,C,C,nan,1.0,1.0,1.0,1.0,1.0,1.0,1.0,0.94444
142,2997,3784,1,False,-,C,C,nan,0.0,0.0,0.0,0.0,0.0,0.0,0.0,0.055556
142,2997,3784,0,False,C,C,C,nan,1.0,1.0,1.0,1.0,1.0,1.0,1.0,0.94444
143,2998,3785,1,False,-,T,T,nan,0.0,0.0,0.0,0.0,0.0,0.0,0.0,0.055556
143,2998,3785,0,False,T,T,T,nan,1.0,1.0,1.0,1.0,1.0,1.0,1.0,0.94444
144,2999,3786,1,False,-,G,G,nan,0.0,0.0,0.0,0.0,0.0,0.0,0.0,0.055556
144,2999,3786,0,False,G,G,G,nan,1.0,1.0,1.0,1.0,1.0,1.0,1.0,0.94444
145,3000,3787,1,False,-,A,A,nan,0.0,0.0,0.0,0.0,0.0,0.0,0.0,0.055556
145,3000,3787,0,False,A,A,A,nan,1.0,1.0,1.0,1.0,1.0,1.0,1.0,0.94444
146,3001,3788,1,False,-,A,G,nan,0.0,0.0,0.0,0.0,0.0,0.0,0.0,0.055556
146,3001,3788,0,False,A,A,G,nan,1.0,1.0,1.0,1.0,1.0,1.0,1.0,0.94444
147,3002,3789,1,False,-,T,T,nan,0.0,0.0,0.0,0.0,0.0,0.0,0.0,0.055556
147,3002,3789,0,False,T,T,T,nan,1.0,1.0,1.0,1.0,1.0,1.0,1.0,0.94444
148,3003,3790,1,False,-,G,G,nan,0.0,0.0,0.0,0.0,0.0,0.0,0.0,0.055556
148,3003,3790,0,False,G,G,G,nan,1.0,1.0,1.0,1.0,1.0,1.0,1.0,0.94444
149,3004,3791,1,False,-,G,G,nan,0.0,0.0,0.0,0.0,0.0,0.0,0.0,0.055556
149,3004,3791,0,False,G,G,G,nan,1.0,1.0,1.0,1.0,1.0,1.0,1.0,0.94444
150,3005,3792,1,False,-,G,G,nan,0.0,0.0,0.0,0.0,0.0,0.0,0.0,0.055556
150,3005,3792,1,False,A,G,G,nan,0.0,0.090909,0.0,0.0,0.0,0.0,0.0,0.0
150,3005,3792,0,False,G,G,G,nan,1.0,0.90909,1.0,1.0,1.0,1.0,1.0,0.94444
151,3006,3793,1,False,-,A,A,nan,0.0,0.0,0.0,0.0,0.0,0.0,0.0,0.055556
151,3006,3793,0,False,A,A,A,nan,1.0,1.0,1.0,1.0,1.0,1.0,1.0,0.94444
152,3007,3794,1,False,-,A,G,nan,0.0,0.0,0.0,0.0,0.0,0.0,0.0,0.055556
152,3007,3794,0,False,A,A,G,nan,1.0,1.0,1.0,1.0,1.0,1.0,1.0,0.72222
152,3007,3794,0,False,G,A,G,nan,0.0,0.0,0.0,0.0,0.0,0.0,0.0,0.22222
153,3031,3818,0,False,A,A,A,nan,1.0,1.0,1.0,1.0,1.0,1.0,1.0,0.94444
153,3031,3818,0,False,G,A,A,nan,0.0,0.0,0.0,0.0,0.0,0.0,0.0,0.055556
154,3107,3894,1,False,A,G,G,nan,0.125,0.18182,0.0,0.0,0.0,0.0,0.0,0.0
154,3107,3894,0,False,G,G,G,nan,0.875,0.81818,1.0,1.0,1.0,1.0,1.0,1.0
155,3117,3904,1,False,A,T,T,nan,0.0,0.090909,0.0,0.0,0.0,0.0,0.0,0.0
155,3117,3904,0,False,T,T,T,nan,1.0,0.90909,1.0,1.0,1.0,1.0,1.0,1.0
156,3121,3908,0,False,G,G,A,nan,1.0,1.0,1.0,1.0,1.0,1.0,1.0,0.94444
156,3121,3908,0,False,T,G,A,nan,0.0,0.0,0.0,0.0,0.0,0.0,0.0,0.055556
157,3124,3911,0,False,A,A,A,nan,1.0,1.0,1.0,1.0,1.0,1.0,1.0,0.94444
157,3124,3911,0,False,G,A,A,nan,0.0,0.0,0.0,0.0,0.0,0.0,0.0,0.055556
158,3140,3927,1,False,A,G,G,nan,0.0,0.090909,0.0,0.0,0.0,0.0,0.0,0.0
158,3140,3927,0,False,G,G,G,nan,1.0,0.90909,1.0,1.0,1.0,1.0,1.0,1.0
159,3142,3929,0,False,C,T,C,nan,0.0,0.090909,0.0,0.0,0.0,0.0,0.0,0.0
159,3142,3929,0,False,T,T,C,nan,1.0,0.90909,1.0,1.0,1.0,1.0,1.0,1.0
160,3160,3947,0,False,C,C,T,nan,0.875,0.72727,0.8,1.0,1.0,0.75,1.0,0.88889
160,3160,3947,0,False,T,C,T,nan,0.125,0.27273,0.2,0.0,0.0,0.25,0.0,0.11111
161,3171,3958,1,False,A,C,C,nan,0.0,0.0,0.0,0.0,0.0,0.0,0.0,0.055556
161,3171,3958,0,False,C,C,C,nan,1.0,1.0,1.0,1.0,1.0,1.0,1.0,0.94444
162,3174,3961,0,False,A,A,A,nan,1.0,1.0,1.0,1.0,1.0,1.0,0.9,1.0
162,3174,3961,1,False,G,A,A,nan,0.0,0.0,0.0,0.0,0.0,0.0,0.1,0.0
163,3256,4043,0,False,C,C,C,nan,1.0,1.0,1.0,1.0,1.0,1.0,1.0,0.94444
163,3256,4043,0,False,T,C,C,nan,0.0,0.0,0.0,0.0,0.0,0.0,0.0,0.055556
164,3262,4049,0,False,A,G,G,nan,0.0,0.0,0.0,0.0,0.0,0.0,0.0,0.11111
164,3262,4049,0,False,G,G,G,nan,1.0,1.0,1.0,1.0,1.0,1.0,1.0,0.88889
165,3277,4064,0,False,C,C,C,nan,1.0,1.0,1.0,1.0,1.0,1.0,0.9,1.0
165,3277,4064,0,False,T,C,C,nan,0.0,0.0,0.0,0.0,0.0,0.0,0.1,0.0
166,3292,4079,0,False,A,A,A,nan,1.0,1.0,1.0,1.0,1.0,1.0,1.0,0.94444
166,3292,4079,0,False,C,A,A,nan,0.0,0.0,0.0,0.0,0.0,0.0,0.0,0.055556
167,3298,4085,0,False,A,G,G,nan,0.0,0.0,0.0,0.0,0.0,0.0,0.0,0.055556
167,3298,4085,0,False,G,G,G,nan,1.0,1.0,1.0,1.0,1.0,1.0,1.0,0.94444
168,3302,4089,1,False,A,G,G,nan,0.0,0.090909,0.0,0.0,0.0,0.0,0.0,0.0
168,3302,4089,0,False,G,G,G,nan,1.0,0.90909,1.0,1.0,1.0,1.0,1.0,1.0
169,3393,4180,1,False,A,G,G,nan,0.0625,0.090909,0.0,0.0,0.0,0.0,0.0,0.0
169,3393,4180,0,False,G,G,G,nan,0.9375,0.90909,1.0,1.0,1.0,1.0,1.0,1.0
170,3403,4190,0,False,A,A,A,nan,1.0,1.0,1.0,1.0,1.0,0.875,1.0,1.0
170,3403,4190,0,False,G,A,A,nan,0.0,0.0,0.0,0.0,0.0,0.125,0.0,0.0
171,3407,4194,1,False,A,G,G,nan,0.0,0.090909,0.0,0.0,0.0,0.0,0.0,0.0
171,3407,4194,0,False,G,G,G,nan,1.0,0.90909,1.0,1.0,1.0,1.0,1.0,1.0
172,3437,4224,1,False,A,G,G,nan,0.0,0.0,0.0,0.2,0.0,0.0,0.0,0.0
172,3437,4224,0,False,G,G,G,nan,1.0,1.0,1.0,0.8,1.0,1.0,1.0,1.0
173,3440,4227,0,False,C,C,C,nan,1.0,1.0,1.0,0.8,1.0,1.0,1.0,1.0
173,3440,4227,0,False,T,C,C,nan,0.0,0.0,0.0,0.2,0.0,0.0,0.0,0.0
174,3490,4277,0,False,C,C,C,nan,1.0,1.0,1.0,1.0,1.0,1.0,1.0,0.77778
174,3490,4277,0,False,T,C,C,nan,0.0,0.0,0.0,0.0,0.0,0.0,0.0,0.22222
175,3501,4288,1,False,A,G,G,nan,0.0625,0.0,0.0,0.0,0.0,0.0,0.0,0.0
175,3501,4288,0,False,G,G,G,nan,0.9375,1.0,1.0,1.0,1.0,1.0,1.0,1.0
176,3545,4332,1,False,A,G,G,nan,0.0,0.090909,0.0,0.0,0.0,0.0,0.0,0.0
176,3545,4332,0,False,G,G,G,nan,1.0,0.90909,1.0,1.0,1.0,1.0,1.0,1.0
177,3563,4350,1,False,A,G,G,nan,0.0,0.090909,0.0,0.0,0.0,0.0,0.0,0.0
177,3563,4350,0,False,G,G,G,nan,1.0,0.90909,1.0,1.0,1.0,1.0,1.0,1.0
178,3584,4371,1,False,A,G,G,nan,0.0,0.18182,0.0,0.0,0.0,0.0,0.0,0.0
178,3584,4371,0,False,G,G,G,nan,1.0,0.81818,1.0,1.0,1.0,1.0,1.0,1.0
179,3622,4409,0,False,A,C,A,nan,0.0,0.0,0.0,0.0,0.0,0.0,0.8,0.27778
179,3622,4409,0,False,C,C,A,nan,1.0,1.0,1.0,1.0,1.0,1.0,0.2,0.72222
180,3639,4426,0,False,C,C,C,nan,1.0,1.0,1.0,1.0,1.0,1.0,1.0,0.94444
180,3639,4426,1,False,T,C,C,nan,0.0,0.0,0.0,0.0,0.0,0.0,0.0,0.055556
181,3657,4444,1,False,C,T,T,nan,0.0,0.0,0.0,0.0,0.0,0.0,0.0,0.055556
181,3657,4444,0,False,T,T,T,nan,1.0,1.0,1.0,1.0,1.0,1.0,1.0,0.94444
182,3724,4511,1,False,-,A,A,nan,0.0,0.090909,0.0,0.0,0.0,0.0,0.0,0.0
182,3724,4511,0,False,A,A,A,nan,1.0,0.90909,1.0,1.0,1.0,1.0,1.0,1.0
183,3779,4566,0,False,A,A,A,nan,1.0,1.0,1.0,1.0,1.0,1.0,1.0,0.94444
183,3779,4566,1,False,C,A,A,nan,0.0,0.0,0.0,0.0,0.0,0.0,0.0,0.055556
184,3799,4586,0,False,C,T,T,nan,0.0,0.0,0.0,0.0,0.0,0.0,0.0,0.055556
184,3799,4586,0,False,T,T,T,nan,1.0,1.0,1.0,1.0,1.0,1.0,1.0,0.94444
185,3815,4602,1,False,A,G,G,nan,0.0,0.0,0.0,0.0,0.0,0.0,0.0,0.055556
185,3815,4602,0,False,G,G,G,nan,1.0,1.0,1.0,1.0,1.0,1.0,1.0,0.94444
186,3854,4641,1,False,A,G,G,nan,0.0,0.0,0.1,0.0,0.0,0.0,0.0,0.0
186,3854,4641,0,False,G,G,G,nan,1.0,1.0,0.9,1.0,1.0,1.0,1.0,1.0
187,3863,4650,0,False,A,A,A,nan,1.0,1.0,1.0,1.0,0.93333,1.0,1.0,1.0
187,3863,4650,1,False,G,A,A,nan,0.0,0.0,0.0,0.0,0.066667,0.0,0.0,0.0
188,3904,4691,1,False,A,G,G,nan,0.0,0.090909,0.0,0.0,0.0,0.0,0.0,0.0
188,3904,4691,0,False,G,G,G,nan,1.0,0.90909,1.0,1.0,1.0,1.0,1.0,1.0
189,3911,4698,1,False,A,G,G,nan,0.0,0.090909,0.0,0.0,0.0,0.0,0.0,0.0
189,3911,4698,0,False,G,G,G,nan,1.0,0.90909,1.0,1.0,1.0,1.0,1.0,1.0
190,3919,4706,0,False,A,G,G,nan,0.0,0.090909,0.0,0.0,0.0,0.0,0.0,0.0
190,3919,4706,0,False,G,G,G,nan,1.0,0.90909,1.0,1.0,1.0,1.0,1.0,1.0
191,3925,4712,0,False,A,C,C,nan,0.0,0.0,0.0,0.0,0.0,0.0,0.0,0.055556
191,3925,4712,0,False,C,C,C,nan,1.0,1.0,1.0,1.0,1.0,1.0,1.0,0.88889
191,3925,4712,0,False,T,C,C,nan,0.0,0.0,0.0,0.0,0.0,0.0,0.0,0.055556
192,4036,4823,0,False,A,G,A,nan,0.0,0.0,0.0,0.0,0.0,0.0,0.0,0.055556
192,4036,4823,0,False,G,G,A,nan,1.0,1.0,1.0,1.0,1.0,1.0,1.0,0.94444
193,4052,4839,0,False,A,A,A,nan,1.0,1.0,1.0,1.0,0.93333,1.0,1.0,1.0
193,4052,4839,1,False,G,A,A,nan,0.0,0.0,0.0,0.0,0.066667,0.0,0.0,0.0
194,4084,4871,0,False,A,A,A,nan,1.0,1.0,1.0,1.0,1.0,1.0,1.0,0.94444
194,4084,4871,0,False,G,A,A,nan,0.0,0.0,0.0,0.0,0.0,0.0,0.0,0.055556
195,4103,4890,1,False,A,C,C,nan,0.0,0.0,0.0,0.0,0.066667,0.0,0.0,0.0
195,4103,4890,0,False,C,C,C,nan,1.0,1.0,1.0,1.0,0.93333,1.0,1.0,1.0
196,4127,4914,1,False,A,G,G,nan,0.0625,0.0,0.0,0.0,0.0,0.0,0.0,0.0
196,4127,4914,0,False,G,G,G,nan,0.9375,1.0,1.0,1.0,1.0,1.0,1.0,1.0
197,4187,4974,1,False,A,G,G,nan,0.0,0.0,0.0,0.0,0.0,0.0,0.1,0.0
197,4187,4974,0,False,G,G,G,nan,1.0,1.0,1.0,1.0,1.0,1.0,0.9,1.0
198,4203,4990,0,False,A,A,A,nan,1.0,1.0,1.0,1.0,1.0,1.0,1.0,0.94444
198,4203,4990,1,False,G,A,A,nan,0.0,0.0,0.0,0.0,0.0,0.0,0.0,0.055556
199,4207,4994,0,False,C,T,T,nan,0.0,0.0,0.0,0.0,0.0,0.0,0.0,0.055556
199,4207,4994,0,False,T,T,T,nan,1.0,1.0,1.0,1.0,1.0,1.0,1.0,0.94444
200,4233,5020,1,False,-,A,A,nan,0.0625,0.0,0.0,0.0,0.0,0.0,0.0,0.0
200,4233,5020,0,False,A,A,A,nan,0.9375,1.0,1.0,1.0,1.0,1.0,1.0,1.0
201,4234,5021,0,False,A,A,A,nan,0.9375,1.0,1.0,1.0,1.0,1.0,1.0,1.0
201,4234,5021,0,False,G,A,A,nan,0.0625,0.0,0.0,0.0,0.0,0.0,0.0,0.0
202,4240,5027,1,False,-,A,A,nan,0.0,0.090909,0.0,0.0,0.0,0.0,0.0,0.0
202,4240,5027,0,False,A,A,A,nan,1.0,0.90909,1.0,1.0,1.0,1.0,1.0,1.0
203,4241,5028,1,False,-,A,A,nan,0.0,0.090909,0.0,0.0,0.0,0.0,0.0,0.0
203,4241,5028,0,False,A,A,A,nan,1.0,0.90909,1.0,1.0,1.0,1.0,1.0,1.0
204,4242,5029,1,False,-,T,T,nan,0.0625,0.090909,0.0,0.0,0.0,0.0,0.0,0.0
204,4242,5029,0,False,T,T,T,nan,0.9375,0.90909,1.0,1.0,1.0,1.0,1.0,1.0
205,4243,5030,1,False,-,C,C,nan,0.0625,0.090909,0.0,0.0,0.0,0.0,0.0,0.0
205,4243,5030,0,False,C,C,C,nan,0.9375,0.90909,1.0,1.0,1.0,1.0,1.0,1.0
206,4244,5031,1,False,-,A,A,nan,0.1875,0.090909,0.0,0.0,0.0,0.0,0.0,0.0
206,4244,5031,0,False,A,A,A,nan,0.8125,0.90909,1.0,1.0,1.0,1.0,1.0,1.0
207,4245,5032,1,False,-,T,T,nan,0.3125,0.090909,0.0,0.0,0.0,0.0,0.0,0.0
207,4245,5032,0,False,T,T,T,nan,0.6875,0.90909,1.0,1.0,1.0,1.0,1.0,1.0
208,4246,5033,0,False,-,-,T,nan,0.5,0.18182,0.0,0.0,0.0,0.0,0.0,0.0
208,4246,5033,1,False,T,-,T,nan,0.5,0.81818,1.0,1.0,1.0,1.0,1.0,1.0
209,4247,5034,0,False,-,-,A,nan,0.5,0.18182,0.0,0.0,0.0,0.0,0.0,0.0
209,4247,5034,1,False,A,-,A,nan,0.5,0.81818,1.0,1.0,1.0,1.0,1.0,1.0
210,4248,5035,0,False,-,-,A,nan,0.5,0.18182,0.0,0.2,0.0,0.0,0.0,0.0
210,4248,5035,1,False,A,-,A,nan,0.5,0.81818,1.0,0.8,1.0,1.0,1.0,1.0
211,4249,5036,0,False,-,-,G,nan,0.5,0.18182,0.0,0.2,0.0,0.0,0.0,0.0
211,4249,5036,1,False,G,-,G,nan,0.5,0.81818,1.0,0.8,1.0,1.0,1.0,1.0
212,4250,5037,0,False,-,-,G,nan,0.5,0.18182,0.0,0.2,0.0,0.0,0.0,0.0
212,4250,5037,1,False,G,-,G,nan,0.5,0.81818,1.0,0.8,1.0,1.0,1.0,1.0
213,4251,5038,0,False,-,-,A,nan,0.5,0.18182,0.0,0.2,0.0,0.0,0.0,0.0
213,4251,5038,1,False,A,-,A,nan,0.5,0.81818,1.0,0.8,1.0,1.0,1.0,1.0
214,4252,5039,0,False,-,-,C,nan,0.5,0.18182,0.0,0.2,0.0,0.0,0.0,0.0
214,4252,5039,1,False,C,-,C,nan,0.5,0.81818,1.0,0.8,1.0,1.0,1.0,1.0
215,4253,5040,0,False,-,-,T,nan,0.5,0.18182,0.0,0.2,0.0,0.0,0.0,0.0
215,4253,5040,0,False,T,-,T,nan,0.5,0.81818,1.0,0.8,1.0,1.0,1.0,1.0
