polymorphic_index,alignment_index,HXB2_index,nonsynonymous,nucleotide,TF,consensus,epitope,exposed,edge_gap,flanking,f_at_0,f_at_14,f_at_28,f_at_70,f_at_183
0,60,850,0,C,T,T,nan,False,False,0,0.0000e+00,0.0000e+00,0.0000e+00,0.0000e+00,7.1429e-02
0,60,850,0,T,T,T,nan,False,False,0,1.0000e+00,1.0000e+00,1.0000e+00,1.0000e+00,9.2857e-01
1,105,895,1,G,T,T,nan,False,False,0,0.0000e+00,3.7037e-02,0.0000e+00,0.0000e+00,0.0000e+00
1,105,895,0,T,T,T,nan,False,False,0,1.0000e+00,9.6296e-01,1.0000e+00,1.0000e+00,1.0000e+00
2,108,898,1,-,G,G,nan,False,False,0,0.0000e+00,0.0000e+00,0.0000e+00,0.0000e+00,7.1429e-02
2,108,898,0,G,G,G,nan,False,False,0,1.0000e+00,1.0000e+00,1.0000e+00,1.0000e+00,9.2857e-01
3,127,917,1,A,G,G,nan,False,False,0,0.0000e+00,0.0000e+00,0.0000e+00,0.0000e+00,7.1429e-02
3,127,917,0,G,G,G,nan,False,False,0,1.0000e+00,1.0000e+00,1.0000e+00,1.0000e+00,9.2857e-01
4,222,1012,1,C,T,C,nan,False,False,0,0.0000e+00,0.0000e+00,0.0000e+00,0.0000e+00,1.4286e-01
4,222,1012,0,T,T,C,nan,False,False,0,1.0000e+00,1.0000e+00,1.0000e+00,1.0000e+00,8.5714e-01
5,276,1066,0,C,C,G,nan,False,False,0,1.0000e+00,1.0000e+00,9.4118e-01,1.0000e+00,1.0000e+00
5,276,1066,1,T,C,G,nan,False,False,0,0.0000e+00,0.0000e+00,5.8824e-02,0.0000e+00,0.0000e+00
6,294,1084,1,A,G,G,nan,False,False,0,0.0000e+00,3.7037e-02,0.0000e+00,0.0000e+00,0.0000e+00
6,294,1084,0,G,G,G,nan,False,False,0,1.0000e+00,9.6296e-01,1.0000e+00,1.0000e+00,1.0000e+00
7,336,1126,1,A,G,C,nan,False,False,0,0.0000e+00,0.0000e+00,5.8824e-02,6.6667e-02,0.0000e+00
7,336,1126,0,G,G,C,nan,False,False,0,1.0000e+00,1.0000e+00,9.4118e-01,9.3333e-01,1.0000e+00
8,337,1127,0,A,A,A,nan,False,False,0,1.0000e+00,1.0000e+00,8.8235e-01,1.0000e+00,7.1429e-02
8,337,1127,1,G,A,A,nan,False,False,0,0.0000e+00,0.0000e+00,1.1765e-01,0.0000e+00,9.2857e-01
9,340,1130,0,A,A,A,nan,False,False,0,1.0000e+00,1.0000e+00,9.4118e-01,8.6667e-01,1.0000e+00
9,340,1130,1,G,A,A,nan,False,False,0,0.0000e+00,0.0000e+00,5.8824e-02,1.3333e-01,0.0000e+00
10,343,1133,0,C,C,C,nan,False,False,0,1.0000e+00,1.0000e+00,6.4706e-01,1.0000e+00,1.0000e+00
10,343,1133,1,T,C,C,nan,False,False,0,0.0000e+00,0.0000e+00,3.5294e-01,0.0000e+00,0.0000e+00
11,352,1142,1,A,C,C,nan,False,False,0,0.0000e+00,0.0000e+00,0.0000e+00,4.6667e-01,0.0000e+00
11,352,1142,0,C,C,C,nan,False,False,0,1.0000e+00,1.0000e+00,7.0588e-01,5.3333e-01,1.0000e+00
11,352,1142,1,T,C,C,nan,False,False,0,0.0000e+00,0.0000e+00,2.9412e-01,0.0000e+00,0.0000e+00
12,354,1144,1,A,G,A,nan,False,False,0,0.0000e+00,0.0000e+00,5.8824e-02,0.0000e+00,0.0000e+00
12,354,1144,0,G,G,A,nan,False,False,0,1.0000e+00,1.0000e+00,9.4118e-01,1.0000e+00,1.0000e+00
13,355,1145,0,A,A,A,nan,False,False,0,1.0000e+00,1.0000e+00,9.4118e-01,1.0000e+00,1.0000e+00
13,355,1145,1,C,A,A,nan,False,False,0,0.0000e+00,0.0000e+00,5.8824e-02,0.0000e+00,0.0000e+00
14,358,1148,0,C,C,C,nan,False,False,0,1.0000e+00,1.0000e+00,9.4118e-01,6.0000e-01,9.2857e-01
14,358,1148,1,T,C,C,nan,False,False,0,0.0000e+00,0.0000e+00,5.8824e-02,4.0000e-01,7.1429e-02
15,359,1149,0,A,A,G,nan,False,False,0,1.0000e+00,1.0000e+00,9.4118e-01,1.0000e+00,1.0000e+00
15,359,1149,0,T,A,G,nan,False,False,0,0.0000e+00,0.0000e+00,5.8824e-02,0.0000e+00,0.0000e+00
16,360,1149a,1,-,G,-,nan,False,False,0,0.0000e+00,0.0000e+00,5.8824e-02,0.0000e+00,0.0000e+00
16,360,1149a,0,G,G,-,nan,False,False,0,1.0000e+00,1.0000e+00,9.4118e-01,1.0000e+00,1.0000e+00
17,361,1149b,1,-,C,-,nan,False,False,0,0.0000e+00,0.0000e+00,5.8824e-02,0.0000e+00,0.0000e+00
17,361,1149b,0,C,C,-,nan,False,False,0,1.0000e+00,1.0000e+00,9.4118e-01,1.0000e+00,1.0000e+00
18,362,1149c,1,-,T,-,nan,False,False,0,0.0000e+00,0.0000e+00,5.8824e-02,0.0000e+00,0.0000e+00
18,362,1149c,0,T,T,-,nan,False,False,0,1.0000e+00,1.0000e+00,9.4118e-01,1.0000e+00,1.0000e+00
19,413,1194,0,A,G,G,nan,False,False,0,0.0000e+00,0.0000e+00,0.0000e+00,0.0000e+00,7.1429e-01
19,413,1194,0,G,G,G,nan,False,False,0,1.0000e+00,1.0000e+00,1.0000e+00,1.0000e+00,2.8571e-01
20,428,1209,0,G,G,G,nan,False,False,0,1.0000e+00,1.0000e+00,1.0000e+00,1.0000e+00,9.2857e-01
20,428,1209,0,T,G,G,nan,False,False,0,0.0000e+00,0.0000e+00,0.0000e+00,0.0000e+00,7.1429e-02
21,438,1219,0,C,C,C,nan,False,False,0,1.0000e+00,1.0000e+00,9.4118e-01,8.6667e-01,1.0000e+00
21,438,1219,1,T,C,C,nan,False,False,0,0.0000e+00,0.0000e+00,5.8824e-02,1.3333e-01,0.0000e+00
22,442,1223,0,C,C,A,nan,False,False,0,1.0000e+00,1.0000e+00,1.0000e+00,1.0000e+00,9.2857e-01
22,442,1223,1,T,C,A,nan,False,False,0,0.0000e+00,0.0000e+00,0.0000e+00,0.0000e+00,7.1429e-02
23,510,1291,0,A,A,G,nan,False,False,0,1.0000e+00,9.6296e-01,9.4118e-01,1.0000e+00,7.1429e-02
23,510,1291,1,G,A,G,nan,False,False,0,0.0000e+00,3.7037e-02,5.8824e-02,0.0000e+00,9.2857e-01
24,586,1367,1,A,G,G,nan,False,False,0,0.0000e+00,0.0000e+00,0.0000e+00,6.6667e-02,0.0000e+00
24,586,1367,0,G,G,G,nan,False,False,0,1.0000e+00,1.0000e+00,1.0000e+00,9.3333e-01,1.0000e+00
25,747,1528,1,A,G,A,nan,False,False,0,0.0000e+00,3.7037e-01,4.1176e-01,1.3333e-01,0.0000e+00
25,747,1528,0,G,G,A,nan,False,False,0,1.0000e+00,6.2963e-01,5.8824e-01,8.6667e-01,1.0000e+00
26,828,1609,1,A,G,G,nan,False,False,0,0.0000e+00,0.0000e+00,0.0000e+00,6.6667e-02,0.0000e+00
26,828,1609,0,G,G,G,nan,False,False,0,1.0000e+00,1.0000e+00,1.0000e+00,9.3333e-01,1.0000e+00
27,882,1663,0,C,C,C,PFRDYVDRF,False,False,0,1.0000e+00,1.0000e+00,1.0000e+00,6.0000e-01,0.0000e+00
27,882,1663,1,T,C,C,PFRDYVDRF,False,False,0,0.0000e+00,0.0000e+00,0.0000e+00,4.0000e-01,1.0000e+00
28,1011,1792,0,A,C,A,nan,False,False,0,0.0000e+00,0.0000e+00,0.0000e+00,0.0000e+00,1.4286e-01
28,1011,1792,0,C,C,A,nan,False,False,0,1.0000e+00,1.0000e+00,1.0000e+00,1.0000e+00,8.5714e-01
29,1082,1863,0,C,C,C,nan,False,False,0,1.0000e+00,1.0000e+00,1.0000e+00,1.0000e+00,9.2857e-01
29,1082,1863,0,T,C,C,nan,False,False,0,0.0000e+00,0.0000e+00,0.0000e+00,0.0000e+00,7.1429e-02
30,1132,1913,1,A,G,C,nan,False,False,1,0.0000e+00,0.0000e+00,0.0000e+00,0.0000e+00,5.7143e-01
30,1132,1913,0,G,G,C,nan,False,False,1,1.0000e+00,1.0000e+00,1.0000e+00,1.0000e+00,4.2857e-01
31,1190,1971,0,C,C,C,nan,False,False,1,1.0000e+00,9.6296e-01,1.0000e+00,1.0000e+00,1.0000e+00
31,1190,1971,0,T,C,C,nan,False,False,1,0.0000e+00,3.7037e-02,0.0000e+00,0.0000e+00,0.0000e+00
32,1244,2025,0,C,C,C,nan,False,False,1,1.0000e+00,1.0000e+00,1.0000e+00,1.0000e+00,9.2857e-01
32,1244,2025,0,T,C,C,nan,False,False,1,0.0000e+00,0.0000e+00,0.0000e+00,0.0000e+00,7.1429e-02
33,1288,2069,1,A,C,C,nan,False,False,0,0.0000e+00,3.7037e-02,0.0000e+00,0.0000e+00,0.0000e+00
33,1288,2069,0,C,C,C,nan,False,False,0,1.0000e+00,9.6296e-01,1.0000e+00,1.0000e+00,1.0000e+00
34,1339,2120,1,A,G,G,nan,False,False,0,0.0000e+00,3.7037e-02,0.0000e+00,0.0000e+00,0.0000e+00
34,1339,2120,0,G,G,G,nan,False,False,0,1.0000e+00,9.6296e-01,1.0000e+00,1.0000e+00,1.0000e+00
35,1394,2175,1,A,C,C,nan,False,False,0,0.0000e+00,0.0000e+00,5.8824e-02,0.0000e+00,0.0000e+00
35,1394,2175,0,C,C,C,nan,False,False,0,1.0000e+00,1.0000e+00,9.4118e-01,1.0000e+00,1.0000e+00
36,1404,2185,1,A,G,G,nan,False,False,0,0.0000e+00,3.7037e-02,0.0000e+00,0.0000e+00,0.0000e+00
36,1404,2185,0,G,G,G,nan,False,False,0,1.0000e+00,9.6296e-01,1.0000e+00,1.0000e+00,1.0000e+00
37,1412,2193,1,-,A,G,nan,False,False,0,0.0000e+00,0.0000e+00,5.8824e-02,0.0000e+00,0.0000e+00
37,1412,2193,0,A,A,G,nan,False,False,0,1.0000e+00,1.0000e+00,9.4118e-01,1.0000e+00,1.0000e+00
38,1413,2194,1,-,A,A,nan,False,False,0,0.0000e+00,0.0000e+00,5.8824e-02,0.0000e+00,0.0000e+00
38,1413,2194,0,A,A,A,nan,False,False,0,1.0000e+00,1.0000e+00,9.4118e-01,1.0000e+00,1.0000e+00
39,1414,2195,1,-,C,C,nan,False,False,0,0.0000e+00,0.0000e+00,5.8824e-02,0.0000e+00,0.0000e+00
39,1414,2195,0,C,C,C,nan,False,False,0,1.0000e+00,1.0000e+00,9.4118e-01,1.0000e+00,1.0000e+00
40,1489,2270,2,A,G,G,nan,False,False,0,0.0000e+00,3.7037e-02,0.0000e+00,0.0000e+00,0.0000e+00
40,1489,2270,0,G,G,G,nan,False,False,0,1.0000e+00,9.6296e-01,1.0000e+00,1.0000e+00,1.0000e+00
41,1601,2382,0,C,C,C,nan,False,False,0,1.0000e+00,1.0000e+00,1.0000e+00,1.0000e+00,9.2857e-01
41,1601,2382,1,T,C,C,nan,False,False,0,0.0000e+00,0.0000e+00,0.0000e+00,0.0000e+00,7.1429e-02
42,1607,2388,0,A,A,A,nan,False,False,0,1.0000e+00,1.0000e+00,9.4118e-01,1.0000e+00,1.0000e+00
42,1607,2388,1,T,A,A,nan,False,False,0,0.0000e+00,0.0000e+00,5.8824e-02,0.0000e+00,0.0000e+00
43,1665,2446,0,A,A,A,nan,False,False,0,1.0000e+00,1.0000e+00,1.0000e+00,1.0000e+00,9.2857e-01
43,1665,2446,1,G,A,A,nan,False,False,0,0.0000e+00,0.0000e+00,0.0000e+00,0.0000e+00,7.1429e-02
44,1668,2449,1,A,T,T,nan,False,False,0,0.0000e+00,0.0000e+00,5.8824e-02,0.0000e+00,0.0000e+00
44,1668,2449,0,T,T,T,nan,False,False,0,1.0000e+00,1.0000e+00,9.4118e-01,1.0000e+00,1.0000e+00
45,1671,2452,0,G,G,G,nan,False,False,0,1.0000e+00,9.6296e-01,1.0000e+00,1.0000e+00,1.0000e+00
45,1671,2452,1,T,G,G,nan,False,False,0,0.0000e+00,3.7037e-02,0.0000e+00,0.0000e+00,0.0000e+00
46,1900,2681,0,A,A,A,nan,False,False,0,1.0000e+00,9.6296e-01,1.0000e+00,1.0000e+00,1.0000e+00
46,1900,2681,0,G,A,A,nan,False,False,0,0.0000e+00,3.7037e-02,0.0000e+00,0.0000e+00,0.0000e+00
47,2002,2783,0,A,G,G,nan,False,False,0,0.0000e+00,0.0000e+00,0.0000e+00,6.6667e-02,0.0000e+00
47,2002,2783,0,G,G,G,nan,False,False,0,1.0000e+00,1.0000e+00,1.0000e+00,9.3333e-01,1.0000e+00
48,2046,2827,1,A,G,G,nan,False,False,0,0.0000e+00,0.0000e+00,0.0000e+00,6.6667e-02,0.0000e+00
48,2046,2827,0,G,G,G,nan,False,False,0,1.0000e+00,1.0000e+00,1.0000e+00,9.3333e-01,1.0000e+00
49,2077,2858,0,A,A,A,nan,False,False,0,1.0000e+00,9.6296e-01,7.6471e-01,8.6667e-01,1.0000e+00
49,2077,2858,1,C,A,A,nan,False,False,0,0.0000e+00,3.7037e-02,2.3529e-01,1.3333e-01,0.0000e+00
50,2084,2865,0,A,A,G,nan,False,False,0,1.0000e+00,9.6296e-01,7.6471e-01,8.6667e-01,1.0000e+00
50,2084,2865,1,G,A,G,nan,False,False,0,0.0000e+00,3.7037e-02,2.3529e-01,1.3333e-01,0.0000e+00
51,2269,3050,0,C,C,C,nan,False,False,0,1.0000e+00,9.6296e-01,1.0000e+00,1.0000e+00,1.0000e+00
51,2269,3050,0,T,C,C,nan,False,False,0,0.0000e+00,3.7037e-02,0.0000e+00,0.0000e+00,0.0000e+00
52,2414,3195,0,A,A,A,nan,False,False,0,1.0000e+00,1.0000e+00,1.0000e+00,9.3333e-01,1.0000e+00
52,2414,3195,1,G,A,A,nan,False,False,0,0.0000e+00,0.0000e+00,0.0000e+00,6.6667e-02,0.0000e+00
53,2422,3203,0,C,C,C,nan,False,False,0,1.0000e+00,9.6296e-01,1.0000e+00,1.0000e+00,1.0000e+00
53,2422,3203,0,T,C,C,nan,False,False,0,0.0000e+00,3.7037e-02,0.0000e+00,0.0000e+00,0.0000e+00
54,2431,3212,0,C,T,T,nan,False,False,0,0.0000e+00,0.0000e+00,0.0000e+00,0.0000e+00,1.4286e-01
54,2431,3212,0,T,T,T,nan,False,False,0,1.0000e+00,1.0000e+00,1.0000e+00,1.0000e+00,8.5714e-01
55,2485,3266,1,C,G,G,nan,False,False,0,0.0000e+00,3.7037e-02,0.0000e+00,0.0000e+00,0.0000e+00
55,2485,3266,0,G,G,G,nan,False,False,0,1.0000e+00,9.6296e-01,1.0000e+00,1.0000e+00,1.0000e+00
56,2488,3269,0,A,A,A,nan,False,False,0,1.0000e+00,1.0000e+00,1.0000e+00,1.0000e+00,9.2857e-01
56,2488,3269,0,G,A,A,nan,False,False,0,0.0000e+00,0.0000e+00,0.0000e+00,0.0000e+00,7.1429e-02
57,2587,3368,0,A,G,G,nan,False,False,0,0.0000e+00,0.0000e+00,5.8824e-02,0.0000e+00,0.0000e+00
57,2587,3368,0,G,G,G,nan,False,False,0,1.0000e+00,1.0000e+00,9.4118e-01,1.0000e+00,1.0000e+00
58,2618,3399,0,A,A,A,nan,False,False,0,1.0000e+00,1.0000e+00,1.0000e+00,1.0000e+00,9.2857e-01
58,2618,3399,0,C,A,A,nan,False,False,0,0.0000e+00,0.0000e+00,0.0000e+00,0.0000e+00,7.1429e-02
59,2652,3433,1,C,T,T,nan,False,False,0,0.0000e+00,0.0000e+00,5.8824e-02,0.0000e+00,0.0000e+00
59,2652,3433,0,T,T,T,nan,False,False,0,1.0000e+00,1.0000e+00,9.4118e-01,1.0000e+00,1.0000e+00
60,2756,3537,0,C,C,C,nan,False,False,0,1.0000e+00,1.0000e+00,1.0000e+00,1.0000e+00,9.2857e-01
60,2756,3537,1,T,C,C,nan,False,False,0,0.0000e+00,0.0000e+00,0.0000e+00,0.0000e+00,7.1429e-02
61,2870,3651,0,C,T,T,nan,False,False,0,0.0000e+00,0.0000e+00,0.0000e+00,0.0000e+00,1.4286e-01
61,2870,3651,0,T,T,T,nan,False,False,0,1.0000e+00,1.0000e+00,1.0000e+00,1.0000e+00,8.5714e-01
62,2995,3776,0,C,C,C,nan,False,False,0,1.0000e+00,1.0000e+00,9.4118e-01,1.0000e+00,1.0000e+00
62,2995,3776,0,T,C,C,nan,False,False,0,0.0000e+00,0.0000e+00,5.8824e-02,0.0000e+00,0.0000e+00
63,3146,3927,1,A,G,G,nan,False,False,0,0.0000e+00,0.0000e+00,0.0000e+00,0.0000e+00,7.1429e-02
63,3146,3927,0,G,G,G,nan,False,False,0,1.0000e+00,1.0000e+00,1.0000e+00,1.0000e+00,9.2857e-01
64,3160,3941,0,A,G,G,nan,False,False,0,0.0000e+00,0.0000e+00,0.0000e+00,4.6667e-01,0.0000e+00
64,3160,3941,0,G,G,G,nan,False,False,0,1.0000e+00,1.0000e+00,1.0000e+00,5.3333e-01,1.0000e+00
65,3279,4060,0,G,G,G,nan,False,False,0,1.0000e+00,9.6296e-01,1.0000e+00,1.0000e+00,1.0000e+00
65,3279,4060,1,T,G,G,nan,False,False,0,0.0000e+00,3.7037e-02,0.0000e+00,0.0000e+00,0.0000e+00
66,3364,4145,0,C,C,C,nan,False,False,0,1.0000e+00,1.0000e+00,9.4118e-01,1.0000e+00,1.0000e+00
66,3364,4145,0,T,C,C,nan,False,False,0,0.0000e+00,0.0000e+00,5.8824e-02,0.0000e+00,0.0000e+00
67,3401,4182,1,-,A,A,nan,False,False,0,0.0000e+00,3.7037e-02,0.0000e+00,0.0000e+00,0.0000e+00
67,3401,4182,0,A,A,A,nan,False,False,0,1.0000e+00,9.6296e-01,1.0000e+00,1.0000e+00,1.0000e+00
68,3402,4183,1,-,A,A,nan,False,False,0,0.0000e+00,3.7037e-02,0.0000e+00,0.0000e+00,0.0000e+00
68,3402,4183,0,A,A,A,nan,False,False,0,1.0000e+00,9.6296e-01,1.0000e+00,1.0000e+00,1.0000e+00
69,3403,4184,1,-,T,T,nan,False,False,0,0.0000e+00,3.7037e-02,0.0000e+00,0.0000e+00,0.0000e+00
69,3403,4184,0,T,T,T,nan,False,False,0,1.0000e+00,9.6296e-01,1.0000e+00,1.0000e+00,1.0000e+00
70,3404,4185,1,-,G,G,nan,False,False,0,0.0000e+00,3.7037e-02,0.0000e+00,0.0000e+00,0.0000e+00
70,3404,4185,0,G,G,G,nan,False,False,0,1.0000e+00,9.6296e-01,1.0000e+00,1.0000e+00,1.0000e+00
71,3405,4186,1,-,A,A,nan,False,False,0,0.0000e+00,3.7037e-02,0.0000e+00,0.0000e+00,0.0000e+00
71,3405,4186,0,A,A,A,nan,False,False,0,1.0000e+00,9.6296e-01,1.0000e+00,1.0000e+00,1.0000e+00
72,3406,4187,1,-,G,A,nan,False,False,0,0.0000e+00,3.7037e-02,0.0000e+00,0.0000e+00,0.0000e+00
72,3406,4187,0,G,G,A,nan,False,False,0,1.0000e+00,9.6296e-01,1.0000e+00,1.0000e+00,1.0000e+00
73,3407,4188,1,-,C,C,nan,False,False,0,0.0000e+00,3.7037e-02,0.0000e+00,0.0000e+00,0.0000e+00
73,3407,4188,0,C,C,C,nan,False,False,0,1.0000e+00,9.6296e-01,1.0000e+00,1.0000e+00,1.0000e+00
74,3408,4189,1,-,A,A,nan,False,False,0,0.0000e+00,3.7037e-02,0.0000e+00,0.0000e+00,0.0000e+00
74,3408,4189,0,A,A,A,nan,False,False,0,1.0000e+00,9.6296e-01,1.0000e+00,1.0000e+00,1.0000e+00
75,3409,4190,1,-,A,A,nan,False,False,0,0.0000e+00,3.7037e-02,0.0000e+00,0.0000e+00,0.0000e+00
75,3409,4190,0,A,A,A,nan,False,False,0,1.0000e+00,9.6296e-01,1.0000e+00,1.0000e+00,1.0000e+00
76,3410,4191,1,-,G,G,nan,False,False,0,0.0000e+00,3.7037e-02,0.0000e+00,0.0000e+00,0.0000e+00
76,3410,4191,0,G,G,G,nan,False,False,0,1.0000e+00,9.6296e-01,1.0000e+00,1.0000e+00,1.0000e+00
77,3411,4192,1,-,T,T,nan,False,False,0,0.0000e+00,3.7037e-02,0.0000e+00,0.0000e+00,0.0000e+00
77,3411,4192,0,T,T,T,nan,False,False,0,1.0000e+00,9.6296e-01,1.0000e+00,1.0000e+00,1.0000e+00
78,3412,4193,1,-,A,A,nan,False,False,0,0.0000e+00,3.7037e-02,0.0000e+00,0.0000e+00,0.0000e+00
78,3412,4193,0,A,A,A,nan,False,False,0,1.0000e+00,9.6296e-01,1.0000e+00,1.0000e+00,1.0000e+00
79,3413,4194,1,-,G,G,nan,False,False,0,0.0000e+00,3.7037e-02,0.0000e+00,0.0000e+00,0.0000e+00
79,3413,4194,0,G,G,G,nan,False,False,0,1.0000e+00,9.6296e-01,1.0000e+00,1.0000e+00,1.0000e+00
80,3414,4195,1,-,A,A,nan,False,False,0,0.0000e+00,3.7037e-02,0.0000e+00,0.0000e+00,0.0000e+00
80,3414,4195,0,A,A,A,nan,False,False,0,1.0000e+00,9.6296e-01,1.0000e+00,1.0000e+00,1.0000e+00
81,3415,4196,1,-,T,T,nan,False,False,0,0.0000e+00,3.7037e-02,0.0000e+00,0.0000e+00,0.0000e+00
81,3415,4196,0,T,T,T,nan,False,False,0,1.0000e+00,9.6296e-01,1.0000e+00,1.0000e+00,1.0000e+00
82,3416,4197,1,-,A,A,nan,False,False,0,0.0000e+00,3.7037e-02,0.0000e+00,0.0000e+00,0.0000e+00
82,3416,4197,0,A,A,A,nan,False,False,0,1.0000e+00,9.6296e-01,1.0000e+00,1.0000e+00,1.0000e+00
83,3417,4198,1,-,A,A,nan,False,False,0,0.0000e+00,3.7037e-02,0.0000e+00,0.0000e+00,0.0000e+00
83,3417,4198,0,A,A,A,nan,False,False,0,1.0000e+00,9.6296e-01,1.0000e+00,1.0000e+00,1.0000e+00
84,3418,4199,1,-,A,A,nan,False,False,0,0.0000e+00,3.7037e-02,0.0000e+00,0.0000e+00,0.0000e+00
84,3418,4199,0,A,A,A,nan,False,False,0,1.0000e+00,9.6296e-01,1.0000e+00,1.0000e+00,1.0000e+00
85,3419,4200,1,-,C,T,nan,False,False,0,0.0000e+00,3.7037e-02,0.0000e+00,0.0000e+00,0.0000e+00
85,3419,4200,0,C,C,T,nan,False,False,0,1.0000e+00,9.6296e-01,1.0000e+00,1.0000e+00,1.0000e+00
86,3420,4201,1,-,T,T,nan,False,False,0,0.0000e+00,3.7037e-02,0.0000e+00,0.0000e+00,0.0000e+00
86,3420,4201,0,T,T,T,nan,False,False,0,1.0000e+00,9.6296e-01,1.0000e+00,1.0000e+00,1.0000e+00
87,3421,4202,1,-,A,A,nan,False,False,0,0.0000e+00,3.7037e-02,0.0000e+00,0.0000e+00,0.0000e+00
87,3421,4202,0,A,A,A,nan,False,False,0,1.0000e+00,9.6296e-01,1.0000e+00,1.0000e+00,1.0000e+00
88,3422,4203,1,-,G,G,nan,False,False,0,0.0000e+00,3.7037e-02,0.0000e+00,0.0000e+00,0.0000e+00
88,3422,4203,0,G,G,G,nan,False,False,0,1.0000e+00,9.6296e-01,1.0000e+00,1.0000e+00,1.0000e+00
89,3423,4204,1,-,T,T,nan,False,False,0,0.0000e+00,3.7037e-02,0.0000e+00,0.0000e+00,0.0000e+00
89,3423,4204,0,T,T,T,nan,False,False,0,1.0000e+00,9.6296e-01,1.0000e+00,1.0000e+00,1.0000e+00
90,3424,4205,1,-,A,A,nan,False,False,0,0.0000e+00,3.7037e-02,0.0000e+00,0.0000e+00,0.0000e+00
90,3424,4205,0,A,A,A,nan,False,False,0,1.0000e+00,9.6296e-01,1.0000e+00,1.0000e+00,1.0000e+00
91,3523,4304,0,G,G,G,nan,False,False,0,1.0000e+00,9.6296e-01,1.0000e+00,1.0000e+00,1.0000e+00
91,3523,4304,1,T,G,G,nan,False,False,0,0.0000e+00,3.7037e-02,0.0000e+00,0.0000e+00,0.0000e+00
92,3550,4331,1,-,A,A,nan,False,False,0,0.0000e+00,0.0000e+00,0.0000e+00,6.6667e-02,0.0000e+00
92,3550,4331,0,A,A,A,nan,False,False,0,1.0000e+00,1.0000e+00,1.0000e+00,9.3333e-01,1.0000e+00
93,3615,4396,1,A,G,G,GQVDCSPGIW,False,False,0,0.0000e+00,3.7037e-02,0.0000e+00,0.0000e+00,0.0000e+00
93,3615,4396,0,G,G,G,GQVDCSPGIW,False,False,0,1.0000e+00,9.6296e-01,1.0000e+00,1.0000e+00,1.0000e+00
94,3697,4478,0,C,C,C,nan,False,False,0,1.0000e+00,1.0000e+00,1.0000e+00,1.0000e+00,9.2857e-01
94,3697,4478,0,T,C,C,nan,False,False,0,0.0000e+00,0.0000e+00,0.0000e+00,0.0000e+00,7.1429e-02
95,3751,4532,0,A,A,A,nan,False,False,0,1.0000e+00,1.0000e+00,9.4118e-01,1.0000e+00,1.0000e+00
95,3751,4532,0,C,A,A,nan,False,False,0,0.0000e+00,0.0000e+00,5.8824e-02,0.0000e+00,0.0000e+00
96,3814,4595,0,C,C,C,nan,False,False,0,1.0000e+00,1.0000e+00,1.0000e+00,1.0000e+00,9.2857e-01
96,3814,4595,0,T,C,C,nan,False,False,0,0.0000e+00,0.0000e+00,0.0000e+00,0.0000e+00,7.1429e-02
97,3880,4661,0,C,T,T,nan,False,False,0,0.0000e+00,0.0000e+00,0.0000e+00,0.0000e+00,7.1429e-02
97,3880,4661,0,T,T,T,nan,False,False,0,1.0000e+00,1.0000e+00,1.0000e+00,1.0000e+00,9.2857e-01
98,3959,4740,0,C,C,C,nan,False,False,0,1.0000e+00,1.0000e+00,9.4118e-01,1.0000e+00,1.0000e+00
98,3959,4740,1,T,C,C,nan,False,False,0,0.0000e+00,0.0000e+00,5.8824e-02,0.0000e+00,0.0000e+00
99,4106,4887,1,-,A,A,nan,False,False,0,0.0000e+00,3.7037e-02,0.0000e+00,0.0000e+00,0.0000e+00
99,4106,4887,0,A,A,A,nan,False,False,0,1.0000e+00,9.6296e-01,1.0000e+00,1.0000e+00,1.0000e+00
100,4107,4888,1,-,T,T,nan,False,False,0,0.0000e+00,3.7037e-02,0.0000e+00,0.0000e+00,0.0000e+00
100,4107,4888,0,T,T,T,nan,False,False,0,1.0000e+00,9.6296e-01,1.0000e+00,1.0000e+00,1.0000e+00
101,4108,4889,1,-,T,T,nan,False,False,0,0.0000e+00,3.7037e-02,0.0000e+00,0.0000e+00,0.0000e+00
101,4108,4889,0,T,T,T,nan,False,False,0,1.0000e+00,9.6296e-01,1.0000e+00,1.0000e+00,1.0000e+00
102,4109,4890,1,-,C,C,nan,False,False,0,0.0000e+00,3.7037e-02,0.0000e+00,0.0000e+00,0.0000e+00
102,4109,4890,0,C,C,C,nan,False,False,0,1.0000e+00,9.6296e-01,1.0000e+00,1.0000e+00,1.0000e+00
103,4110,4891,1,-,A,A,nan,False,False,0,0.0000e+00,3.7037e-02,0.0000e+00,0.0000e+00,0.0000e+00
103,4110,4891,0,A,A,A,nan,False,False,0,1.0000e+00,9.6296e-01,1.0000e+00,1.0000e+00,1.0000e+00
104,4111,4892,1,-,A,A,nan,False,False,0,0.0000e+00,3.7037e-02,0.0000e+00,0.0000e+00,0.0000e+00
104,4111,4892,0,A,A,A,nan,False,False,0,1.0000e+00,9.6296e-01,1.0000e+00,1.0000e+00,1.0000e+00
105,4112,4893,1,-,A,A,nan,False,False,0,0.0000e+00,3.7037e-02,0.0000e+00,0.0000e+00,0.0000e+00
105,4112,4893,0,A,A,A,nan,False,False,0,1.0000e+00,9.6296e-01,1.0000e+00,1.0000e+00,1.0000e+00
106,4119,4900,1,A,G,G,nan,False,False,0,0.0000e+00,0.0000e+00,5.8824e-02,0.0000e+00,0.0000e+00
106,4119,4900,0,G,G,G,nan,False,False,0,1.0000e+00,1.0000e+00,9.4118e-01,1.0000e+00,1.0000e+00
107,4156,4937,0,A,A,A,nan,False,False,0,1.0000e+00,1.0000e+00,1.0000e+00,9.3333e-01,1.0000e+00
107,4156,4937,0,G,A,A,nan,False,False,0,0.0000e+00,0.0000e+00,0.0000e+00,6.6667e-02,0.0000e+00
108,4174,4955,0,A,C,C,nan,False,False,0,0.0000e+00,0.0000e+00,5.8824e-02,0.0000e+00,0.0000e+00
108,4174,4955,0,C,C,C,nan,False,False,0,1.0000e+00,1.0000e+00,9.4118e-01,1.0000e+00,1.0000e+00
