polymorphic_index,HXB2_index,nucleotide,TF,consensus,epitope,escape,sc_c,sc_tv,sc_sigma,f_at_0,f_at_21,f_at_28,f_at_34,f_at_63,f_at_91,f_at_175,f_at_273,f_at_333
0,816,A,A,A,nan,False,0.000000,0,0,1.0,1.0,1.0,1.0,1.0,1.0,1.0,0.6,0.88889
0,816,G,A,A,nan,False,-0.003991,0.00043673959887257496,0.0001232145571656489,0.0,0.0,0.0,0.0,0.0,0.0,0.0,0.4,0.11111
1,826,C,T,T,nan,False,0.001040,0.00014859086445077763,4.2017433707108395e-05,0.0,0.0,0.0,0.0,0.0,0.0,0.0,0.0,0.11111
1,826,T,T,T,nan,False,0.000000,0,0,1.0,1.0,1.0,1.0,1.0,1.0,1.0,1.0,0.88889
2,853,A,A,A,nan,False,0.000000,0,0,1.0,1.0,1.0,1.0,0.91667,1.0,1.0,1.0,1.0
2,853,C,A,A,nan,False,-0.001637,-1.733652772854048e-05,1.3573998978247255e-05,0.0,0.0,0.0,0.0,0.083333,0.0,0.0,0.0,0.0
3,917,A,A,G,nan,False,0.000000,0,0,1.0,1.0,1.0,1.0,1.0,0.83333,0.16667,0.0,0.0
3,917,G,A,G,nan,False,0.052771,0.0022303756938328255,0.0003820654269686597,0.0,0.0,0.0,0.0,0.0,0.16667,0.83333,1.0,1.0
4,935,A,G,G,nan,False,0.001565,-2.4867249308544787e-05,1.4428457252406026e-05,0.0,0.0,0.0,0.0,0.083333,0.0,0.0,0.0,0.0
4,935,G,G,G,nan,False,0.000000,0,0,1.0,1.0,1.0,1.0,0.91667,1.0,1.0,1.0,1.0
5,950,C,C,C,nan,False,0.000000,0,0,1.0,1.0,1.0,1.0,1.0,1.0,1.0,0.9,1.0
5,950,T,C,C,nan,False,0.005975,0.0001019486268901256,3.470556241467715e-05,0.0,0.0,0.0,0.0,0.0,0.0,0.0,0.1,0.0
6,979,A,C,C,nan,False,-0.000254,-1.2064002931072894e-05,7.697454660194162e-06,0.0,0.14286,0.0,0.0,0.0,0.0,0.0,0.0,0.0
6,979,C,C,C,nan,False,0.000000,0,0,1.0,0.85714,1.0,1.0,1.0,1.0,1.0,1.0,1.0
7,1032,A,A,A,nan,False,0.000000,0,0,1.0,1.0,1.0,1.0,1.0,0.83333,1.0,1.0,1.0
7,1032,G,A,A,nan,False,0.017040,-6.249739697844318e-06,5.7552941903603724e-05,0.0,0.0,0.0,0.0,0.0,0.16667,0.0,0.0,0.0
8,1066,A,G,G,nan,False,-0.001005,-1.1878194779404642e-05,4.2390777797939844e-05,0.0,0.0,0.0,0.0,0.0,0.0,0.083333,0.0,0.0
8,1066,G,G,G,nan,False,0.000000,0,0,1.0,1.0,1.0,1.0,1.0,1.0,0.91667,1.0,1.0
9,1090,G,T,T,nan,False,-0.001040,1.3030528190224992e-05,4.27742973498681e-05,0.0,0.0,0.0,0.0,0.0,0.0,0.083333,0.0,0.0
9,1090,T,T,T,nan,False,0.000000,0,0,1.0,1.0,1.0,1.0,1.0,1.0,0.91667,1.0,1.0
10,1098,A,G,G,nan,False,0.000277,0.00035479944197185667,6.710799557549312e-05,0.0,0.0,0.0,0.0,0.0,0.0,0.083333,0.0,0.11111
10,1098,G,G,G,nan,False,0.000000,0,0,1.0,1.0,1.0,1.0,1.0,1.0,0.91667,1.0,0.88889
11,1110,A,A,A,nan,False,0.000000,0,0,1.0,1.0,1.0,1.0,1.0,1.0,1.0,0.9,1.0
11,1110,G,A,A,nan,False,0.006498,0.00010797333914263492,3.532013395877796e-05,0.0,0.0,0.0,0.0,0.0,0.0,0.0,0.1,0.0
12,1122,C,T,T,nan,False,-0.001010,1.0337087623012346e-05,4.2675892774380974e-05,0.0,0.0,0.0,0.0,0.0,0.0,0.083333,0.0,0.0
12,1122,T,T,T,nan,False,0.000000,0,0,1.0,1.0,1.0,1.0,1.0,1.0,0.91667,1.0,1.0
13,1141,A,G,G,nan,False,0.005816,0.00010011706297554965,3.4522066680240044e-05,0.0,0.0,0.0,0.0,0.0,0.0,0.0,0.1,0.0
13,1141,G,G,G,nan,False,0.000000,0,0,1.0,1.0,1.0,1.0,1.0,1.0,1.0,0.9,1.0
14,1261,A,G,G,VKVIEEKAF,True,-0.000484,-5.266080058277371e-05,1.5408704172206048e-05,0.0,0.0,0.0,0.0,0.083333,0.0,0.0,0.0,0.0
14,1261,G,G,G,VKVIEEKAF,False,0.000000,0,0,1.0,1.0,1.0,1.0,0.91667,1.0,1.0,1.0,1.0
15,1270,C,G,G,VKVIEEKAF,True,0.003686,0.00019347869894542359,5.367702206025684e-05,0.0,0.0,0.0,0.0,0.0,0.0,0.0,0.0,0.11111
15,1270,G,G,G,VKVIEEKAF,False,0.000000,0,0,1.0,1.0,1.0,1.0,1.0,1.0,1.0,1.0,0.88889
16,1272,C,G,G,VKVIEEKAF,True,0.003437,0.0002517091498701166,6.89134017846594e-05,0.0,0.0,0.0,0.0,0.0,0.0,0.0,0.0,0.11111
16,1272,G,G,G,VKVIEEKAF,False,0.000000,0,0,1.0,1.0,1.0,1.0,1.0,1.0,1.0,1.0,0.77778
16,1272,T,G,G,VKVIEEKAF,True,0.004570,0.0002719674927660188,7.472209395272591e-05,0.0,0.0,0.0,0.0,0.0,0.0,0.0,0.0,0.11111
17,1274,-,A,A,VKVIEEKAF,False,-0.000931,-0.0002126060005683417,7.077227992394696e-05,0.0,0.0,0.0,0.0,0.0,0.0,0.0,0.1,0.0
17,1274,A,A,A,VKVIEEKAF,False,0.000000,0,0,1.0,1.0,1.0,1.0,1.0,1.0,1.0,0.9,1.0
18,1275,-,A,G,VKVIEEKAF,False,-0.000931,-0.00021260600056829284,7.077227992394727e-05,0.0,0.0,0.0,0.0,0.0,0.0,0.0,0.1,0.0
18,1275,A,A,G,VKVIEEKAF,False,0.000000,0,0,1.0,1.0,1.0,1.0,1.0,1.0,1.0,0.9,1.0
19,1276,C,G,G,VKVIEEKAF,True,-0.001262,-0.00021641605962673954,7.071612423599072e-05,0.0,0.0,0.0,0.0,0.0,0.0,0.0,0.1,0.0
19,1276,G,G,G,VKVIEEKAF,False,0.000000,0,0,1.0,1.0,1.0,1.0,1.0,1.0,1.0,0.9,1.0
20,1278,C,T,T,VKVIEEKAF,False,-0.004564,3.220838986372125e-06,0.00010980733189810004,0.0,0.0,0.0,0.0,0.0,0.0,0.0,0.3,0.0
20,1278,T,T,T,VKVIEEKAF,False,0.000000,0,0,1.0,1.0,1.0,1.0,1.0,1.0,1.0,0.7,1.0
21,1360,A,G,G,nan,False,-0.001782,-0.0002224081871110364,7.069056282676515e-05,0.0,0.0,0.0,0.0,0.0,0.0,0.0,0.1,0.0
21,1360,G,G,G,nan,False,0.000000,0,0,1.0,1.0,1.0,1.0,1.0,1.0,1.0,0.9,1.0
22,1365,A,G,G,nan,False,-0.003085,-2.5912528990948998e-05,1.440520531069736e-05,0.0,0.0,0.0,0.0,0.083333,0.0,0.0,0.0,0.0
22,1365,G,G,G,nan,False,0.000000,0,0,1.0,1.0,1.0,1.0,0.91667,1.0,1.0,1.0,1.0
23,1420,-,G,G,nan,False,-0.000084,-1.7430432753563508e-05,1.3106229835161924e-05,0.0,0.0,0.0,0.14286,0.0,0.0,0.0,0.0,0.0
23,1420,G,G,G,nan,False,0.000000,0,0,1.0,1.0,1.0,0.85714,1.0,1.0,1.0,1.0,1.0
24,1421,-,A,A,nan,False,0.000263,-1.3433016652648395e-05,1.2787517706650335e-05,0.0,0.0,0.0,0.14286,0.0,0.0,0.0,0.0,0.0
24,1421,A,A,A,nan,False,0.000000,0,0,1.0,1.0,1.0,0.85714,1.0,1.0,1.0,1.0,1.0
25,1422,-,A,A,nan,False,0.000263,-1.3433016652648095e-05,1.2787517706650285e-05,0.0,0.0,0.0,0.14286,0.0,0.0,0.0,0.0,0.0
25,1422,A,A,A,nan,False,0.000000,0,0,1.0,1.0,1.0,0.85714,1.0,1.0,1.0,1.0,1.0
26,1423,-,T,T,nan,False,-0.000014,-1.6630949536334053e-05,1.304189957131134e-05,0.0,0.0,0.0,0.14286,0.0,0.0,0.0,0.0,0.0
26,1423,T,T,T,nan,False,0.000000,0,0,1.0,1.0,1.0,0.85714,1.0,1.0,1.0,1.0,1.0
27,1424,-,G,G,nan,False,-0.000084,-1.7430432753563616e-05,1.3106229835161927e-05,0.0,0.0,0.0,0.14286,0.0,0.0,0.0,0.0,0.0
27,1424,G,G,G,nan,False,0.000000,0,0,1.0,1.0,1.0,0.85714,1.0,1.0,1.0,1.0,1.0
28,1425,-,G,G,nan,False,-0.000084,-1.7430432753563623e-05,1.3106229835161934e-05,0.0,0.0,0.0,0.14286,0.0,0.0,0.0,0.0,0.0
28,1425,G,G,G,nan,False,0.000000,0,0,1.0,1.0,1.0,0.85714,1.0,1.0,1.0,1.0,1.0
29,1426,-,G,G,nan,False,-0.000084,-1.743043275356367e-05,1.3106229835161934e-05,0.0,0.0,0.0,0.14286,0.0,0.0,0.0,0.0,0.0
29,1426,G,G,G,nan,False,0.000000,0,0,1.0,1.0,1.0,0.85714,1.0,1.0,1.0,1.0,1.0
30,1427,-,A,A,nan,False,0.000263,-1.3433016652648071e-05,1.2787517706650339e-05,0.0,0.0,0.0,0.14286,0.0,0.0,0.0,0.0,0.0
30,1427,A,A,A,nan,False,0.000000,0,0,1.0,1.0,1.0,0.85714,1.0,1.0,1.0,1.0,1.0
31,1428,-,T,T,nan,False,-0.000014,-1.6630949536334087e-05,1.3041899571311346e-05,0.0,0.0,0.0,0.14286,0.0,0.0,0.0,0.0,0.0
31,1428,T,T,T,nan,False,0.000000,0,0,1.0,1.0,1.0,0.85714,1.0,1.0,1.0,1.0,1.0
32,1429,-,A,A,nan,False,0.000263,-1.3433016652648234e-05,1.2787517706650339e-05,0.0,0.0,0.0,0.14286,0.0,0.0,0.0,0.0,0.0
32,1429,A,A,A,nan,False,0.000000,0,0,1.0,1.0,1.0,0.85714,1.0,1.0,1.0,1.0,1.0
33,1430,-,G,G,nan,False,-0.000084,-1.743043275356378e-05,1.3106229835161975e-05,0.0,0.0,0.0,0.14286,0.0,0.0,0.0,0.0,0.0
33,1430,G,G,G,nan,False,0.000000,0,0,1.0,1.0,1.0,0.85714,1.0,1.0,1.0,1.0,1.0
34,1431,-,G,A,nan,False,-0.000084,-1.7430432753563565e-05,1.310622983516197e-05,0.0,0.0,0.0,0.14286,0.0,0.0,0.0,0.0,0.0
34,1431,G,G,A,nan,False,0.000000,0,0,1.0,1.0,1.0,0.85714,1.0,1.0,1.0,1.0,1.0
35,1432,-,A,T,nan,False,0.000263,-1.3433016652648166e-05,1.2787517706650359e-05,0.0,0.0,0.0,0.14286,0.0,0.0,0.0,0.0,0.0
35,1432,A,A,T,nan,False,0.000000,0,0,1.0,1.0,1.0,0.85714,1.0,1.0,1.0,1.0,1.0
36,1433,-,T,T,nan,False,-0.000014,-1.6630949536334497e-05,1.3041899571311358e-05,0.0,0.0,0.0,0.14286,0.0,0.0,0.0,0.0,0.0
36,1433,T,T,T,nan,False,0.000000,0,0,1.0,1.0,1.0,0.85714,1.0,1.0,1.0,1.0,1.0
37,1434,-,G,A,nan,False,-0.000084,-1.7430432753563708e-05,1.3106229835161907e-05,0.0,0.0,0.0,0.14286,0.0,0.0,0.0,0.0,0.0
37,1434,G,G,A,nan,False,0.000000,0,0,1.0,1.0,1.0,0.85714,1.0,1.0,1.0,1.0,1.0
38,1435,-,C,C,nan,False,-0.000064,-1.7202008980557873e-05,1.3087820459608649e-05,0.0,0.0,0.0,0.14286,0.0,0.0,0.0,0.0,0.0
38,1435,C,C,C,nan,False,0.000000,0,0,1.0,1.0,1.0,0.85714,1.0,1.0,1.0,1.0,1.0
39,1436,-,A,A,nan,False,0.000263,-1.3433016652648258e-05,1.2787517706650313e-05,0.0,0.0,0.0,0.14286,0.0,0.0,0.0,0.0,0.0
39,1436,A,A,A,nan,False,0.000000,0,0,1.0,1.0,1.0,0.85714,1.0,1.0,1.0,1.0,1.0
40,1437,-,T,T,nan,False,-0.000014,-1.6630949536334423e-05,1.30418995713114e-05,0.0,0.0,0.0,0.14286,0.0,0.0,0.0,0.0,0.0
40,1437,T,T,T,nan,False,0.000000,0,0,1.0,1.0,1.0,0.85714,1.0,1.0,1.0,1.0,1.0
41,1438,-,C,C,nan,False,-0.000064,-1.7202008980558077e-05,1.308782045960859e-05,0.0,0.0,0.0,0.14286,0.0,0.0,0.0,0.0,0.0
41,1438,C,C,C,nan,False,0.000000,0,0,1.0,1.0,1.0,0.85714,1.0,1.0,1.0,1.0,1.0
42,1439,-,C,C,nan,False,-0.000064,-1.7202008980558087e-05,1.30878204596086e-05,0.0,0.0,0.0,0.14286,0.0,0.0,0.0,0.0,0.0
42,1439,C,C,C,nan,False,0.000000,0,0,1.0,1.0,1.0,0.85714,1.0,1.0,1.0,1.0,1.0
43,1440,-,A,A,nan,False,0.000263,-1.3433016652648251e-05,1.2787517706650303e-05,0.0,0.0,0.0,0.14286,0.0,0.0,0.0,0.0,0.0
43,1440,A,A,A,nan,False,0.000000,0,0,1.0,1.0,1.0,0.85714,1.0,1.0,1.0,1.0,1.0
44,1441,-,G,G,nan,False,-0.000084,-1.7430432753563816e-05,1.3106229835162003e-05,0.0,0.0,0.0,0.14286,0.0,0.0,0.0,0.0,0.0
44,1441,G,G,G,nan,False,0.000000,0,0,1.0,1.0,1.0,0.85714,1.0,1.0,1.0,1.0,1.0
45,1442,-,T,T,nan,False,-0.000014,-1.6630949536334524e-05,1.3041899571311394e-05,0.0,0.0,0.0,0.14286,0.0,0.0,0.0,0.0,0.0
45,1442,T,T,T,nan,False,0.000000,0,0,1.0,1.0,1.0,0.85714,1.0,1.0,1.0,1.0,1.0
46,1443,-,G,A,nan,False,-0.000084,-1.7430432753563853e-05,1.3106229835161922e-05,0.0,0.0,0.0,0.14286,0.0,0.0,0.0,0.0,0.0
46,1443,G,G,A,nan,False,0.000000,0,0,1.0,1.0,1.0,0.85714,1.0,1.0,1.0,1.0,1.0
47,1444,-,C,C,nan,False,-0.000064,-1.720200898055795e-05,1.308782045960861e-05,0.0,0.0,0.0,0.14286,0.0,0.0,0.0,0.0,0.0
47,1444,C,C,C,nan,False,0.000000,0,0,1.0,1.0,1.0,0.85714,1.0,1.0,1.0,1.0,1.0
48,1445,-,A,A,nan,False,0.000263,-1.3433016652648214e-05,1.278751770665033e-05,0.0,0.0,0.0,0.14286,0.0,0.0,0.0,0.0,0.0
48,1445,A,A,A,nan,False,0.000000,0,0,1.0,1.0,1.0,0.85714,1.0,1.0,1.0,1.0,1.0
49,1446,-,T,T,nan,False,-0.000014,-1.663094953633418e-05,1.3041899571311353e-05,0.0,0.0,0.0,0.14286,0.0,0.0,0.0,0.0,0.0
49,1446,T,T,T,nan,False,0.000000,0,0,1.0,1.0,1.0,0.85714,1.0,1.0,1.0,1.0,1.0
50,1447,-,G,G,nan,False,-0.000084,-1.743043275356349e-05,1.310622983516198e-05,0.0,0.0,0.0,0.14286,0.0,0.0,0.0,0.0,0.0
50,1447,G,G,G,nan,False,0.000000,0,0,1.0,1.0,1.0,0.85714,1.0,1.0,1.0,1.0,1.0
51,1448,-,C,C,nan,False,-0.000064,-1.720200898055777e-05,1.3087820459608598e-05,0.0,0.0,0.0,0.14286,0.0,0.0,0.0,0.0,0.0
51,1448,C,C,C,nan,False,0.000000,0,0,1.0,1.0,1.0,0.85714,1.0,1.0,1.0,1.0,1.0
52,1449,-,A,A,nan,False,0.000263,-1.3433016652648151e-05,1.2787517706650425e-05,0.0,0.0,0.0,0.14286,0.0,0.0,0.0,0.0,0.0
52,1449,A,A,A,nan,False,0.000000,0,0,1.0,1.0,1.0,0.85714,1.0,1.0,1.0,1.0,1.0
53,1450,-,G,G,nan,False,-0.000084,-1.7430432753563664e-05,1.3106229835161973e-05,0.0,0.0,0.0,0.14286,0.0,0.0,0.0,0.0,0.0
53,1450,G,G,G,nan,False,0.000000,0,0,1.0,1.0,1.0,0.85714,1.0,1.0,1.0,1.0,1.0
54,1451,-,G,G,nan,False,-0.000084,-1.7430432753563657e-05,1.3106229835162029e-05,0.0,0.0,0.0,0.14286,0.0,0.0,0.0,0.0,0.0
54,1451,G,G,G,nan,False,0.000000,0,0,1.0,1.0,1.0,0.85714,1.0,1.0,1.0,1.0,1.0
55,1452,-,G,G,nan,False,-0.000084,-1.743043275356344e-05,1.3106229835162014e-05,0.0,0.0,0.0,0.14286,0.0,0.0,0.0,0.0,0.0
55,1452,G,G,G,nan,False,0.000000,0,0,1.0,1.0,1.0,0.85714,1.0,1.0,1.0,1.0,1.0
56,1453,-,C,C,nan,False,-0.000064,-1.720200898055789e-05,1.3087820459608637e-05,0.0,0.0,0.0,0.14286,0.0,0.0,0.0,0.0,0.0
56,1453,C,C,C,nan,False,0.000000,0,0,1.0,1.0,1.0,0.85714,1.0,1.0,1.0,1.0,1.0
57,1454,-,C,C,nan,False,-0.000064,-1.7202008980557758e-05,1.3087820459608583e-05,0.0,0.0,0.0,0.14286,0.0,0.0,0.0,0.0,0.0
57,1454,C,C,C,nan,False,0.000000,0,0,1.0,1.0,1.0,0.85714,1.0,1.0,1.0,1.0,1.0
58,1455,-,T,T,nan,False,0.001528,-2.2546391782056447e-05,1.8950810462708084e-05,0.0,0.0,0.0,0.14286,0.0,0.0,0.0,0.0,0.0
58,1455,C,T,T,nan,False,0.002482,-2.700038751129751e-05,1.9691424632870927e-05,0.0,0.0,0.0,0.0,0.083333,0.0,0.0,0.0,0.0
58,1455,T,T,T,nan,False,0.000000,0,0,1.0,1.0,1.0,0.85714,0.91667,1.0,1.0,1.0,1.0
59,1456,-,G,A,nan,False,-0.000084,-1.7430432753563718e-05,1.3106229835161936e-05,0.0,0.0,0.0,0.14286,0.0,0.0,0.0,0.0,0.0
59,1456,G,G,A,nan,False,0.000000,0,0,1.0,1.0,1.0,0.85714,1.0,1.0,1.0,1.0,1.0
60,1457,-,C,T,nan,False,-0.000064,-1.7202008980557938e-05,1.3087820459608632e-05,0.0,0.0,0.0,0.14286,0.0,0.0,0.0,0.0,0.0
60,1457,C,C,T,nan,False,0.000000,0,0,1.0,1.0,1.0,0.85714,1.0,1.0,1.0,1.0,1.0
61,1458,-,T,T,nan,False,-0.000014,-1.6630949536334114e-05,1.3041899571311399e-05,0.0,0.0,0.0,0.14286,0.0,0.0,0.0,0.0,0.0
61,1458,T,T,T,nan,False,0.000000,0,0,1.0,1.0,1.0,0.85714,1.0,1.0,1.0,1.0,1.0
62,1459,-,G,G,nan,False,-0.000084,-1.7430432753563654e-05,1.310622983516199e-05,0.0,0.0,0.0,0.14286,0.0,0.0,0.0,0.0,0.0
62,1459,G,G,G,nan,False,0.000000,0,0,1.0,1.0,1.0,0.85714,1.0,1.0,1.0,1.0,1.0
63,1460,-,C,C,nan,False,-0.000064,-1.7202008980557775e-05,1.3087820459608627e-05,0.0,0.0,0.0,0.14286,0.0,0.0,0.0,0.0,0.0
63,1460,C,C,C,nan,False,0.000000,0,0,1.0,1.0,1.0,0.85714,1.0,1.0,1.0,1.0,1.0
64,1461,-,A,A,nan,False,0.000263,-1.3433016652648092e-05,1.278751770665041e-05,0.0,0.0,0.0,0.14286,0.0,0.0,0.0,0.0,0.0
64,1461,A,A,A,nan,False,0.000000,0,0,1.0,1.0,1.0,0.85714,1.0,1.0,1.0,1.0,1.0
65,1467,C,C,C,nan,False,0.000000,0,0,1.0,1.0,1.0,1.0,1.0,1.0,0.91667,1.0,1.0
65,1467,T,C,C,nan,False,-0.000965,-1.0115084343852504e-05,4.2400804198436245e-05,0.0,0.0,0.0,0.0,0.0,0.0,0.083333,0.0,0.0
66,1511,G,G,G,nan,False,0.000000,0,0,1.0,1.0,1.0,1.0,1.0,1.0,0.91667,1.0,1.0
66,1511,T,G,G,nan,False,-0.000826,1.2443914482572594e-05,4.271082262135196e-05,0.0,0.0,0.0,0.0,0.0,0.0,0.083333,0.0,0.0
67,1514,A,A,C,nan,False,0.000000,0,0,1.0,1.0,1.0,1.0,1.0,1.0,1.0,0.6,0.44444
67,1514,C,A,C,nan,False,0.019904,0.0010253854376006029,0.00020368882019273216,0.0,0.0,0.0,0.0,0.0,0.0,0.0,0.4,0.55556
68,1563,A,G,G,nan,False,-0.004674,0.0004288833227469552,0.00012239978951110027,0.0,0.0,0.0,0.0,0.0,0.0,0.0,0.4,0.11111
68,1563,G,G,G,nan,False,0.000000,0,0,1.0,1.0,1.0,1.0,1.0,1.0,1.0,0.6,0.88889
69,1566,A,A,A,nan,False,0.000000,0,0,1.0,0.85714,1.0,1.0,1.0,1.0,1.0,1.0,1.0
69,1566,G,A,A,nan,False,0.000046,-8.62088458878749e-06,7.468049779053468e-06,0.0,0.14286,0.0,0.0,0.0,0.0,0.0,0.0,0.0
70,1596,G,G,G,nan,False,0.000000,0,0,1.0,1.0,1.0,1.0,1.0,1.0,1.0,0.9,1.0
70,1596,T,G,G,nan,False,0.006275,0.00010540658722071513,3.506149298545939e-05,0.0,0.0,0.0,0.0,0.0,0.0,0.0,0.1,0.0
71,1597,C,T,T,nan,False,-0.013629,-7.304369381852415e-06,0.00025520590250531635,0.0,0.0,0.0,0.0,0.0,0.0,0.5,0.0,0.0
71,1597,T,T,T,nan,False,0.000000,0,0,1.0,1.0,1.0,1.0,1.0,1.0,0.5,1.0,1.0
72,1665,C,C,C,nan,False,0.000000,0,0,1.0,1.0,1.0,1.0,1.0,0.83333,1.0,1.0,1.0
72,1665,T,C,C,nan,False,-0.007794,-6.717522962850705e-05,5.669082367313706e-05,0.0,0.0,0.0,0.0,0.0,0.16667,0.0,0.0,0.0
73,1764,C,T,T,nan,False,0.033030,0.0012749158246958138,0.000227492441990533,0.0,0.0,0.0,0.0,0.0,0.0,0.083333,0.4,0.55556
73,1764,T,T,T,nan,False,0.000000,0,0,1.0,1.0,1.0,1.0,1.0,1.0,0.91667,0.6,0.44444
74,1809,A,G,G,nan,False,0.008475,2.5546543502525848e-05,9.29683137258559e-06,0.0,0.0,0.0,0.0,0.0,0.0,0.0,0.0,0.11111
74,1809,G,G,G,nan,False,0.000000,0,0,1.0,1.0,1.0,1.0,1.0,1.0,1.0,1.0,0.88889
75,1860,C,C,C,nan,False,0.000000,0,0,1.0,1.0,1.0,1.0,1.0,1.0,1.0,1.0,0.88889
75,1860,T,C,C,nan,False,0.003316,0.00018922027831549896,5.364491495878167e-05,0.0,0.0,0.0,0.0,0.0,0.0,0.0,0.0,0.11111
76,1875,-,T,G,nan,False,-0.002976,5.6113980721333e-05,3.2761561460858824e-05,0.0,0.0,0.0,0.0,0.0,0.0,0.0,0.1,0.0
76,1875,T,T,G,nan,False,0.000000,0,0,1.0,1.0,1.0,1.0,1.0,1.0,1.0,0.9,1.0
77,1901,A,A,A,nan,False,0.000000,0,0,1.0,1.0,1.0,1.0,1.0,1.0,1.0,1.0,0.77778
77,1901,G,A,A,nan,False,0.012352,0.0003949530740182817,0.00010769611666488303,0.0,0.0,0.0,0.0,0.0,0.0,0.0,0.0,0.22222
78,1908,C,T,-,nan,False,-0.001260,1.0502145051939912e-05,4.273263979321913e-05,0.0,0.0,0.0,0.0,0.0,0.0,0.083333,0.0,0.0
78,1908,T,T,-,nan,False,0.000000,0,0,1.0,1.0,1.0,1.0,1.0,1.0,0.91667,1.0,1.0
79,1913,A,G,C,nan,False,0.013887,5.043231569115142e-05,1.5281063011945123e-05,0.0,0.0,0.0,0.0,0.0,0.0,0.0,0.0,0.22222
79,1913,G,G,C,nan,False,0.000000,0,0,1.0,1.0,1.0,1.0,1.0,1.0,1.0,1.0,0.77778
80,1928,A,A,G,nan,False,0.000000,0,0,1.0,1.0,1.0,1.0,1.0,1.0,0.91667,1.0,1.0
80,1928,G,A,G,nan,False,-0.000603,1.5015814887329906e-05,4.2750182897091836e-05,0.0,0.0,0.0,0.0,0.0,0.0,0.083333,0.0,0.0
81,1954,A,A,A,nan,False,0.000000,0,0,1.0,1.0,0.8,0.85714,0.75,0.66667,1.0,1.0,1.0
81,1954,G,A,A,nan,False,0.009535,-8.391795489646096e-05,0.00014530421994119765,0.0,0.0,0.2,0.14286,0.25,0.33333,0.0,0.0,0.0
82,1977,C,C,C,nan,False,0.000000,0,0,1.0,1.0,1.0,1.0,1.0,1.0,0.91667,0.8,0.66667
82,1977,T,C,C,nan,False,0.011511,0.000597810152156863,9.714317638848534e-05,0.0,0.0,0.0,0.0,0.0,0.0,0.083333,0.2,0.33333
83,1981,A,G,G,nan,False,-0.001005,-1.1878194779405284e-05,4.2390777797939844e-05,0.0,0.0,0.0,0.0,0.0,0.0,0.083333,0.0,0.0
83,1981,G,G,G,nan,False,0.000000,0,0,1.0,1.0,1.0,1.0,1.0,1.0,0.91667,1.0,1.0
84,1995,C,C,C,nan,False,0.000000,0,0,1.0,0.85714,1.0,1.0,1.0,1.0,1.0,1.0,0.77778
84,1995,T,C,C,nan,False,0.008565,0.0003846421595477122,0.00010624333218961687,0.0,0.14286,0.0,0.0,0.0,0.0,0.0,0.0,0.22222
85,2013,-,C,T,nan,False,-0.002954,5.3244253036214934e-05,3.27356358176066e-05,0.0,0.0,0.0,0.0,0.0,0.0,0.0,0.1,0.0
85,2013,C,C,T,nan,False,0.000000,0,0,1.0,1.0,1.0,1.0,1.0,1.0,1.0,0.9,1.0
86,2284,C,T,T,nan,False,-0.005049,-1.1535276710496871e-05,4.2432010097051867e-05,0.0,0.0,0.0,0.0,0.0,0.0,0.083333,0.0,0.0
86,2284,T,T,T,nan,False,0.000000,0,0,1.0,1.0,1.0,1.0,1.0,1.0,0.91667,1.0,1.0
87,2294,A,G,A,nan,False,-0.007049,0.00024148667467631247,3.877139154171332e-05,0.0,0.0,0.0,0.0,0.0,0.0,0.083333,0.1,0.11111
87,2294,G,G,A,nan,False,0.000000,0,0,1.0,1.0,1.0,1.0,1.0,1.0,0.91667,0.9,0.88889
88,2295,A,G,G,nan,False,-0.001286,7.159538725214971e-06,4.263125971374793e-05,0.0,0.0,0.0,0.0,0.0,0.0,0.083333,0.0,0.0
88,2295,G,G,G,nan,False,0.000000,0,0,1.0,1.0,1.0,1.0,1.0,1.0,0.91667,1.0,1.0
89,2302,A,G,G,nan,False,-0.008970,0.00022838643188843034,0.000132030222138374,0.0,0.0,0.0,0.0,0.0,0.0,0.0,0.4,0.0
89,2302,G,G,G,nan,False,0.000000,0,0,1.0,1.0,1.0,1.0,1.0,1.0,1.0,0.6,1.0
90,2374,-,A,A,nan,False,0.004029,0.0001974337436048564,5.3700116490656725e-05,0.0,0.0,0.0,0.0,0.0,0.0,0.0,0.0,0.11111
90,2374,A,A,A,nan,False,0.000000,0,0,1.0,1.0,1.0,1.0,1.0,1.0,1.0,1.0,0.88889
91,2416,A,A,A,nan,False,0.000000,0,0,1.0,1.0,1.0,1.0,1.0,1.0,1.0,0.9,1.0
91,2416,G,A,A,nan,False,-0.003033,5.488542216161133e-05,3.286869500974298e-05,0.0,0.0,0.0,0.0,0.0,0.0,0.0,0.1,0.0
92,2419,C,T,T,nan,False,-0.001260,1.0502145051939988e-05,4.2732639793219126e-05,0.0,0.0,0.0,0.0,0.0,0.0,0.083333,0.0,0.0
92,2419,T,T,T,nan,False,0.000000,0,0,1.0,1.0,1.0,1.0,1.0,1.0,0.91667,1.0,1.0
93,2439,C,C,C,nan,False,0.000000,0,0,1.0,1.0,0.8,0.85714,0.75,0.66667,1.0,1.0,1.0
93,2439,T,C,C,nan,False,0.009028,-8.974481601957967e-05,0.00014574297496148766,0.0,0.0,0.2,0.14286,0.25,0.33333,0.0,0.0,0.0
94,2500,A,A,A,nan,False,0.000000,0,0,1.0,1.0,0.8,0.85714,1.0,1.0,1.0,1.0,1.0
94,2500,G,A,A,nan,False,0.001423,-4.913409057691799e-05,1.878348083419814e-05,0.0,0.0,0.2,0.14286,0.0,0.0,0.0,0.0,0.0
95,2520,C,T,T,nan,False,0.001038,0.000457206338292388,0.00012533122612997017,0.0,0.0,0.0,0.0,0.0,0.0,0.0,0.4,0.22222
95,2520,T,T,T,nan,False,0.000000,0,0,1.0,1.0,1.0,1.0,1.0,1.0,1.0,0.6,0.77778
96,2527,A,A,A,nan,False,0.000000,0,0,1.0,1.0,0.8,1.0,1.0,1.0,1.0,1.0,1.0
96,2527,T,A,A,nan,False,0.000512,-3.3611971662726584e-05,9.120609885778169e-06,0.0,0.0,0.2,0.0,0.0,0.0,0.0,0.0,0.0
97,2588,G,G,G,nan,False,0.000000,0,0,1.0,1.0,1.0,1.0,1.0,1.0,1.0,1.0,0.88889
97,2588,T,G,G,nan,False,0.004740,1.715027311990477e-05,5.851072298070589e-06,0.0,0.0,0.0,0.0,0.0,0.0,0.0,0.0,0.11111
98,2636,A,G,G,nan,False,-0.000137,-4.3814518715337086e-05,9.766709711150782e-06,0.0,0.0,0.2,0.0,0.0,0.0,0.0,0.0,0.0
98,2636,G,G,G,nan,False,0.000000,0,0,1.0,1.0,0.8,1.0,1.0,1.0,1.0,1.0,1.0
99,2706,A,G,G,nan,False,0.000948,-2.6766635103700087e-05,1.367674466103817e-05,0.0,0.0,0.0,0.14286,0.0,0.0,0.0,0.0,0.0
99,2706,G,G,G,nan,False,0.000000,0,0,1.0,1.0,1.0,0.85714,1.0,1.0,1.0,1.0,1.0
100,2733,G,G,G,nan,False,0.000000,0,0,1.0,1.0,1.0,1.0,1.0,1.0,1.0,0.9,1.0
100,2733,T,G,G,nan,False,-0.001497,9.798579000161896e-05,3.4380638270015636e-05,0.0,0.0,0.0,0.0,0.0,0.0,0.0,0.1,0.0
101,2741,A,G,A,nan,False,0.000768,0.00014545753354139708,4.197013406763525e-05,0.0,0.0,0.0,0.0,0.0,0.0,0.0,0.0,0.11111
101,2741,G,G,A,nan,False,0.000000,0,0,1.0,1.0,1.0,1.0,1.0,1.0,1.0,1.0,0.88889
102,2748,G,G,G,nan,False,0.000000,0,0,1.0,1.0,1.0,1.0,1.0,1.0,0.91667,1.0,1.0
102,2748,T,G,G,nan,False,-0.001537,1.2768087202990036e-05,4.282477880682014e-05,0.0,0.0,0.0,0.0,0.0,0.0,0.083333,0.0,0.0
103,2777,C,T,T,nan,False,-0.004190,0.000201425812557763,8.474958844043171e-05,0.0,0.0,0.0,0.0,0.0,0.0,0.083333,0.2,0.0
103,2777,T,T,T,nan,False,0.000000,0,0,1.0,1.0,1.0,1.0,1.0,1.0,0.91667,0.8,1.0
104,2783,A,G,G,nan,False,-0.000636,-1.647716074594462e-05,8.015907171274692e-06,0.0,0.14286,0.0,0.0,0.0,0.0,0.0,0.0,0.0
104,2783,G,G,G,nan,False,0.000000,0,0,1.0,0.85714,1.0,1.0,1.0,1.0,1.0,1.0,1.0
105,2852,A,A,A,nan,False,0.000000,0,0,1.0,1.0,1.0,1.0,1.0,1.0,1.0,1.0,0.77778
105,2852,G,A,A,nan,False,0.012352,0.00039495307401828653,0.00010769611666488411,0.0,0.0,0.0,0.0,0.0,0.0,0.0,0.0,0.22222
106,2913,A,G,G,nan,False,-0.001782,-0.00022240818711117766,7.069056282676381e-05,0.0,0.0,0.0,0.0,0.0,0.0,0.0,0.1,0.0
106,2913,G,G,G,nan,False,0.000000,0,0,1.0,1.0,1.0,1.0,1.0,1.0,1.0,0.9,1.0
107,2914,A,A,A,nan,False,0.000000,0,0,1.0,1.0,0.8,1.0,1.0,1.0,1.0,1.0,1.0
107,2914,G,A,A,nan,False,0.000338,-3.5618441196005846e-05,9.227836349932053e-06,0.0,0.0,0.2,0.0,0.0,0.0,0.0,0.0,0.0
108,2918,C,C,C,nan,False,0.000000,0,0,1.0,1.0,1.0,1.0,0.91667,1.0,1.0,1.0,1.0
108,2918,T,C,C,nan,False,0.001720,-2.3083962997925582e-05,1.4278119679652903e-05,0.0,0.0,0.0,0.0,0.083333,0.0,0.0,0.0,0.0
109,2945,A,A,A,nan,False,0.000000,0,0,1.0,1.0,1.0,1.0,1.0,0.83333,1.0,1.0,1.0
109,2945,C,A,A,nan,False,-0.007118,-5.940399937170508e-05,5.615231154028844e-05,0.0,0.0,0.0,0.0,0.0,0.16667,0.0,0.0,0.0
110,2972,A,A,G,nan,False,0.000000,0,0,1.0,1.0,1.0,1.0,1.0,1.0,1.0,1.0,0.88889
110,2972,G,A,G,nan,False,-0.000143,1.3942719783078893e-05,4.6212312688937056e-06,0.0,0.0,0.0,0.0,0.0,0.0,0.0,0.0,0.11111
111,3006,A,T,T,nan,False,0.003826,0.00010768889970247996,3.522337024672248e-05,0.0,0.0,0.0,0.0,0.0,0.0,0.0,0.1,0.0
111,3006,T,T,T,nan,False,0.000000,0,0,1.0,1.0,1.0,1.0,1.0,1.0,1.0,0.9,1.0
112,3007,-,G,G,nan,False,0.003848,0.00010795244861885521,3.52526951699106e-05,0.0,0.0,0.0,0.0,0.0,0.0,0.0,0.1,0.0
112,3007,G,G,G,nan,False,0.000000,0,0,1.0,1.0,1.0,1.0,1.0,1.0,1.0,0.9,1.0
113,3008,-,G,G,nan,False,0.003848,0.00010795244861885494,3.525269516991047e-05,0.0,0.0,0.0,0.0,0.0,0.0,0.0,0.1,0.0
113,3008,G,G,G,nan,False,0.000000,0,0,1.0,1.0,1.0,1.0,1.0,1.0,1.0,0.9,1.0
114,3023,A,A,A,nan,False,0.000000,0,0,1.0,1.0,1.0,0.85714,1.0,1.0,1.0,1.0,1.0
114,3023,C,A,A,nan,False,0.001347,-1.6947312307670192e-05,1.287249528526094e-05,0.0,0.0,0.0,0.14286,0.0,0.0,0.0,0.0,0.0
115,3032,A,G,G,nan,False,0.006651,0.0003626977654449622,0.00010233622089779686,0.0,0.0,0.0,0.0,0.0,0.0,0.0,0.0,0.11111
115,3032,G,G,G,nan,False,0.000000,0,0,1.0,1.0,1.0,1.0,1.0,1.0,1.0,1.0,0.88889
116,3043,C,C,C,nan,False,0.000000,0,0,1.0,1.0,1.0,1.0,0.91667,1.0,1.0,1.0,1.0
116,3043,T,C,C,nan,False,-0.003199,-2.4428271875854977e-05,1.4251631097288884e-05,0.0,0.0,0.0,0.0,0.083333,0.0,0.0,0.0,0.0
117,3123,A,G,G,nan,False,-0.003483,4.7148886797748925e-05,3.216547376354955e-05,0.0,0.0,0.0,0.0,0.0,0.0,0.0,0.1,0.0
117,3123,G,G,G,nan,False,0.000000,0,0,1.0,1.0,1.0,1.0,1.0,1.0,1.0,0.9,1.0
118,3192,A,A,A,nan,False,0.000000,0,0,1.0,1.0,1.0,1.0,0.91667,1.0,1.0,1.0,1.0
118,3192,G,A,A,nan,False,-0.002403,-1.8056252832602756e-05,1.3736695316257725e-05,0.0,0.0,0.0,0.0,0.083333,0.0,0.0,0.0,0.0
119,3197,A,A,A,nan,False,0.000000,0,0,1.0,1.0,1.0,1.0,1.0,1.0,1.0,1.0,0.88889
119,3197,G,A,A,nan,False,0.019930,0.0003941926976617399,0.00010898891586176216,0.0,0.0,0.0,0.0,0.0,0.0,0.0,0.0,0.11111
120,3224,A,C,C,nan,False,0.003712,0.00010638016902711826,3.5089073462093046e-05,0.0,0.0,0.0,0.0,0.0,0.0,0.0,0.1,0.0
120,3224,C,C,C,nan,False,0.000000,0,0,1.0,1.0,1.0,1.0,1.0,1.0,1.0,0.9,1.0
121,3292,A,A,A,nan,False,0.000000,0,0,1.0,1.0,1.0,0.85714,1.0,1.0,1.0,1.0,1.0
121,3292,G,A,A,nan,False,0.001403,-1.8946608068417546e-05,1.3030301893532322e-05,0.0,0.0,0.0,0.14286,0.0,0.0,0.0,0.0,0.0
122,3305,G,G,G,nan,False,0.000000,0,0,1.0,1.0,1.0,1.0,1.0,1.0,1.0,1.0,0.88889
122,3305,T,G,G,nan,False,0.001231,0.00015079066244611048,4.2030761875467305e-05,0.0,0.0,0.0,0.0,0.0,0.0,0.0,0.0,0.11111
123,3315,A,G,G,nan,False,-0.001624,4.5545540207860885e-05,3.2051684150490724e-05,0.0,0.0,0.0,0.0,0.0,0.0,0.0,0.1,0.0
123,3315,G,G,G,nan,False,0.000000,0,0,1.0,1.0,1.0,1.0,1.0,1.0,1.0,0.9,1.0
124,3318,A,A,A,nan,False,0.000000,0,0,1.0,1.0,1.0,1.0,0.91667,1.0,1.0,1.0,1.0
124,3318,G,A,A,nan,False,-0.001749,-1.9237645911853075e-05,1.3738885169975013e-05,0.0,0.0,0.0,0.0,0.083333,0.0,0.0,0.0,0.0
125,3368,A,G,G,nan,False,-0.001956,9.269626575719095e-05,3.384525871769908e-05,0.0,0.0,0.0,0.0,0.0,0.0,0.0,0.1,0.0
125,3368,G,G,G,nan,False,0.000000,0,0,1.0,1.0,1.0,1.0,1.0,1.0,1.0,0.9,1.0
126,3539,G,G,G,nan,False,0.000000,0,0,1.0,1.0,1.0,1.0,1.0,1.0,1.0,1.0,0.88889
126,3539,T,G,G,nan,False,0.003624,0.0001927613917661872,5.3670968441116145e-05,0.0,0.0,0.0,0.0,0.0,0.0,0.0,0.0,0.11111
127,3627,A,G,G,nan,False,-0.006031,8.953246486350943e-07,4.3040725991645986e-05,0.0,0.0,0.0,0.0,0.0,0.0,0.083333,0.0,0.0
127,3627,G,G,G,nan,False,0.000000,0,0,1.0,1.0,1.0,1.0,1.0,1.0,0.91667,1.0,1.0
128,3682,-,A,A,nan,False,0.001637,0.0001554630142862757,4.206724385840389e-05,0.0,0.0,0.0,0.0,0.0,0.0,0.0,0.0,0.11111
128,3682,A,A,A,nan,False,0.000000,0,0,1.0,1.0,1.0,1.0,1.0,1.0,1.0,1.0,0.88889
129,3683,-,A,A,nan,False,0.001637,0.0001554630142862754,4.206724385840385e-05,0.0,0.0,0.0,0.0,0.0,0.0,0.0,0.0,0.11111
129,3683,A,A,A,nan,False,0.000000,0,0,1.0,1.0,1.0,1.0,1.0,1.0,1.0,1.0,0.88889
130,3684,-,T,A,nan,False,0.001360,0.00015227524282336637,4.202877915668318e-05,0.0,0.0,0.0,0.0,0.0,0.0,0.0,0.0,0.11111
130,3684,T,T,A,nan,False,0.000000,0,0,1.0,1.0,1.0,1.0,1.0,1.0,1.0,1.0,0.88889
131,3685,-,G,G,nan,False,0.001291,0.00015147829993553588,4.201962857536041e-05,0.0,0.0,0.0,0.0,0.0,0.0,0.0,0.0,0.11111
131,3685,G,G,G,nan,False,0.000000,0,0,1.0,1.0,1.0,1.0,1.0,1.0,1.0,1.0,0.88889
132,3686,-,C,C,nan,False,0.001311,0.0001517059979012666,4.202222400242179e-05,0.0,0.0,0.0,0.0,0.0,0.0,0.0,0.0,0.11111
132,3686,C,C,C,nan,False,0.000000,0,0,1.0,1.0,1.0,1.0,1.0,1.0,1.0,1.0,0.88889
133,3687,-,A,A,nan,False,0.000528,0.00014889089486023059,3.9266892657505646e-05,0.0,0.0,0.0,0.0,0.0,0.0,0.0,0.0,0.11111
133,3687,A,A,A,nan,False,0.000000,0,0,1.0,1.0,1.0,1.0,0.91667,1.0,1.0,1.0,0.88889
133,3687,G,A,A,nan,False,-0.001723,6.086950083452213e-05,1.880423276733034e-05,0.0,0.0,0.0,0.0,0.083333,0.0,0.0,0.0,0.0
134,3688,-,T,T,nan,False,0.001360,0.0001522752428233664,4.202877915668321e-05,0.0,0.0,0.0,0.0,0.0,0.0,0.0,0.0,0.11111
134,3688,T,T,T,nan,False,0.000000,0,0,1.0,1.0,1.0,1.0,1.0,1.0,1.0,1.0,0.88889
135,3689,-,A,A,nan,False,0.001637,0.00015546301428627526,4.2067243858403775e-05,0.0,0.0,0.0,0.0,0.0,0.0,0.0,0.0,0.11111
135,3689,A,A,A,nan,False,0.000000,0,0,1.0,1.0,1.0,1.0,1.0,1.0,1.0,1.0,0.88889
136,3690,-,G,G,nan,False,0.001291,0.00015147829993553523,4.201962857536024e-05,0.0,0.0,0.0,0.0,0.0,0.0,0.0,0.0,0.11111
136,3690,G,G,G,nan,False,0.000000,0,0,1.0,1.0,1.0,1.0,1.0,1.0,1.0,1.0,0.88889
137,3691,-,T,T,nan,False,0.001360,0.00015227524282336631,4.202877915668334e-05,0.0,0.0,0.0,0.0,0.0,0.0,0.0,0.0,0.11111
137,3691,T,T,T,nan,False,0.000000,0,0,1.0,1.0,1.0,1.0,1.0,1.0,1.0,1.0,0.88889
138,3692,-,A,A,nan,False,0.001637,0.0001554630142862759,4.2067243858403836e-05,0.0,0.0,0.0,0.0,0.0,0.0,0.0,0.0,0.11111
138,3692,A,A,A,nan,False,0.000000,0,0,1.0,1.0,1.0,1.0,1.0,1.0,1.0,1.0,0.88889
139,3693,-,A,A,nan,False,0.001637,0.0001554630142862753,4.206724385840389e-05,0.0,0.0,0.0,0.0,0.0,0.0,0.0,0.0,0.11111
139,3693,A,A,A,nan,False,0.000000,0,0,1.0,1.0,1.0,1.0,1.0,1.0,1.0,1.0,0.88889
140,3694,-,T,T,nan,False,0.001360,0.0001522752428233664,4.202877915668329e-05,0.0,0.0,0.0,0.0,0.0,0.0,0.0,0.0,0.11111
140,3694,T,T,T,nan,False,0.000000,0,0,1.0,1.0,1.0,1.0,1.0,1.0,1.0,1.0,0.88889
141,3695,-,A,A,nan,False,0.001637,0.00015546301428627545,4.206724385840384e-05,0.0,0.0,0.0,0.0,0.0,0.0,0.0,0.0,0.11111
141,3695,A,A,A,nan,False,0.000000,0,0,1.0,1.0,1.0,1.0,1.0,1.0,1.0,1.0,0.88889
142,3696,-,T,T,nan,False,0.001360,0.00015227524282336648,4.202877915668335e-05,0.0,0.0,0.0,0.0,0.0,0.0,0.0,0.0,0.11111
142,3696,T,T,T,nan,False,0.000000,0,0,1.0,1.0,1.0,1.0,1.0,1.0,1.0,1.0,0.88889
143,3697,-,G,G,nan,False,0.001291,0.00015147829993553502,4.201962857536045e-05,0.0,0.0,0.0,0.0,0.0,0.0,0.0,0.0,0.11111
143,3697,G,G,G,nan,False,0.000000,0,0,1.0,1.0,1.0,1.0,1.0,1.0,1.0,1.0,0.88889
144,3698,-,G,G,nan,False,0.001291,0.00015147829993553556,4.201962857536052e-05,0.0,0.0,0.0,0.0,0.0,0.0,0.0,0.0,0.11111
144,3698,G,G,G,nan,False,0.000000,0,0,1.0,1.0,1.0,1.0,1.0,1.0,1.0,1.0,0.88889
145,3699,-,G,G,nan,False,0.001291,0.0001514782999355354,4.201962857536054e-05,0.0,0.0,0.0,0.0,0.0,0.0,0.0,0.0,0.11111
145,3699,G,G,G,nan,False,0.000000,0,0,1.0,1.0,1.0,1.0,1.0,1.0,1.0,1.0,0.88889
146,3700,-,G,G,nan,False,0.001291,0.00015147829993553523,4.20196285753604e-05,0.0,0.0,0.0,0.0,0.0,0.0,0.0,0.0,0.11111
146,3700,G,G,G,nan,False,0.000000,0,0,1.0,1.0,1.0,1.0,1.0,1.0,1.0,1.0,0.88889
147,3701,-,A,A,nan,False,0.001637,0.00015546301428627534,4.206724385840367e-05,0.0,0.0,0.0,0.0,0.0,0.0,0.0,0.0,0.11111
147,3701,A,A,A,nan,False,0.000000,0,0,1.0,1.0,1.0,1.0,1.0,1.0,1.0,1.0,0.88889
148,3702,-,A,A,nan,False,0.001637,0.00015546301428627577,4.206724385840392e-05,0.0,0.0,0.0,0.0,0.0,0.0,0.0,0.0,0.11111
148,3702,A,A,A,nan,False,0.000000,0,0,1.0,1.0,1.0,1.0,1.0,1.0,1.0,1.0,0.88889
149,3703,-,A,A,nan,False,0.001637,0.00015546301428627567,4.206724385840387e-05,0.0,0.0,0.0,0.0,0.0,0.0,0.0,0.0,0.11111
149,3703,A,A,A,nan,False,0.000000,0,0,1.0,1.0,1.0,1.0,1.0,1.0,1.0,1.0,0.88889
150,3704,-,G,G,nan,False,0.001291,0.0001514782999355357,4.201962857536066e-05,0.0,0.0,0.0,0.0,0.0,0.0,0.0,0.0,0.11111
150,3704,G,G,G,nan,False,0.000000,0,0,1.0,1.0,1.0,1.0,1.0,1.0,1.0,1.0,0.88889
151,3705,-,A,A,nan,False,0.001637,0.00015546301428627556,4.20672438584039e-05,0.0,0.0,0.0,0.0,0.0,0.0,0.0,0.0,0.11111
151,3705,A,A,A,nan,False,0.000000,0,0,1.0,1.0,1.0,1.0,1.0,1.0,1.0,1.0,0.88889
152,3706,-,C,C,nan,False,0.001311,0.00015170599790126677,4.202222400242191e-05,0.0,0.0,0.0,0.0,0.0,0.0,0.0,0.0,0.11111
152,3706,C,C,C,nan,False,0.000000,0,0,1.0,1.0,1.0,1.0,1.0,1.0,1.0,1.0,0.88889
153,3707,-,T,T,nan,False,0.001360,0.00015227524282336672,4.202877915668326e-05,0.0,0.0,0.0,0.0,0.0,0.0,0.0,0.0,0.11111
153,3707,T,T,T,nan,False,0.000000,0,0,1.0,1.0,1.0,1.0,1.0,1.0,1.0,1.0,0.88889
154,3708,-,C,C,nan,False,0.001311,0.00015170599790126718,4.202222400242206e-05,0.0,0.0,0.0,0.0,0.0,0.0,0.0,0.0,0.11111
154,3708,C,C,C,nan,False,0.000000,0,0,1.0,1.0,1.0,1.0,1.0,1.0,1.0,1.0,0.88889
155,3709,-,C,C,nan,False,0.001311,0.00015170599790126737,4.2022224002422167e-05,0.0,0.0,0.0,0.0,0.0,0.0,0.0,0.0,0.11111
155,3709,C,C,C,nan,False,0.000000,0,0,1.0,1.0,1.0,1.0,1.0,1.0,1.0,1.0,0.88889
156,3710,-,T,T,nan,False,0.001360,0.00015227524282336675,4.202877915668343e-05,0.0,0.0,0.0,0.0,0.0,0.0,0.0,0.0,0.11111
156,3710,T,T,T,nan,False,0.000000,0,0,1.0,1.0,1.0,1.0,1.0,1.0,1.0,1.0,0.88889
157,3711,-,A,A,nan,False,0.001637,0.00015546301428627615,4.206724385840401e-05,0.0,0.0,0.0,0.0,0.0,0.0,0.0,0.0,0.11111
157,3711,A,A,A,nan,False,0.000000,0,0,1.0,1.0,1.0,1.0,1.0,1.0,1.0,1.0,0.88889
158,3712,-,A,A,nan,False,0.001637,0.0001554630142862761,4.2067243858403796e-05,0.0,0.0,0.0,0.0,0.0,0.0,0.0,0.0,0.11111
158,3712,A,A,A,nan,False,0.000000,0,0,1.0,1.0,1.0,1.0,1.0,1.0,1.0,1.0,0.88889
159,3713,-,A,A,nan,False,0.001637,0.00015546301428627632,4.206724385840395e-05,0.0,0.0,0.0,0.0,0.0,0.0,0.0,0.0,0.11111
159,3713,A,A,A,nan,False,0.000000,0,0,1.0,1.0,1.0,1.0,1.0,1.0,1.0,1.0,0.88889
160,3714,-,T,T,nan,False,0.001360,0.00015227524282336775,4.202877915668359e-05,0.0,0.0,0.0,0.0,0.0,0.0,0.0,0.0,0.11111
160,3714,T,T,T,nan,False,0.000000,0,0,1.0,1.0,1.0,1.0,1.0,1.0,1.0,1.0,0.88889
161,3715,-,T,T,nan,False,0.001360,0.0001522752428233676,4.20287791566835e-05,0.0,0.0,0.0,0.0,0.0,0.0,0.0,0.0,0.11111
161,3715,T,T,T,nan,False,0.000000,0,0,1.0,1.0,1.0,1.0,1.0,1.0,1.0,1.0,0.88889
162,3716,-,T,T,nan,False,0.001360,0.00015227524282336753,4.2028779156683425e-05,0.0,0.0,0.0,0.0,0.0,0.0,0.0,0.0,0.11111
162,3716,T,T,T,nan,False,0.000000,0,0,1.0,1.0,1.0,1.0,1.0,1.0,1.0,1.0,0.88889
163,3717,-,A,A,nan,False,0.001637,0.00015546301428627607,4.206724385840377e-05,0.0,0.0,0.0,0.0,0.0,0.0,0.0,0.0,0.11111
163,3717,A,A,A,nan,False,0.000000,0,0,1.0,1.0,1.0,1.0,1.0,1.0,1.0,1.0,0.88889
164,3718,-,G,G,nan,False,0.001291,0.00015147829993553583,4.201962857536048e-05,0.0,0.0,0.0,0.0,0.0,0.0,0.0,0.0,0.11111
164,3718,G,G,G,nan,False,0.000000,0,0,1.0,1.0,1.0,1.0,1.0,1.0,1.0,1.0,0.88889
165,3719,-,G,A,nan,False,0.001291,0.00015147829993553613,4.201962857536074e-05,0.0,0.0,0.0,0.0,0.0,0.0,0.0,0.0,0.11111
165,3719,G,G,A,nan,False,0.000000,0,0,1.0,1.0,1.0,1.0,1.0,1.0,1.0,1.0,0.88889
166,3720,-,T,C,nan,False,0.001360,0.00015227524282336675,4.2028779156683235e-05,0.0,0.0,0.0,0.0,0.0,0.0,0.0,0.0,0.11111
166,3720,T,T,C,nan,False,0.000000,0,0,1.0,1.0,1.0,1.0,1.0,1.0,1.0,1.0,0.88889
167,3721,-,T,T,nan,False,0.001360,0.00015227524282336653,4.2028779156683364e-05,0.0,0.0,0.0,0.0,0.0,0.0,0.0,0.0,0.11111
167,3721,T,T,T,nan,False,0.000000,0,0,1.0,1.0,1.0,1.0,1.0,1.0,1.0,1.0,0.88889
168,3722,-,A,A,nan,False,0.001637,0.0001554630142862769,4.2067243858404236e-05,0.0,0.0,0.0,0.0,0.0,0.0,0.0,0.0,0.11111
168,3722,A,A,A,nan,False,0.000000,0,0,1.0,1.0,1.0,1.0,1.0,1.0,1.0,1.0,0.88889
169,3723,A,C,C,nan,False,0.001149,0.00014984063866280858,4.2009863808481514e-05,0.0,0.0,0.0,0.0,0.0,0.0,0.0,0.0,0.11111
169,3723,C,C,C,nan,False,0.000000,0,0,1.0,1.0,1.0,1.0,1.0,1.0,1.0,1.0,0.88889
170,3743,A,G,G,nan,False,-0.001624,4.554554020786019e-05,3.205168415049058e-05,0.0,0.0,0.0,0.0,0.0,0.0,0.0,0.1,0.0
170,3743,G,G,G,nan,False,0.000000,0,0,1.0,1.0,1.0,1.0,1.0,1.0,1.0,0.9,1.0
171,3752,G,G,G,nan,False,0.000000,0,0,1.0,1.0,1.0,1.0,1.0,1.0,1.0,0.9,1.0
171,3752,T,G,G,nan,False,-0.003256,5.231867024087638e-05,3.26452719136852e-05,0.0,0.0,0.0,0.0,0.0,0.0,0.0,0.1,0.0
172,3759,A,G,G,nan,False,0.000499,-2.6715880986877336e-05,1.3675551217484557e-05,0.0,0.0,0.0,0.14286,0.0,0.0,0.0,0.0,0.0
172,3759,G,G,G,nan,False,0.000000,0,0,1.0,1.0,1.0,0.85714,1.0,1.0,1.0,1.0,1.0
173,3761,C,C,C,nan,False,0.000000,0,0,1.0,1.0,1.0,1.0,1.0,1.0,1.0,1.0,0.88889
173,3761,T,C,C,nan,False,0.004432,1.3609159652733961e-05,5.750004615749444e-06,0.0,0.0,0.0,0.0,0.0,0.0,0.0,0.0,0.11111
174,3790,G,G,G,nan,False,0.000000,0,0,1.0,1.0,1.0,1.0,1.0,1.0,1.0,1.0,0.88889
174,3790,T,G,G,nan,False,0.001231,0.0001507906624461114,4.203076187546761e-05,0.0,0.0,0.0,0.0,0.0,0.0,0.0,0.0,0.11111
175,3836,C,T,G,nan,False,0.005888,6.472249443157059e-05,0.0001330352388692847,0.0,0.0,0.0,0.0,0.0,0.0,0.083333,0.3,0.22222
175,3836,T,T,G,nan,False,0.000000,0,0,1.0,1.0,1.0,1.0,1.0,1.0,0.91667,0.7,0.77778
176,3881,A,A,A,nan,False,0.000000,0,0,1.0,1.0,1.0,1.0,1.0,1.0,1.0,1.0,0.88889
176,3881,G,A,A,nan,False,0.004566,1.918668063345124e-05,5.837872023883401e-06,0.0,0.0,0.0,0.0,0.0,0.0,0.0,0.0,0.11111
177,3882,A,G,G,nan,False,-0.000345,-4.347471735317385e-05,9.699266991457016e-06,0.0,0.0,0.2,0.0,0.0,0.0,0.0,0.0,0.0
177,3882,G,G,G,nan,False,0.000000,0,0,1.0,1.0,0.8,1.0,1.0,1.0,1.0,1.0,1.0
178,3905,G,G,A,nan,False,0.000000,0,0,1.0,1.0,1.0,1.0,1.0,1.0,1.0,0.9,1.0
178,3905,T,G,A,nan,False,-0.001323,-0.00021711866285497198,7.071013239017427e-05,0.0,0.0,0.0,0.0,0.0,0.0,0.0,0.1,0.0
179,3927,A,G,G,nan,False,-0.001956,9.269626575719209e-05,3.384525871769955e-05,0.0,0.0,0.0,0.0,0.0,0.0,0.0,0.1,0.0
179,3927,G,G,G,nan,False,0.000000,0,0,1.0,1.0,1.0,1.0,1.0,1.0,1.0,0.9,1.0
180,3954,C,C,C,nan,False,0.000000,0,0,1.0,1.0,1.0,1.0,1.0,1.0,1.0,1.0,0.88889
180,3954,T,C,C,nan,False,0.006806,0.00036448978089716726,0.00010236102657253283,0.0,0.0,0.0,0.0,0.0,0.0,0.0,0.0,0.11111
181,4082,C,T,T,nan,False,0.004156,1.44637353850174e-05,5.67051920196713e-06,0.0,0.0,0.0,0.0,0.0,0.0,0.0,0.0,0.11111
181,4082,T,T,T,nan,False,0.000000,0,0,1.0,1.0,1.0,1.0,1.0,1.0,1.0,1.0,0.88889
182,4103,C,C,C,nan,False,0.000000,0,0,1.0,1.0,1.0,1.0,1.0,1.0,1.0,1.0,0.88889
182,4103,T,C,C,nan,False,0.006806,0.000364489780897165,0.00010236102657253285,0.0,0.0,0.0,0.0,0.0,0.0,0.0,0.0,0.11111
183,4129,A,G,A,nan,False,0.000741,-5.699036674183696e-05,1.9422106972709202e-05,0.0,0.0,0.2,0.14286,0.0,0.0,0.0,0.0,0.0
183,4129,G,G,A,nan,False,0.000000,0,0,1.0,1.0,0.8,0.85714,1.0,1.0,1.0,1.0,1.0
184,4133,A,G,G,nan,False,0.001565,-2.4867249308544533e-05,1.442845725240604e-05,0.0,0.0,0.0,0.0,0.083333,0.0,0.0,0.0,0.0
184,4133,G,G,G,nan,False,0.000000,0,0,1.0,1.0,1.0,1.0,0.91667,1.0,1.0,1.0,1.0
185,4194,A,G,G,nan,False,-0.001624,4.5545540207860844e-05,3.2051684150490615e-05,0.0,0.0,0.0,0.0,0.0,0.0,0.0,0.1,0.0
185,4194,G,G,G,nan,False,0.000000,0,0,1.0,1.0,1.0,1.0,1.0,1.0,1.0,0.9,1.0
186,4213,A,G,G,nan,False,-0.002983,-0.00019105511702451755,8.000235225670185e-05,0.0,0.0,0.0,0.0,0.0,0.0,0.0,0.1,0.0
186,4213,G,G,G,nan,False,0.000000,0,0,1.0,1.0,1.0,1.0,1.0,1.0,1.0,0.8,1.0
186,4213,T,G,G,nan,False,-0.003416,-4.990962994589297e-05,5.9003114691571816e-05,0.0,0.0,0.0,0.0,0.0,0.0,0.0,0.1,0.0
187,4244,A,A,A,nan,False,0.000000,0,0,1.0,1.0,1.0,1.0,1.0,1.0,1.0,0.9,1.0
187,4244,G,A,A,nan,False,-0.001099,-0.0002145519109402291,7.069938256696885e-05,0.0,0.0,0.0,0.0,0.0,0.0,0.0,0.1,0.0
188,4247,C,C,T,nan,False,0.000000,0,0,1.0,1.0,1.0,1.0,1.0,0.83333,1.0,1.0,1.0
188,4247,T,C,T,nan,False,-0.007794,-6.71752296285091e-05,5.6690823673137326e-05,0.0,0.0,0.0,0.0,0.0,0.16667,0.0,0.0,0.0
189,4310,C,T,T,nan,False,0.001040,0.00014859086445077744,4.2017433707108226e-05,0.0,0.0,0.0,0.0,0.0,0.0,0.0,0.0,0.11111
189,4310,T,T,T,nan,False,0.000000,0,0,1.0,1.0,1.0,1.0,1.0,1.0,1.0,1.0,0.88889
190,4319,C,C,C,nan,False,0.000000,0,0,1.0,1.0,1.0,1.0,1.0,1.0,0.91667,1.0,1.0
190,4319,T,C,C,nan,False,-0.000965,-1.0115084343853713e-05,4.24008041984364e-05,0.0,0.0,0.0,0.0,0.0,0.0,0.083333,0.0,0.0
191,4337,A,A,A,nan,False,0.000000,0,0,1.0,1.0,1.0,1.0,1.0,0.83333,1.0,1.0,1.0
191,4337,C,A,A,nan,False,0.008337,-1.2217766290652504e-05,5.7108614503576126e-05,0.0,0.0,0.0,0.0,0.0,0.16667,0.0,0.0,0.0
192,4363,-,A,T,nan,False,0.000389,-4.2610448581049964e-05,1.4464677124298483e-05,0.0,0.0,0.0,0.0,0.083333,0.0,0.0,0.0,0.0
192,4363,A,A,T,nan,False,0.000000,0,0,1.0,1.0,1.0,1.0,0.91667,1.0,1.0,1.0,1.0
193,4431,C,T,T,nan,False,0.002618,0.0002963951796785538,6.075120600669075e-05,0.0,0.0,0.0,0.0,0.0,0.0,0.0,0.1,0.11111
193,4431,T,T,T,nan,False,0.000000,0,0,1.0,1.0,1.0,1.0,1.0,1.0,1.0,0.9,0.88889
194,4438,A,G,G,nan,False,-0.001624,4.5545540207860614e-05,3.20516841504906e-05,0.0,0.0,0.0,0.0,0.0,0.0,0.0,0.1,0.0
194,4438,G,G,G,nan,False,0.000000,0,0,1.0,1.0,1.0,1.0,1.0,1.0,1.0,0.9,1.0
195,4442,A,A,A,nan,False,0.000000,0,0,1.0,1.0,1.0,1.0,0.83333,0.83333,0.91667,1.0,0.77778
195,4442,G,A,A,nan,False,0.013447,0.000372085455957295,4.0113719068638746e-05,0.0,0.0,0.0,0.0,0.16667,0.16667,0.083333,0.0,0.22222
196,4490,-,G,G,nan,False,-0.001115,5.141625066926543e-05,3.2598666258205286e-05,0.0,0.0,0.0,0.0,0.0,0.0,0.0,0.1,0.0
196,4490,G,G,G,nan,False,0.000000,0,0,1.0,1.0,1.0,1.0,1.0,1.0,1.0,0.9,1.0
197,4496,C,C,C,nan,False,0.000000,0,0,1.0,1.0,1.0,1.0,1.0,0.83333,0.91667,0.7,0.66667
197,4496,T,C,C,nan,False,0.020992,0.000430243175758983,7.46563448026192e-05,0.0,0.0,0.0,0.0,0.0,0.16667,0.083333,0.3,0.33333
198,4505,A,A,A,nan,False,0.000000,0,0,1.0,1.0,1.0,1.0,1.0,1.0,1.0,1.0,0.88889
198,4505,G,A,A,nan,False,0.001451,0.0001533138096810772,4.207476227070394e-05,0.0,0.0,0.0,0.0,0.0,0.0,0.0,0.0,0.11111
199,4539,C,T,T,nan,False,-0.001721,1.0661260343479337e-05,4.278958038788102e-05,0.0,0.0,0.0,0.0,0.0,0.0,0.083333,0.0,0.0
199,4539,T,T,T,nan,False,0.000000,0,0,1.0,1.0,1.0,1.0,1.0,1.0,0.91667,1.0,1.0
200,4559,C,C,C,nan,False,0.000000,0,0,1.0,1.0,1.0,1.0,1.0,1.0,1.0,1.0,0.88889
200,4559,T,C,C,nan,False,0.006806,0.00036448978089716736,0.00010236102657253508,0.0,0.0,0.0,0.0,0.0,0.0,0.0,0.0,0.11111
201,4571,G,T,T,nan,False,0.001282,-2.1028097594646614e-05,1.3198135680928455e-05,0.0,0.0,0.0,0.14286,0.0,0.0,0.0,0.0,0.0
201,4571,T,T,T,nan,False,0.000000,0,0,1.0,1.0,1.0,0.85714,1.0,1.0,1.0,1.0,1.0
202,4619,C,T,T,nan,False,0.015318,0.00037508932269779253,0.00010495490403099565,0.0,0.0,0.0,0.0,0.0,0.0,0.0,0.0,0.11111
202,4619,T,T,T,nan,False,0.000000,0,0,1.0,1.0,1.0,1.0,1.0,1.0,1.0,1.0,0.88889
203,4623,G,T,T,nan,False,-0.020586,-0.00023567895225667067,6.560088675000972e-05,0.125,0.0,0.0,0.0,0.0,0.0,0.0,0.0,0.0
203,4623,T,T,T,nan,False,0.000000,0,0,0.875,1.0,1.0,1.0,1.0,1.0,1.0,1.0,1.0
204,4631,A,T,T,nan,False,0.000156,-3.7712564583908075e-05,9.351492851306403e-06,0.0,0.0,0.2,0.0,0.0,0.0,0.0,0.0,0.0
204,4631,T,T,T,nan,False,0.000000,0,0,1.0,1.0,0.8,1.0,1.0,1.0,1.0,1.0,1.0
205,4651,-,T,T,nan,False,-0.000014,-1.6630949536333972e-05,1.304189957131136e-05,0.0,0.0,0.0,0.14286,0.0,0.0,0.0,0.0,0.0
205,4651,T,T,T,nan,False,0.000000,0,0,1.0,1.0,1.0,0.85714,1.0,1.0,1.0,1.0,1.0
206,4652,-,T,T,nan,False,-0.000014,-1.6630949536333826e-05,1.3041899571311341e-05,0.0,0.0,0.0,0.14286,0.0,0.0,0.0,0.0,0.0
206,4652,T,T,T,nan,False,0.000000,0,0,1.0,1.0,1.0,0.85714,1.0,1.0,1.0,1.0,1.0
207,4653,-,C,C,nan,False,-0.000064,-1.7202008980557616e-05,1.3087820459608644e-05,0.0,0.0,0.0,0.14286,0.0,0.0,0.0,0.0,0.0
207,4653,C,C,C,nan,False,0.000000,0,0,1.0,1.0,1.0,0.85714,1.0,1.0,1.0,1.0,1.0
208,4654,-,C,C,nan,False,-0.000064,-1.7202008980557653e-05,1.308782045960857e-05,0.0,0.0,0.0,0.14286,0.0,0.0,0.0,0.0,0.0
208,4654,C,C,C,nan,False,0.000000,0,0,1.0,1.0,1.0,0.85714,1.0,1.0,1.0,1.0,1.0
209,4655,-,C,C,nan,False,-0.000064,-1.720200898055753e-05,1.308782045960857e-05,0.0,0.0,0.0,0.14286,0.0,0.0,0.0,0.0,0.0
209,4655,C,C,C,nan,False,0.000000,0,0,1.0,1.0,1.0,0.85714,1.0,1.0,1.0,1.0,1.0
210,4656,-,T,T,nan,False,-0.000014,-1.6630949536333823e-05,1.3041899571311292e-05,0.0,0.0,0.0,0.14286,0.0,0.0,0.0,0.0,0.0
210,4656,T,T,T,nan,False,0.000000,0,0,1.0,1.0,1.0,0.85714,1.0,1.0,1.0,1.0,1.0
211,4657,-,A,A,nan,False,0.000263,-1.3433016652647782e-05,1.2787517706650281e-05,0.0,0.0,0.0,0.14286,0.0,0.0,0.0,0.0,0.0
211,4657,A,A,A,nan,False,0.000000,0,0,1.0,1.0,1.0,0.85714,1.0,1.0,1.0,1.0,1.0
212,4658,-,C,C,nan,False,-0.000064,-1.720200898055761e-05,1.3087820459608622e-05,0.0,0.0,0.0,0.14286,0.0,0.0,0.0,0.0,0.0
212,4658,C,C,C,nan,False,0.000000,0,0,1.0,1.0,1.0,0.85714,1.0,1.0,1.0,1.0,1.0
213,4659,-,A,A,nan,False,0.000263,-1.3433016652647983e-05,1.2787517706650346e-05,0.0,0.0,0.0,0.14286,0.0,0.0,0.0,0.0,0.0
213,4659,A,A,A,nan,False,0.000000,0,0,1.0,1.0,1.0,0.85714,1.0,1.0,1.0,1.0,1.0
214,4660,-,A,A,nan,False,0.000263,-1.3433016652647868e-05,1.2787517706650278e-05,0.0,0.0,0.0,0.14286,0.0,0.0,0.0,0.0,0.0
214,4660,A,A,A,nan,False,0.000000,0,0,1.0,1.0,1.0,0.85714,1.0,1.0,1.0,1.0,1.0
215,4661,-,T,T,nan,False,-0.000014,-1.6630949536333728e-05,1.3041899571311297e-05,0.0,0.0,0.0,0.14286,0.0,0.0,0.0,0.0,0.0
215,4661,T,T,T,nan,False,0.000000,0,0,1.0,1.0,1.0,0.85714,1.0,1.0,1.0,1.0,1.0
216,4662,-,C,C,nan,False,-0.000064,-1.720200898055745e-05,1.3087820459608592e-05,0.0,0.0,0.0,0.14286,0.0,0.0,0.0,0.0,0.0
216,4662,C,C,C,nan,False,0.000000,0,0,1.0,1.0,1.0,0.85714,1.0,1.0,1.0,1.0,1.0
217,4663,-,C,C,nan,False,-0.000064,-1.7202008980557406e-05,1.3087820459608575e-05,0.0,0.0,0.0,0.14286,0.0,0.0,0.0,0.0,0.0
217,4663,C,C,C,nan,False,0.000000,0,0,1.0,1.0,1.0,0.85714,1.0,1.0,1.0,1.0,1.0
218,4664,-,C,C,nan,False,-0.000064,-1.720200898055749e-05,1.3087820459608471e-05,0.0,0.0,0.0,0.14286,0.0,0.0,0.0,0.0,0.0
218,4664,C,C,C,nan,False,0.000000,0,0,1.0,1.0,1.0,0.85714,1.0,1.0,1.0,1.0,1.0
219,4665,-,C,C,nan,False,-0.000064,-1.7202008980557436e-05,1.3087820459608568e-05,0.0,0.0,0.0,0.14286,0.0,0.0,0.0,0.0,0.0
219,4665,C,C,C,nan,False,0.000000,0,0,1.0,1.0,1.0,0.85714,1.0,1.0,1.0,1.0,1.0
220,4666,-,A,A,nan,False,0.000263,-1.3433016652647668e-05,1.2787517706650247e-05,0.0,0.0,0.0,0.14286,0.0,0.0,0.0,0.0,0.0
220,4666,A,A,A,nan,False,0.000000,0,0,1.0,1.0,1.0,0.85714,1.0,1.0,1.0,1.0,1.0
221,4667,-,A,A,nan,False,0.000263,-1.343301665264765e-05,1.2787517706650298e-05,0.0,0.0,0.0,0.14286,0.0,0.0,0.0,0.0,0.0
221,4667,A,A,A,nan,False,0.000000,0,0,1.0,1.0,1.0,0.85714,1.0,1.0,1.0,1.0,1.0
222,4668,-,A,A,nan,False,0.000263,-1.343301665264774e-05,1.2787517706650302e-05,0.0,0.0,0.0,0.14286,0.0,0.0,0.0,0.0,0.0
222,4668,A,A,A,nan,False,0.000000,0,0,1.0,1.0,1.0,0.85714,1.0,1.0,1.0,1.0,1.0
223,4669,-,G,G,nan,False,-0.000084,-1.7430432753563203e-05,1.310622983516189e-05,0.0,0.0,0.0,0.14286,0.0,0.0,0.0,0.0,0.0
223,4669,G,G,G,nan,False,0.000000,0,0,1.0,1.0,1.0,0.85714,1.0,1.0,1.0,1.0,1.0
224,4670,-,T,T,nan,False,-0.000014,-1.6630949536333792e-05,1.3041899571311299e-05,0.0,0.0,0.0,0.14286,0.0,0.0,0.0,0.0,0.0
224,4670,T,T,T,nan,False,0.000000,0,0,1.0,1.0,1.0,0.85714,1.0,1.0,1.0,1.0,1.0
225,4671,-,C,C,nan,False,-0.000064,-1.720200898055772e-05,1.3087820459608503e-05,0.0,0.0,0.0,0.14286,0.0,0.0,0.0,0.0,0.0
225,4671,C,C,C,nan,False,0.000000,0,0,1.0,1.0,1.0,0.85714,1.0,1.0,1.0,1.0,1.0
226,4672,-,A,A,nan,False,0.000263,-1.3433016652647806e-05,1.2787517706650244e-05,0.0,0.0,0.0,0.14286,0.0,0.0,0.0,0.0,0.0
226,4672,A,A,A,nan,False,0.000000,0,0,1.0,1.0,1.0,0.85714,1.0,1.0,1.0,1.0,1.0
227,4673,-,G,G,nan,False,-0.000084,-1.7430432753563315e-05,1.3106229835161902e-05,0.0,0.0,0.0,0.14286,0.0,0.0,0.0,0.0,0.0
227,4673,G,G,G,nan,False,0.000000,0,0,1.0,1.0,1.0,0.85714,1.0,1.0,1.0,1.0,1.0
228,4674,-,G,G,nan,False,-0.000084,-1.7430432753563396e-05,1.3106229835161875e-05,0.0,0.0,0.0,0.14286,0.0,0.0,0.0,0.0,0.0
228,4674,G,G,G,nan,False,0.000000,0,0,1.0,1.0,1.0,0.85714,1.0,1.0,1.0,1.0,1.0
229,4675,-,G,G,nan,False,-0.000084,-1.7430432753563372e-05,1.3106229835161832e-05,0.0,0.0,0.0,0.14286,0.0,0.0,0.0,0.0,0.0
229,4675,G,G,G,nan,False,0.000000,0,0,1.0,1.0,1.0,0.85714,1.0,1.0,1.0,1.0,1.0
230,4676,-,A,A,nan,False,0.000263,-1.343301665264765e-05,1.2787517706650268e-05,0.0,0.0,0.0,0.14286,0.0,0.0,0.0,0.0,0.0
230,4676,A,A,A,nan,False,0.000000,0,0,1.0,1.0,1.0,0.85714,1.0,1.0,1.0,1.0,1.0
231,4677,-,G,G,nan,False,-0.000084,-1.7430432753563254e-05,1.3106229835161927e-05,0.0,0.0,0.0,0.14286,0.0,0.0,0.0,0.0,0.0
231,4677,G,G,G,nan,False,0.000000,0,0,1.0,1.0,1.0,0.85714,1.0,1.0,1.0,1.0,1.0
232,4678,-,T,T,nan,False,-0.000014,-1.6630949536333708e-05,1.3041899571311382e-05,0.0,0.0,0.0,0.14286,0.0,0.0,0.0,0.0,0.0
232,4678,T,T,T,nan,False,0.000000,0,0,1.0,1.0,1.0,0.85714,1.0,1.0,1.0,1.0,1.0
233,4679,-,A,A,nan,False,0.000263,-1.3433016652647677e-05,1.2787517706650307e-05,0.0,0.0,0.0,0.14286,0.0,0.0,0.0,0.0,0.0
233,4679,A,A,A,nan,False,0.000000,0,0,1.0,1.0,1.0,0.85714,1.0,1.0,1.0,1.0,1.0
234,4680,-,G,G,nan,False,-0.000084,-1.743043275356343e-05,1.3106229835161837e-05,0.0,0.0,0.0,0.14286,0.0,0.0,0.0,0.0,0.0
234,4680,G,G,G,nan,False,0.000000,0,0,1.0,1.0,1.0,0.85714,1.0,1.0,1.0,1.0,1.0
235,4681,-,T,T,nan,False,-0.000014,-1.6630949536333792e-05,1.3041899571311304e-05,0.0,0.0,0.0,0.14286,0.0,0.0,0.0,0.0,0.0
235,4681,T,T,T,nan,False,0.000000,0,0,1.0,1.0,1.0,0.85714,1.0,1.0,1.0,1.0,1.0
236,4682,-,A,A,nan,False,0.000263,-1.3433016652647895e-05,1.2787517706650256e-05,0.0,0.0,0.0,0.14286,0.0,0.0,0.0,0.0,0.0
236,4682,A,A,A,nan,False,0.000000,0,0,1.0,1.0,1.0,0.85714,1.0,1.0,1.0,1.0,1.0
237,4683,-,G,G,nan,False,-0.000084,-1.7430432753563484e-05,1.3106229835161826e-05,0.0,0.0,0.0,0.14286,0.0,0.0,0.0,0.0,0.0
237,4683,G,G,G,nan,False,0.000000,0,0,1.0,1.0,1.0,0.85714,1.0,1.0,1.0,1.0,1.0
238,4684,-,A,A,nan,False,0.000263,-1.3433016652647867e-05,1.2787517706650276e-05,0.0,0.0,0.0,0.14286,0.0,0.0,0.0,0.0,0.0
238,4684,A,A,A,nan,False,0.000000,0,0,1.0,1.0,1.0,0.85714,1.0,1.0,1.0,1.0,1.0
239,4685,-,G,A,nan,False,-0.000084,-1.7430432753563423e-05,1.3106229835161875e-05,0.0,0.0,0.0,0.14286,0.0,0.0,0.0,0.0,0.0
239,4685,G,G,A,nan,False,0.000000,0,0,1.0,1.0,1.0,0.85714,1.0,1.0,1.0,1.0,1.0
240,4686,-,T,T,nan,False,-0.000014,-1.6630949536334002e-05,1.304189957131123e-05,0.0,0.0,0.0,0.14286,0.0,0.0,0.0,0.0,0.0
240,4686,T,T,T,nan,False,0.000000,0,0,1.0,1.0,1.0,0.85714,1.0,1.0,1.0,1.0,1.0
241,4687,-,C,C,nan,False,-0.000064,-1.7202008980557616e-05,1.3087820459608612e-05,0.0,0.0,0.0,0.14286,0.0,0.0,0.0,0.0,0.0
241,4687,C,C,C,nan,False,0.000000,0,0,1.0,1.0,1.0,0.85714,1.0,1.0,1.0,1.0,1.0
242,4688,-,C,C,nan,False,-0.000064,-1.720200898055752e-05,1.3087820459608553e-05,0.0,0.0,0.0,0.14286,0.0,0.0,0.0,0.0,0.0
242,4688,C,C,C,nan,False,0.000000,0,0,1.0,1.0,1.0,0.85714,1.0,1.0,1.0,1.0,1.0
243,4689,-,A,A,nan,False,0.000263,-1.3433016652647867e-05,1.2787517706650264e-05,0.0,0.0,0.0,0.14286,0.0,0.0,0.0,0.0,0.0
243,4689,A,A,A,nan,False,0.000000,0,0,1.0,1.0,1.0,0.85714,1.0,1.0,1.0,1.0,1.0
244,4690,-,T,T,nan,False,-0.000014,-1.663094953633386e-05,1.3041899571311365e-05,0.0,0.0,0.0,0.14286,0.0,0.0,0.0,0.0,0.0
244,4690,T,T,T,nan,False,0.000000,0,0,1.0,1.0,1.0,0.85714,1.0,1.0,1.0,1.0,1.0
245,4691,-,G,G,nan,False,-0.000084,-1.7430432753563406e-05,1.3106229835161868e-05,0.0,0.0,0.0,0.14286,0.0,0.0,0.0,0.0,0.0
245,4691,G,G,G,nan,False,0.000000,0,0,1.0,1.0,1.0,0.85714,1.0,1.0,1.0,1.0,1.0
246,4692,A,A,A,nan,False,0.000000,0,0,1.0,1.0,1.0,0.85714,1.0,1.0,1.0,1.0,1.0
246,4692,T,A,A,nan,False,0.000245,-1.3651133385471696e-05,1.2809355478251919e-05,0.0,0.0,0.0,0.14286,0.0,0.0,0.0,0.0,0.0
247,4703,A,A,A,nan,False,0.000000,0,0,1.0,1.0,1.0,1.0,1.0,1.0,1.0,1.0,0.88889
247,4703,G,A,A,nan,False,0.004566,1.918668063345119e-05,5.837872023883406e-06,0.0,0.0,0.0,0.0,0.0,0.0,0.0,0.0,0.11111
248,4706,A,G,G,nan,False,-0.000696,-1.64793307487067e-05,8.01688074181217e-06,0.0,0.14286,0.0,0.0,0.0,0.0,0.0,0.0,0.0
248,4706,G,G,G,nan,False,0.000000,0,0,1.0,0.85714,1.0,1.0,1.0,1.0,1.0,1.0,1.0
249,4766,A,A,A,nan,False,0.000000,0,0,1.0,1.0,1.0,1.0,1.0,1.0,0.41667,0.7,0.44444
249,4766,G,A,A,nan,False,0.011728,0.001028792712990804,0.00017757985107463598,0.0,0.0,0.0,0.0,0.0,0.0,0.58333,0.3,0.55556
250,4782,C,T,T,nan,False,-0.015628,-2.7047628867801346e-05,4.345285079072895e-05,0.0,0.0,0.0,0.0,0.0,0.0,0.083333,0.0,0.0
250,4782,T,T,T,nan,False,0.000000,0,0,1.0,1.0,1.0,1.0,1.0,1.0,0.91667,1.0,1.0
251,4811,C,C,C,nan,False,0.000000,0,0,1.0,1.0,1.0,1.0,1.0,1.0,1.0,0.6,0.88889
251,4811,T,C,C,nan,False,0.000821,0.0002690683875982191,0.00013091156867837983,0.0,0.0,0.0,0.0,0.0,0.0,0.0,0.4,0.11111
252,4823,A,G,A,nan,False,-0.000826,6.086443609386501e-06,4.304197747900051e-06,0.0,0.0,0.0,0.0,0.0,0.0,0.0,0.0,0.11111
252,4823,G,G,A,nan,False,0.000000,0,0,1.0,1.0,1.0,1.0,1.0,1.0,1.0,1.0,0.88889
253,4848,G,G,G,nan,False,0.000000,0,0,1.0,1.0,1.0,1.0,1.0,1.0,1.0,0.9,1.0
253,4848,T,G,G,nan,False,-0.001497,9.798579000161827e-05,3.438063827001568e-05,0.0,0.0,0.0,0.0,0.0,0.0,0.0,0.1,0.0
254,4955,C,C,C,nan,False,0.000000,0,0,1.0,1.0,1.0,1.0,0.91667,1.0,1.0,1.0,1.0
254,4955,T,C,C,nan,False,0.001720,-2.3083962997925525e-05,1.4278119679652835e-05,0.0,0.0,0.0,0.0,0.083333,0.0,0.0,0.0,0.0
255,4957,-,G,G,nan,False,0.003848,0.00010795244861885533,3.52526951699103e-05,0.0,0.0,0.0,0.0,0.0,0.0,0.0,0.1,0.0
255,4957,G,G,G,nan,False,0.000000,0,0,1.0,1.0,1.0,1.0,1.0,1.0,1.0,0.9,1.0
256,4979,A,A,A,nan,False,0.000000,0,0,1.0,1.0,1.0,1.0,1.0,1.0,1.0,1.0,0.88889
256,4979,G,A,A,nan,False,0.007333,0.00037055404158820374,0.00010241347583004722,0.0,0.0,0.0,0.0,0.0,0.0,0.0,0.0,0.11111
257,5002,A,A,A,nan,False,0.000000,0,0,1.0,1.0,1.0,1.0,1.0,1.0,1.0,1.0,0.88889
257,5002,G,A,A,nan,False,0.009158,3.340281967529416e-05,9.481420028097164e-06,0.0,0.0,0.0,0.0,0.0,0.0,0.0,0.0,0.11111
258,5018,A,G,G,RKAKIIKDY,False,-0.003385,0.00010348524062938646,3.469653195096726e-05,0.0,0.0,0.0,0.0,0.0,0.0,0.0,0.1,0.0
258,5018,G,G,G,RKAKIIKDY,False,0.000000,0,0,1.0,1.0,1.0,1.0,1.0,1.0,1.0,0.9,1.0
259,5023,C,C,C,RKAKIIKDY,False,0.000000,0,0,1.0,1.0,1.0,1.0,1.0,1.0,1.0,1.0,0.55556
259,5023,T,C,C,RKAKIIKDY,True,0.019379,0.00010348524062938646,time varying,0.0,0.0,0.0,0.0,0.0,0.0,0.0,0.0,0.44444
260,5040,-,T,T,RKAKIIKDY,False,0.017688,0.0001298524127969535,3.7356786811623314e-05,0.0,0.0,0.0,0.0,0.0,0.0,0.0,0.1,0.0
260,5040,T,T,T,RKAKIIKDY,False,0.000000,0,0,1.0,1.0,1.0,1.0,1.0,1.0,1.0,0.9,1.0
