polymorphic_index,HXB2_index,nucleotide,TF,consensus,epitope,escape,sc_c,sc_tv,sc_sigma,f_at_0,f_at_16,f_at_45,f_at_111,f_at_181,f_at_283,f_at_412,f_at_552,sc_at_0,sc_at_16,sc_at_45,sc_at_111,sc_at_181,sc_at_283,sc_at_412,sc_at_552
18,5404,G,A,A,AIRKAILGR,True,-0.004503,-0.00010061874302329386,5.3604034471737934e-05,0.0,0.0,0.0,0.0,0.0,0.81818,0.75,0.41667,-0.000026,-0.000027,-0.000030,-0.000032,-0.000034,-0.000035,-0.000037,-0.000038
19,5405,C,A,A,AIRKAILGR,True,0.000792,0.0005512598126264118,0.00014688621962307934,0.0,0.0,0.0,0.0,0.57143,0.0,0.0,0.0,0.000557,0.000588,0.000646,0.000690,0.000734,0.000778,0.000776,0.000748
20,5410,C,A,A,AIRKAILGR,True,0.011371,-0.00012404390844315103,0.0002978885360127129,0.0,0.0,0.0,0.11111,0.0,0.0,0.0,0.16667,-0.000327,-0.000345,-0.000379,-0.000416,-0.000460,-0.000498,-0.000503,-0.000483
21,5413,G,T,T,AIRKAILGR,True,0.002124,0.00030682837508605855,7.129247149965421e-05,0.0,0.0,0.0,0.0,0.14286,0.0,0.0,0.0,0.000275,0.000291,0.000319,0.000341,0.000363,0.000385,0.000394,0.000395
 , , , , AIRKAILGR, , , 0.03006724, , ,0.0,0.0,0.0,0.111111,0.714286,0.818182,0.75,0.416667,0.043616,0.046138,0.050836,0.051577,0.050776,0.051519,0.047150,0.040134
257,8745,T,C,C,RACRAILHI,True,0.004907,0.00012489816592146783,8.265905417564288e-05,0.0,0.0,0.0,0.11111,0.0,0.0,0.083333,0.0,0.000042,0.000044,0.000049,0.000041,0.000026,0.000009,0.000006,0.000013
258,8746,G,T,T,RACRAILHI,True,-0.012055,0.00030649152043130335,7.408874956429628e-05,0.0,0.0,0.0,0.0,0.0,0.0,0.16667,0.0,0.000198,0.000209,0.000230,0.000246,0.000262,0.000278,0.000291,0.000304
259,8752,C,T,T,RACRAILHI,True,0.010187,-0.00010322248019392281,4.208877672379904e-05,0.0,0.0,0.0,0.0,0.0,0.090909,0.0,0.0,-0.000043,-0.000046,-0.000050,-0.000053,-0.000056,-0.000059,-0.000061,-0.000063
 , , , , RACRAILHI, , , 0.01388921, , ,0.0,0.0,0.0,0.111111,0.0,0.090909,0.166667,0.0,-0.008523,-0.008972,-0.009623,-0.012911,-0.017947,-0.023269,-0.024796,-0.023770
286,9359,A,G,G,SSLAFRHVAR,True,0.012080,-0.0004576980041106295,0.00025461438868206517,0.0,0.0,0.14286,0.11111,0.0,0.72727,0.41667,0.25,0.000010,0.000011,-0.000037,-0.000090,-0.000140,-0.000190,-0.000227,-0.000260
287,9360,A,C,C,SSLAFRHVAR,True,0.001572,-0.0003127959921238752,8.396550061098694e-05,0.0,0.11111,0.0,0.0,0.0,0.0,0.0,0.0,-0.000388,-0.000420,-0.000436,-0.000425,-0.000415,-0.000404,-0.000395,-0.000386
287,9360,G,C,C,SSLAFRHVAR,True,-0.015822,-0.0004121667740572469,0.0001164844574803219,0.125,0.0,0.0,0.0,0.0,0.0,0.0,0.0,-0.000563,-0.000582,-0.000577,-0.000563,-0.000548,-0.000533,-0.000520,-0.000508
288,9371,A,G,A,SSLAFRHVAR,True,0.000188,-0.0008090264512736877,0.00018323761696365252,0.25,0.33333,0.0,0.44444,0.0,0.0,0.0,0.0,-0.000854,-0.000920,-0.000908,-0.000878,-0.000905,-0.000983,-0.001028,-0.001045
290,9377,A,T,T,SSLAFRHVAR,True,-0.018390,-0.0003490302088278873,9.905809031714646e-05,0.125,0.0,0.0,0.0,0.0,0.0,0.0,0.0,-0.000496,-0.000501,-0.000485,-0.000473,-0.000461,-0.000448,-0.000438,-0.000428
291,9383,A,G,G,SSLAFRHVAR,True,0.000332,0.001984088423245854,0.0002533696423739912,0.25,0.0,0.78571,0.44444,1.0,0.27273,0.58333,0.75,0.001799,0.001953,0.002013,0.001995,0.002037,0.002133,0.002188,0.002211
 , , , , SSLAFRHVAR, , , -0.009853399, , ,0.75,0.444444,0.928571,1.0,1.0,1.0,1.0,1.0,-0.001510,0.013469,0.025948,0.025684,0.027148,0.028797,0.029967,0.031038
